week,size_full_block,size_without_witness,size_witness
2018-02-12,1.0120976985559567,0.9288979539711192,0.08319974458483757
2015-02-16,0.38123868073394496,0.38123868073394496,0
2012-04-30,0.03267646080139373,0.03267646080139373,0
2019-06-03,1.1665024946025515,0.8547994730127576,0.31170302158979385
2017-08-14,0.9669095093046033,0.9669095093046033,0
2017-01-23,0.9179762648148148,0.9179762648148148,0
2024-04-22,1.5516754054316197,0.8088896847720659,0.7427857206595538
2013-05-20,0.15885186811201446,0.15885186811201446,0
2017-07-03,0.8742655765258216,0.8742655765258216,0
2021-01-18,1.29840947,0.888265147,0.410144323
2013-01-28,0.15087811345646437,0.15087811345646437,0
2020-01-06,0.9909433709226468,0.7017738956197577,0.2891694753028891
2018-09-03,0.8369511209439529,0.653989063913471,0.18296205703048188
2012-03-05,0.020381558073654393,0.020381558073654393,0
2014-05-26,0.24111066056724612,0.24111066056724612,0
2014-03-31,0.19931641449960597,0.19931641449960597,0
2023-12-18,1.7136842857142858,0.7505241866071429,0.9631600991071427
2012-04-23,0.024135893241919688,0.024135893241919688,0
2019-12-23,0.9319578468379447,0.6602476976284585,0.2717101492094862
2020-02-24,1.0460284760076775,0.7298980230326295,0.316130452975048
2017-05-08,0.9662420767824498,0.9662420767824498,0
2024-02-12,1.9214723931034483,0.6894627921182267,1.2320096009852215
2022-01-24,1.1506278656126483,0.649399078063241,0.5012287875494071
2018-12-24,0.8817386010685663,0.6954451531611754,0.18629344790739089
2021-10-11,1.206952824509804,0.6856011058823529,0.521351718627451
2021-06-14,1.2431572032902467,0.7856364923619271,0.4575207109283195
2017-12-11,1.0534109721995093,0.9712580588716272,0.08215291332788219
2016-01-11,0.7008112895752896,0.7008112895752896,0
2022-08-29,1.1596681480420248,0.6307310085959885,0.5289371394460363
2016-05-02,0.6918326018018018,0.6918326018018018,0
2021-03-15,1.336668649089166,0.8773269568552252,0.4593416922339407
2022-10-24,1.2239162710659897,0.6622303746192894,0.5616858964467004
2012-04-16,0.026240339215686276,0.026240339215686276,0
2019-05-27,1.230666587406015,0.8891244821428571,0.34154210526315787
2020-02-17,1.0651589214145383,0.7433297868369352,0.3218291345776031
2017-08-21,0.9757581078787879,0.9753013951515151,0.00045671272727276665
2023-11-06,1.6595585384615386,0.7767741207400195,0.882784417721519
2017-04-24,0.9725887965116279,0.9725887965116279,0
2024-09-16,1.687455916929548,0.764570189274448,0.9228857276550999
2016-04-25,0.8031438601398602,0.8031438601398602,0
2019-04-15,1.215385037181996,0.9056698189823874,0.3097152181996086
2018-09-10,0.8293902362911266,0.6442327447657029,0.1851574915254237
2024-08-12,1.6179124770731708,0.7854577229268292,0.8324547541463415
2018-04-02,0.6230192942779291,0.5235455113533152,0.09947378292461398
2016-04-18,0.7373898910696761,0.7373898910696761,0
2024-06-03,1.501514311637081,0.822893026627219,0.6786212850098621
2023-11-13,1.66484073046875,0.7698063759765625,0.8950343544921875
2015-09-21,0.47500535625596946,0.47500535625596946,0
2015-06-01,0.41834479514563105,0.41834479514563105,0
2016-06-13,0.8899596818181817,0.8899596818181817,0
2013-10-21,0.1346213427419355,0.1346213427419355,0
2016-05-09,0.7543901332046332,0.7543901332046332,0
2013-07-01,0.09391118965517242,0.09391118965517242,0
2022-12-26,1.1402431418786694,0.6078584980430528,0.5323846438356166
2013-01-21,0.15521505588822354,0.15521505588822354,0
2017-03-20,0.9073719037735849,0.9073719037735849,0
2023-04-03,1.9149444449853943,0.6916250019474197,1.2233194430379746
2016-12-12,0.8694781444007859,0.8694781444007859,0
2021-08-23,0.9763654527272727,0.5727882545454546,0.40357719818181825
2024-09-30,1.62883465523633,0.7833746626506024,0.8454599925857275
2011-12-26,0.0170729477124183,0.0170729477124183,0
2012-12-03,0.11394292425905599,0.11394292425905599,0
2015-11-02,0.6535032411483254,0.6535032411483254,0
2022-08-22,1.0509857635869566,0.5668839492753623,0.4841018143115942
2014-02-03,0.2098209872665535,0.2098209872665535,0
2020-03-02,1.0486089491833033,0.7421620471869329,0.3064469019963703
2024-01-01,1.7599997633663367,0.7412790772277227,1.018720686138614
2019-11-11,1.0790297057142857,0.804874820952381,0.2741548847619046
2020-10-12,1.1700967449856734,0.8059595912129895,0.3641371537726838
2022-05-16,1.321892625,0.7248558319327731,0.5970367930672269
2016-09-26,0.7737202426260704,0.7737202426260704,0
2023-06-05,1.7381129990601505,0.7506065291353384,0.9875064699248121
2018-10-22,0.9693668926380369,0.7389458159509202,0.23042107668711664
2019-09-23,1.044598403902439,0.7405103053658537,0.30408809853658536
2013-03-18,0.12243888483146068,0.12243888483146068,0
2020-04-13,1.081453949044586,0.7271786323930846,0.35427531665150136
2021-02-01,1.3121156153846154,0.8855404681050656,0.42657514727954987
2023-07-24,1.6721298742574258,0.7699266772277228,0.902203197029703
2017-03-13,0.9622183498134328,0.9622183498134328,0
2013-10-14,0.12140996602265157,0.12140996602265157,0
2017-10-23,0.957040052581262,0.8953405697896749,0.06169948279158701
2021-08-16,1.0569202043010753,0.6463743369175627,0.41054586738351256
2013-12-09,0.17810166827309237,0.17810166827309237,0
2018-07-16,0.7926127566089335,0.6422435542388332,0.15036920237010032
2019-09-16,1.0197916693548386,0.7159222132616487,0.3038694560931899
2019-02-11,1.0865184356929214,0.8051325663010966,0.2813858693918246
2019-02-04,0.9825749096774193,0.748494199078341,0.23408071059907834
2014-04-14,0.21700844583333334,0.21700844583333334,0
2017-01-16,0.7773936343096234,0.7773936343096234,0
2012-08-13,0.11714327412082957,0.11714327412082957,0
2020-09-28,1.2828076693467336,0.8654728120603016,0.41733485728643216
2022-07-11,1.245896111713666,0.662560352494577,0.583335759219089
2022-09-05,1.1824292009478672,0.6346104075829384,0.5478187933649288
2022-01-31,1.2604663113772454,0.7174561217564871,0.5430101896207584
2022-05-23,1.176781613,0.628222037,0.5485595759999999
2020-06-22,1.1637937754114231,0.8065199157792836,0.3572738596321394
2016-08-22,0.7650694492610838,0.7650694492610838,0
2023-07-17,1.6687053774560496,0.7722695532574974,0.8964358241985523
2024-06-17,1.6105983105590063,0.7916540517598344,0.8189442587991718
2012-10-01,0.10929659561128527,0.10929659561128527,0
2015-07-27,0.66272625,0.66272625,0
2016-11-28,0.9050521870300753,0.9050521870300753,0
2013-12-23,0.16767326182432432,0.16767326182432432,0
2012-02-27,0.02099147568093385,0.02099147568093385,0
2020-11-16,1.2012684894179895,0.8129203791887125,0.38834811022927695
2012-06-18,0.09059834942084942,0.09059834942084942,0
2018-10-15,0.9681694608433734,0.7397043313253012,0.22846512951807224
2013-03-04,0.17930457205240175,0.17930457205240175,0
2022-12-12,1.1712239107142857,0.6316242936507936,0.539599617063492
2020-08-03,1.2949533176583494,0.8764011218809982,0.41855219577735125
2021-12-13,1.1718755231719875,0.6346124273944388,0.5372630957775488
2014-07-14,0.23212504039497306,0.23212504039497306,0
2015-04-13,0.3962112138492872,0.3962112138492872,0
2016-01-04,0.6110163519999999,0.6110163519999999,0
2021-03-08,1.335777461988304,0.8786095155945419,0.4571679463937621
2018-10-29,0.9761691494252874,0.7438368515325671,0.23233229789272034
2012-01-02,0.019942163701067616,0.019942163701067616,0
2014-12-29,0.2690181612334802,0.2690181612334802,0
2014-12-15,0.4096933548728814,0.4096933548728814,0
2018-01-29,1.0144068129562045,0.9240772645985401,0.09032954835766425
2021-10-18,1.1803114138257575,0.6635440246212122,0.5167673892045455
2013-06-24,0.12086627655838454,0.12086627655838454,0
2020-11-30,1.3105079611054247,0.8866719662231319,0.4238359948822927
2022-10-31,1.194744512745098,0.6441787235294117,0.5505657892156862
2015-11-16,0.5239848505338078,0.5239848505338078,0
2021-06-21,1.3916585083459787,0.8637407723823975,0.5279177359635813
2022-04-04,1.1265761031434185,0.6186387750491159,0.5079373280943026
2024-12-02,1.5508981554455445,0.8117326237623762,0.7391655316831682
2014-12-22,0.30204333333333333,0.30204333333333333,0
2024-08-05,1.6360214508790074,0.7817279420889348,0.8542935087900725
2012-07-02,0.06506439907407408,0.06506439907407408,0
2012-03-12,0.020947464854732895,0.020947464854732895,0
2023-10-02,1.6858594141791043,0.7666980513059701,0.9191613628731342
2015-03-02,0.402188261627907,0.402188261627907,0
2020-03-09,1.2248465216450217,0.8431520108225108,0.3816945108225108
2013-05-13,0.18101256694367499,0.18101256694367499,0
2016-02-22,0.8115346081504702,0.8115346081504702,0
2020-04-27,1.2345822596899225,0.8644211569767442,0.37016110271317826
2020-06-15,1.1766075343589744,0.8226763784615385,0.35393115589743585
2016-10-03,0.8003173823264201,0.8003173823264201,0
2019-02-18,1.0851754740518962,0.8244335758483033,0.26074189820359284
2019-06-10,1.2341832395326193,0.8916289269717624,0.34255431256085683
2015-08-03,0.5705778453914767,0.5705778453914767,0
2020-07-27,1.2965511805555554,0.8862487281746032,0.4103024523809523
2014-11-10,0.3442619871541502,0.3442619871541502,0
2017-12-04,1.0561390377200335,0.9656480963956412,0.09049094132439221
2014-09-01,0.2528248934802571,0.2528248934802571,0
2018-03-26,0.6583133890489914,0.5473340854947166,0.11097930355427472
2012-06-25,0.0765938357771261,0.0765938357771261,0
2021-10-04,1.2325676914789423,0.7126782536728697,0.5198894378060726
2015-02-23,0.39445657790927025,0.39445657790927025,0
2024-02-26,1.7543418826530612,0.7410421551020409,1.0132997275510205
2014-11-03,0.3175191728624535,0.3175191728624535,0
2023-02-13,2.171715432432433,0.5992426660854403,1.5724727663469924
2014-07-07,0.24107619209558823,0.24107619209558823,0
2015-04-06,0.41284230439330544,0.41284230439330544,0
2018-12-31,0.88621784289746,0.6890803932267168,0.1971374496707432
2021-05-03,1.354295532125206,0.87043642092257,0.4838591112026359
2020-11-23,1.2488927571701722,0.8566442676864244,0.39224848948374774
2021-12-20,1.1554164021215043,0.6604355159112825,0.4949808862102218
2013-09-02,0.13591902504038772,0.13591902504038772,0
2023-02-06,2.224603639923591,0.5884708204393505,1.6361328194842406
2024-09-23,1.6940661977687628,0.7639036348884382,0.9301625628803245
2017-10-30,1.0376870203873598,0.9626279836901122,0.07505903669724777
2018-03-19,0.7014968681318681,0.5877335374625374,0.11376333066933067
2024-12-09,1.561525285979573,0.8083117660167131,0.7532135199628598
2016-11-21,0.9281157206595538,0.9281157206595538,0
2015-09-28,0.46240067619047615,0.46240067619047615,0
2018-07-09,1.0386620412371135,0.8331967608247423,0.20546528041237117
2019-06-17,1.2149502723880596,0.8938733013059702,0.3210769710820895
2016-07-04,0.7358583323558162,0.7358583323558162,0
2023-03-27,1.8958962110453648,0.6966393609467456,1.1992568500986192
2012-08-20,0.08852739099735217,0.08852739099735217,0
2017-02-13,0.9376096701323251,0.9376096701323251,0
2012-01-30,0.020401358665430955,0.020401358665430955,0
2018-08-27,0.7877711165587419,0.6227849953746531,0.16498612118408876
2012-07-30,0.09367782674199623,0.09367782674199623,0
2020-09-07,1.194293764227642,0.7974294742547425,0.39686428997289974
2017-11-27,1.056531141652614,0.967090392074199,0.08944074957841483
2017-08-07,0.9697259350393701,0.9697259350393701,0
2022-11-07,1.2305312817037755,0.6724477666989351,0.5580835150048403
2024-11-11,1.6236867280876495,0.7887252211155378,0.8349615069721117
2021-03-01,1.3278095540000001,0.8864392099999999,0.441370344
2013-11-11,0.15516350817120622,0.15516350817120622,0
2022-04-25,1.1683093314659196,0.640093929038282,0.5282154024276378
2014-06-02,0.22480135008818342,0.22480135008818342,0
2021-04-19,1.3152352224719102,0.8828915438202247,0.4323436786516854
2020-02-03,1.133433567164179,0.7896573661691542,0.343776200995025
2015-05-11,0.36446910614525135,0.36446910614525135,0
2014-08-25,0.22443463003355704,0.22443463003355704,0
2014-07-28,0.23151858416742493,0.23151858416742493,0
2024-01-08,1.6955577277992278,0.7609148330115829,0.9346428947876447
2012-11-19,0.10799290657769303,0.10799290657769303,0
2017-02-20,0.9561526580406654,0.9561526580406654,0
2018-04-16,0.7262553746581586,0.5942537037374658,0.13200167092069284
2013-01-14,0.16251911351351353,0.16251911351351353,0
2020-11-02,1.3189596891615543,0.8825357065439673,0.43642398261758697
2020-05-18,1.3280823508982036,0.8871400562874251,0.44094229461077855
2020-06-08,1.1512547951807228,0.7506043907056799,0.40065040447504296
2020-04-20,1.145037396,0.824362272,0.320675124
2022-03-21,1.136840289017341,0.6262779894026975,0.5105622996146436
2019-07-08,1.1356549442307693,0.8418825653846154,0.293772378846154
2014-01-20,0.18210470064724918,0.18210470064724918,0
2023-02-27,1.9662369530956847,0.6523655600375236,1.3138713930581611
2022-06-13,1.301538721875,0.7157919895833333,0.5857467322916666
2013-03-11,0.1434208698572628,0.1434208698572628,0
2014-10-27,0.2976768202846975,0.2976768202846975,0
2020-12-28,1.304622668772563,0.884798429602888,0.41982423916967504
2021-11-29,1.248211870510397,0.6729623582230624,0.5752495122873347
2018-06-04,0.9021890357478833,0.7672792135465664,0.13490982220131706
2018-08-13,0.7836059698681732,0.6188534962335216,0.16475247363465162
2021-01-25,1.3247295725490198,0.8874600176470588,0.4372695549019609
2021-08-09,1.0017924732547598,0.5831060543970988,0.41868641885766095
2013-04-15,0.1623788703374778,0.1623788703374778,0
2021-03-22,1.330278553171642,0.8809364869402985,0.44934206623134343
2024-03-04,1.750238058550186,0.7453327100371747,1.0049053485130113
2019-09-09,0.973005343137255,0.6908258930481284,0.2821794500891266
2016-08-08,0.7835620085877862,0.7835620085877862,0
2019-08-12,1.064686073,0.792745237,0.27194083600000013
2012-09-24,0.0799133293135436,0.0799133293135436,0
2019-02-25,1.0942317787439613,0.8373277845410628,0.25690399420289856
2013-08-19,0.14340872650878533,0.14340872650878533,0
2014-11-17,0.335343863,0.335343863,0
2023-03-06,2.0309884800389484,0.6490331820837391,1.3819552979552094
2012-05-07,0.04951052661596958,0.04951052661596958,0
2021-12-06,1.0562116023550725,0.596917143115942,0.4592944592391305
2023-04-24,1.621307919624217,0.7899483611691023,0.8313595584551149
2013-05-06,0.17786478143459916,0.17786478143459916,0
2022-07-18,1.1780644769703172,0.6350709283520982,0.5429935486182191
2013-02-04,0.15911943370165746,0.15911943370165746,0
2020-01-27,1.0488463814634146,0.7279370146341464,0.3209093668292682
2012-01-16,0.02007167393364929,0.02007167393364929,0
2016-04-11,0.7351698994360902,0.7351698994360902,0
2015-08-31,0.4836877810150376,0.4836877810150376,0
2024-04-01,1.8200277668886773,0.7233461265461466,1.0966816403425308
2015-07-13,0.6803826397273612,0.6803826397273612,0
2019-11-04,1.1057533302752294,0.7889588623853211,0.31679446788990834
2020-10-05,1.240012132936508,0.8411181507936508,0.39889398214285715
2013-02-11,0.15082079081632654,0.15082079081632654,0
2024-11-18,1.5884373799421407,0.7979588649951784,0.7904785149469623
2012-01-09,0.022854335892514396,0.022854335892514396,0
2022-02-07,1.28447495018797,0.7382816437969925,0.5461933063909775
2023-05-29,1.6906126789524731,0.7651197342386032,0.9254929447138699
2012-06-04,0.09655819776119402,0.09655819776119402,0
2022-10-10,1.150268399243141,0.6391064701986755,0.5111619290444656
2023-12-11,1.634882293785311,0.7750023267419962,0.8598799670433146
2016-10-24,0.8518822093244529,0.8518822093244529,0
2015-01-12,0.39995515778894475,0.39995515778894475,0
2014-09-22,0.29401704693486586,0.29401704693486586,0
2019-04-22,1.175356248262165,0.8886663972194637,0.28668985104270117
2022-02-28,1.2624725256797582,0.686336189325277,0.5761363363544812
2016-10-31,0.835264656281407,0.835264656281407,0
2023-01-02,1.07863905834093,0.5750624630811304,0.5035765952597995
2013-06-03,0.1364241246130031,0.1364241246130031,0
2017-09-04,0.8334660570469798,0.8264443959731543,0.007021661073825555
2017-08-28,0.926649851044505,0.9238281453224342,0.0028217057220708813
2014-03-10,0.2379794407079646,0.2379794407079646,0
2012-05-28,0.08002213373253493,0.08002213373253493,0
2021-09-06,1.0921415198067634,0.6314493990338164,0.46069212077294697
2024-05-27,1.5285045898520084,0.8119152600422833,0.7165893298097251
2013-08-26,0.13310118948926722,0.13310118948926722,0
2014-02-10,0.20332570056044838,0.20332570056044838,0
2020-07-13,1.2648665,0.8809508559322033,0.38391564406779666
2015-05-04,0.40011210383064516,0.40011210383064516,0
2013-09-23,0.12846885475285172,0.12846885475285172,0
2018-05-14,0.7211338144927536,0.5958331652173914,0.12530064927536225
2021-11-15,1.2451929464285714,0.681013447420635,0.5641794990079364
2015-06-08,0.42848532610744583,0.42848532610744583,0
2021-01-04,1.2883641632471008,0.8927444977698483,0.39561966547725247
2015-04-20,0.39932677843137254,0.39932677843137254,0
2018-11-26,1.1177993942786069,0.8643668868159203,0.25343250746268653
2021-04-26,1.3533287735085946,0.871210187057634,0.4821185864509606
2021-07-19,0.9777516104651164,0.5995724922480621,0.3781791182170543
2021-07-12,0.9862901364092277,0.5904381424272819,0.3958519939819459
2012-12-10,0.13513521679909196,0.13513521679909196,0
2012-12-17,0.1470222566079295,0.1470222566079295,0
2019-09-02,1.0016147024567787,0.740241618744313,0.2613730837124658
2012-10-22,0.08286246265938069,0.08286246265938069,0
2020-12-07,1.2640085834175936,0.8541107967644085,0.40989778665318505
2017-12-25,1.053243625354778,0.9661365714285715,0.08710705392620631
2019-05-20,1.1837550173199636,0.8792665314494075,0.3044884858705561
2017-10-02,0.8869165710357471,0.843309190650779,0.04360738038496801
2016-08-01,0.7598375779981966,0.7598375779981966,0
2012-08-27,0.09399753739612189,0.09399753739612189,0
2015-11-23,0.5390878313253012,0.5390878313253012,0
2015-08-24,0.4137320037986705,0.4137320037986705,0
2019-07-15,1.109894212723658,0.8307839393638171,0.27911027335984084
2014-01-13,0.16225727866108786,0.16225727866108786,0
2019-10-28,1.1046530577540106,0.7965144951871658,0.30813856256684485
2018-05-21,0.6383029892376682,0.5219814304932735,0.11632155874439457
2024-04-29,1.5783969958246347,0.8009643569937369,0.7774326388308976
2018-08-06,0.8013480247933884,0.642755854912764,0.15859216988062438
2017-07-10,0.8625959046778464,0.8625959046778464,0
2016-03-14,0.6917823623046875,0.6917823623046875,0
2021-03-29,1.3250747746062992,0.8821931722440945,0.4428816023622046
2015-10-26,0.5421924029850747,0.5421924029850747,0
2018-01-22,1.0638445923344948,0.9577645635888502,0.1060800287456445
2020-11-09,1.2761740252336446,0.8376742822429907,0.4384997429906541
2022-03-28,1.2475812895791585,0.6914381452905811,0.5561431442885773
2022-08-15,1.1743850115495669,0.6209048171318575,0.5534801944177093
2019-03-25,1.1843891906187625,0.8966855019960079,0.2877036886227545
2017-05-15,0.9754702251162791,0.9754702251162791,0
2022-05-30,1.2124741789686553,0.6442037522750252,0.5682704266936299
2016-06-06,0.7653529624413146,0.7653529624413146,0
2013-04-29,0.168510208606174,0.168510208606174,0
2023-09-18,1.671535610891089,0.7727721712871287,0.8987634396039603
2019-12-30,0.8617093143872113,0.5967008028419183,0.26500851154529304
2017-06-12,0.9736031403336605,0.9736031403336605,0
2014-05-12,0.22509857971014494,0.22509857971014494,0
2020-05-25,1.2501256887486856,0.852363192429022,0.3977624963196636
2014-06-30,0.2574958711288711,0.2574958711288711,0
2014-10-20,0.30064698845043314,0.30064698845043314,0
2022-03-07,1.1412807236328124,0.616380515625,0.5249002080078125
2014-02-17,0.21683049121338913,0.21683049121338913,0
2016-01-18,0.7037004888492417,0.7037004888492417,0
2015-02-09,0.4150727597276265,0.4150727597276265,0
2023-05-22,1.7382330429389314,0.7492763740458016,0.9889566688931298
2019-10-07,0.969183534351145,0.6886774169847328,0.2805061173664122
2020-08-17,1.2842565305917755,0.8780437021063189,0.40621282848545653
2020-08-10,1.2412200626168226,0.8536325719626169,0.38758749065420567
2020-03-23,1.046874742796158,0.7251438260405549,0.32173091675560306
2013-09-30,0.13077947129909365,0.13077947129909365,0
2013-12-30,0.16525572795969776,0.16525572795969776,0
2021-09-27,1.0995649383057091,0.6357166767955801,0.463848261510129
2023-10-09,1.6579343985374773,0.7749231837294333,0.883011214808044
2017-04-17,0.9632714524271845,0.9632714524271845,0
2015-01-19,0.40168202823018456,0.40168202823018456,0
2016-02-01,0.6879862555910543,0.6879862555910543,0
2012-07-09,0.07883200565504242,0.07883200565504242,0
2022-02-21,1.170303337184874,0.6423900483193278,0.5279132888655461
2013-07-22,0.11386815302491103,0.11386815302491103,0
2014-12-01,0.37719861394380855,0.37719861394380855,0
2018-10-01,0.8859761843971631,0.6627288713272543,0.22324731306990878
2021-09-13,1.1120444067478914,0.6396613926897844,0.47238301405810695
2022-08-01,1.1417005096339112,0.6162902456647399,0.5254102639691715
2020-03-16,1.152226281829419,0.8190053213844252,0.33322096044499394
2019-01-21,0.9717154244817374,0.7327647847976309,0.23895063968410657
2024-05-13,1.58554266999003,0.7934186241276171,0.7921240458624128
2024-10-21,1.6490348284910967,0.774080098406748,0.8749547300843487
2014-12-08,0.3388590791015625,0.3388590791015625,0
2022-05-02,1.1839998793922126,0.6683510341880342,0.5156488452041785
2018-01-15,1.0657196675148433,0.9596165012722646,0.10610316624257854
2012-04-02,0.024282587145969498,0.024282587145969498,0
2014-04-21,0.22511783576956146,0.22511783576956146,0
2023-11-20,1.7549795407407407,0.7400706583333333,1.0149088824074073
2018-04-23,0.8623784402390438,0.722592954183267,0.13978548605577681
2024-03-11,1.7236851700680271,0.7515395685131194,0.9721456015549077
2015-03-16,0.4016381967545639,0.4016381967545639,0
2023-12-04,1.6762721290983607,0.7697534836065574,0.9065186454918033
2019-01-28,1.0094164990215264,0.7754797455968689,0.2339367534246575
2012-05-21,0.09002792592592593,0.09002792592592593,0
2013-09-16,0.1408314078125,0.1408314078125,0
2013-02-18,0.15490294826123835,0.15490294826123835,0
2018-12-03,1.0624119571106094,0.8122761817155756,0.2501357753950338
2020-09-14,1.2022777047279214,0.8100219839429081,0.3922557207850133
2015-10-12,0.5568053091976517,0.5568053091976517,0
2017-11-06,1.037654545034642,0.9541437390300231,0.08351080600461888
2015-01-26,0.33199471966133587,0.33199471966133587,0
2015-03-23,0.33832226545454547,0.33832226545454547,0
2019-09-30,1.0098324422700586,0.6988901849315069,0.3109422573385518
2023-05-01,1.638557167164179,0.7797359701492538,0.8588211970149253
2024-06-24,1.6178178234042553,0.7891615531914893,0.828656270212766
2022-04-18,1.1246492793560605,0.6107296401515151,0.5139196392045454
2023-03-13,2.047473785782901,0.6449537271853987,1.4025200585975024
2012-11-05,0.09257667302192564,0.09257667302192564,0
2013-11-25,0.2268846487804878,0.2268846487804878,0
2014-03-03,0.26481544512730465,0.26481544512730465,0
2021-09-20,1.0904473638151426,0.634288354965585,0.4561590088495575
2013-08-05,0.11577877282530553,0.11577877282530553,0
2020-12-21,1.3046575263157894,0.8914363481781377,0.41322117813765175
2023-08-21,1.6571290921187307,0.7761942149437052,0.8809348771750255
2020-07-06,1.1616619463148317,0.8061116396724295,0.35555030664240217
2014-11-24,0.33854067318982384,0.33854067318982384,0
2024-02-05,1.5525536932344763,0.8112396543095459,0.7413140389249304
2019-05-13,1.219268061054579,0.8983950416281221,0.3208730194264569
2021-12-27,1.1764767141463415,0.6750764585365854,0.5014002556097561
2012-07-16,0.09946257291666667,0.09946257291666667,0
2012-07-23,0.08088142730496455,0.08088142730496455,0
2012-03-26,0.02016709680451128,0.02016709680451128,0
2014-06-09,0.21685353242320818,0.21685353242320818,0
2019-08-19,1.0397661310084825,0.7623936927426955,0.27737243826578695
2021-06-07,1.2806866681564246,0.7838064893854748,0.4968801787709497
2014-08-04,0.2542638550724638,0.2542638550724638,0
2023-03-20,2.2178175119047623,0.5859119816849817,1.6319055302197802
2020-10-19,1.2958280491452991,0.8834257510683762,0.41240229807692314
2016-01-25,0.6807583887931034,0.6807583887931034,0
2022-09-19,1.1893505056179776,0.6281289060265577,0.5612215995914199
2018-03-05,1.0196806754468486,0.9097427083725306,0.10993796707431798
2020-01-20,0.9723369471733085,0.6781550352177942,0.29418191195551435
2013-04-08,0.17707117361702127,0.17707117361702127,0
2022-01-10,1.040625329159213,0.5742209758497318,0.46640435330948116
2024-07-15,1.603350650140318,0.794314782039289,0.8090358681010291
2014-04-28,0.21963296697247706,0.21963296697247706,0
2018-10-08,0.9540715863874345,0.7144778429319372,0.2395937434554973
2020-03-30,1.036005091078067,0.7488034646840149,0.28720162639405206
2016-07-11,0.7655068204613842,0.7655068204613842,0
2017-01-30,0.9532081201834862,0.9532081201834862,0
2024-01-29,1.6831131985157701,0.7652257949907236,0.9178874035250464
2016-05-30,0.8085509267548322,0.8085509267548322,0
2020-08-31,1.2900897537387834,0.8802630827517448,0.40982667098703873
2017-09-18,0.801614969785575,0.7785775019493177,0.023037467836257302
2018-06-25,0.8783991696078431,0.7398199392156863,0.13857923039215686
2012-02-06,0.022156273797841023,0.022156273797841023,0
2023-08-14,1.6792784646098005,0.7702797595281307,0.9089987050816697
2014-08-18,0.22948844547759933,0.22948844547759933,0
2017-06-05,0.9720193250230841,0.9720193250230841,0
2021-05-24,1.3522043598615916,0.8733143148788928,0.4788900449826989
2018-07-30,0.7972316666666667,0.6404292237569061,0.1568024429097605
2020-05-11,1.2903917469066368,0.8903591158605175,0.40003263104611925
2019-12-09,1.067061649797571,0.7275600870445343,0.3395015627530365
2017-04-10,0.9638966178781926,0.9638966178781926,0
2021-11-08,1.203745964627151,0.6788996567877629,0.5248463078393882
2016-02-08,0.6776125907928389,0.6776125907928389,0
2022-09-12,1.1991442805118109,0.6392454822834646,0.5598987982283464
2018-11-12,1.0674921102620087,0.814822827510917,0.25266928275109185
2018-11-19,1.117686340909091,0.8510696579545455,0.2666166829545454
2023-08-28,1.6594405630585898,0.7754632462760676,0.8839773167825222
2018-02-19,0.9478471585253456,0.874640528110599,0.07320663041474658
2023-06-26,1.7076524261477044,0.7593777774451098,0.9482746487025947
2018-01-01,1.0549038773333332,0.9723253742222222,0.082578503111111
2014-03-17,0.2055861729818781,0.2055861729818781,0
2021-02-15,1.3309569929149798,0.882658024291498,0.4482989686234818
2012-10-29,0.08323738813229571,0.08323738813229571,0
2017-07-31,0.8586249666666667,0.8586249666666667,0
2015-07-06,0.6952994187380497,0.6952994187380497,0
2018-06-11,0.7429261873226111,0.6059961031220436,0.13693008420056757
2024-05-20,1.6474479338768115,0.7724459329710145,0.875002000905797
2017-09-25,0.86858512890625,0.8361836806640625,0.0324014482421875
2018-02-26,0.9948766886877829,0.8878761013574661,0.10700058733031678
2016-03-21,0.6702769794721408,0.6702769794721408,0
2018-09-24,0.7853632986891386,0.5982378717228464,0.1871254269662922
2013-07-29,0.11831041699142635,0.11831041699142635,0
2016-09-05,0.7687442439496611,0.7687442439496611,0
2013-06-10,0.1127734106167057,0.1127734106167057,0
2012-04-09,0.0258716376344086,0.0258716376344086,0
2021-02-08,1.308395955078125,0.8903343232421875,0.4180616318359375
2015-06-29,0.49089132750242953,0.49089132750242953,0
2016-12-26,0.8449101034482758,0.8449101034482758,0
2023-01-09,1.2154088956834532,0.671247135791367,0.5441617598920863
2013-05-27,0.145388,0.145388,0
2023-10-16,1.625550023414634,0.7862638858536586,0.8392861375609756
2015-03-09,0.40418815084915083,0.40418815084915083,0
2014-09-29,0.2926755779467681,0.2926755779467681,0
2022-11-28,1.2824041786833855,0.6906413991640543,0.5917627795193312
2019-03-18,0.9158540684931507,0.6545580438356164,0.2612960246575342
2024-12-16,1.5988894179104478,0.7983867462686567,0.8005026716417911
2019-04-29,1.1862734285714287,0.8869219178338001,0.29935151073762845
2021-05-31,1.244899146825397,0.777643435515873,0.4672557113095239
2016-08-29,0.7575348468899522,0.7575348468899522,0
2023-05-08,1.697199985032741,0.758017635173059,0.9391823498596821
2019-12-02,0.9547102427093133,0.6717184252116651,0.2829918174976482
2019-03-11,0.9707928987463839,0.6991437020250723,0.27164919672131155
2018-06-18,0.7172689928952042,0.5876004023090586,0.12966859058614563
2019-01-14,0.9986521713106294,0.7668403808049535,0.23181179050567594
2019-05-06,1.2458661822759316,0.9083323736153072,0.33753380866062443
2017-03-06,0.9802009291866028,0.9802009291866028,0
2024-09-09,1.63576254973822,0.783173232460733,0.8525893172774869
2013-02-25,0.16673475777964675,0.16673475777964675,0
2016-05-16,0.8277649310009718,0.8277649310009718,0
2013-04-01,0.18050982648784578,0.18050982648784578,0
2024-08-26,1.645366138,0.781455243,0.8639108950000001
2016-11-14,0.8568502462825279,0.8568502462825279,0
2023-06-19,1.72170321875,0.753148078125,0.968555140625
2014-05-05,0.22510225916230367,0.22510225916230367,0
2020-04-06,0.9911530561272217,0.7028343507951356,0.2883187053320861
2012-02-13,0.024118549610894942,0.024118549610894942,0
2014-01-06,0.15503834967081198,0.15503834967081198,0
2020-07-20,1.3097462999006952,0.8831814220456802,0.426564877855015
2018-09-17,0.8340570395752895,0.6361708822393822,0.19788615733590734
2012-03-19,0.0188455,0.0188455,0
2023-01-16,1.2428364360753221,0.6597104915758177,0.5831259444995044
2021-04-12,1.321364207464325,0.8883484873765094,0.43301572008781564
2023-02-20,1.9928714628019324,0.6477838057971015,1.345087657004831
2017-04-03,0.9514841264044944,0.9514841264044944,0
2015-06-15,0.49924394699286445,0.49924394699286445,0
2016-12-19,0.8770997964184731,0.8770997964184731,0
2020-10-26,1.2914275130548303,0.8976770757180157,0.3937504373368146
2022-06-27,1.1574263773035887,0.6368689340446169,0.5205574432589718
2022-01-03,1.148671290674603,0.6329806121031746,0.5156906785714285
2015-10-19,0.5565717030947775,0.5565717030947775,0
2017-11-20,1.047468903690369,0.9597344185418542,0.08773448514851485
2014-10-06,0.2916735493230174,0.2916735493230174,0
2019-12-16,0.9818663422018349,0.6806105110091742,0.3012558311926606
2022-08-08,1.2208763296703296,0.6420453366633366,0.5788309930069929
2015-12-14,0.6374448871103623,0.6374448871103623,0
2022-11-14,1.3637035954045953,0.8368158751248751,0.5268877202797203
2022-11-21,1.4343840055991042,0.7515907155655095,0.6827932900335946
2021-11-01,1.1713104860074628,0.6654820018656716,0.5058284841417912
2021-08-02,0.989445325091575,0.5674407362637363,0.42200458882783876
2020-09-21,1.2452850283203125,0.841098263671875,0.4041867646484375
2013-06-17,0.13694623339483394,0.13694623339483394,0
2014-05-19,0.2341945733788396,0.2341945733788396,0
2016-09-12,0.742503269124424,0.742503269124424,0
2017-11-13,1.0376266212560388,0.9592165439613527,0.07841007729468599
2023-05-15,1.72436222071636,0.7538744501452082,0.9704877705711519
2017-05-22,0.9748363804834378,0.9748363804834378,0
2012-05-14,0.08444911407249467,0.08444911407249467,0
2019-10-14,1.00258855393586,0.7052558309037901,0.29733272303207
2024-02-19,1.7706728683168318,0.7397057564356435,1.0309671118811883
2024-01-22,1.6892852579787234,0.7627402553191489,0.9265450026595745
2012-12-31,0.10837981098696461,0.10837981098696461,0
2021-05-10,1.3497702374301677,0.8743527998137802,0.4754174376163874
2023-10-23,1.6809942898832686,0.7682421721789884,0.9127521177042802
2016-04-04,0.6792594114963503,0.6792594114963503,0
2019-08-26,1.012893225165563,0.7548934626300852,0.25799976253547774
2020-06-01,1.0853797065317385,0.7515235998160074,0.33385610671573135
2013-03-25,0.172614288,0.172614288,0
2016-10-10,0.8509257826086957,0.8509257826086957,0
2017-01-09,0.8334173585585585,0.8334173585585585,0
2015-07-20,0.42594039463601535,0.42594039463601535,0
2014-07-21,0.24581369691119692,0.24581369691119692,0
2022-09-26,1.132049079703429,0.6068569165894346,0.5251921631139944
2018-12-10,1.0619203274725275,0.7978315835164835,0.264088743956044
2023-10-30,1.6605808132586368,0.7764763902894491,0.8841044229691876
2015-11-30,0.6127390813226095,0.6127390813226095,0
2019-03-04,1.0043902428278688,0.717955800204918,0.28643444262295087
2019-06-24,1.1921294772117963,0.8775986836461126,0.31453079356568364
2023-04-17,1.7296852940038685,0.7208556972920697,1.0088295967117988
2017-07-24,0.9024018122109159,0.9024018122109159,0
2022-06-20,1.1766832772680937,0.6883064536187564,0.4883768236493374
2013-10-28,0.12162790096798214,0.12162790096798214,0
2024-10-14,1.5923499590697674,0.7955261181395349,0.7968238409302326
2013-12-16,0.1739568646222887,0.1739568646222887,0
2018-12-17,0.9691588043273753,0.7453064694261524,0.22385233490122297
2013-07-08,0.108854311635476,0.108854311635476,0
2024-08-19,1.6184375747348119,0.7917417637415621,0.8266958109932497
2013-11-18,0.24098022085889573,0.24098022085889573,0
2013-01-07,0.15197929789473683,0.15197929789473683,0
2024-03-25,1.8807209323232323,0.7016790797979798,1.1790418525252524
2021-02-22,1.312443373253493,0.8848949870259482,0.427548386227545
2012-09-17,0.08095881564748202,0.08095881564748202,0
2019-11-25,1.0464669642105264,0.7400138547368421,0.3064531094736842
2022-12-05,1.1429344547996272,0.6393082730661696,0.5036261817334576
2012-10-15,0.09932353110492108,0.09932353110492108,0
2014-04-07,0.2238421341681574,0.2238421341681574,0
2015-12-21,0.6230715962897526,0.6230715962897526,0
2012-11-12,0.10499361914460285,0.10499361914460285,0
2016-06-20,0.8600010245338567,0.8600010245338567,0
2013-11-04,0.17943853410097432,0.17943853410097432,0
2018-07-23,0.8193825691906005,0.6637784255874674,0.15560414360313315
2022-10-17,1.1737273603864733,0.6669357980676328,0.5067915623188405
2023-07-31,1.65743345703125,0.77619081640625,0.881242640625
2022-03-14,1.1325232939508507,0.62393154536862,0.5085917485822306
2020-12-14,1.2789137507331378,0.8771213411534702,0.4017924095796676
2015-05-25,0.43012442296072506,0.43012442296072506,0
2017-03-27,0.9382969211045366,0.9382969211045366,0
2023-04-10,1.7898337822177823,0.732001054945055,1.0578327272727273
2021-01-11,1.311588226833977,0.8880092287644789,0.423578998069498
2022-07-04,1.1685944204081633,0.6299542459183672,0.538640174489796
2013-12-02,0.18870677734976887,0.18870677734976887,0
2013-04-22,0.1619297608695652,0.1619297608695652,0
2015-02-02,0.31938254850746267,0.31938254850746267,0
2012-11-26,0.0956158116883117,0.0956158116883117,0
2022-10-03,1.0491623177489178,0.563746148917749,0.4854161688311688
2012-10-08,0.09895177691561591,0.09895177691561591,0
2020-02-10,1.1369533261316873,0.7931419094650205,0.34381141666666676
2023-08-07,1.6322114225074036,0.7845589437314906,0.847652478775913
2017-01-02,0.9405046367837339,0.9405046367837339,0
2015-06-22,0.4515934634146342,0.4515934634146342,0
2016-02-15,0.7531055467695275,0.7531055467695275,0
2018-11-05,1.0516459762675296,0.7981650668824164,0.25348090938511325
2023-09-11,1.6605103142597637,0.7753230999091735,0.8851872143505903
2021-05-17,1.32211401369863,0.8811106276463263,0.4410033860523037
2023-01-30,1.5321554476987447,0.700949820083682,0.8312056276150628
2024-07-22,1.6501637295597484,0.7775649038634321,0.8725988256963163
2019-08-05,1.0773407095238097,0.8015707580952381,0.27576995142857147
2015-03-30,0.3951507994214079,0.3951507994214079,0
2024-11-25,1.602929148148148,0.7956995750487329,0.8072295730994151
2022-02-14,1.0776478595505619,0.5847956563670411,0.4928522031835206
2017-06-26,0.9253674270833334,0.9253674270833334,0
2018-04-30,0.7996199586538462,0.6643051596153846,0.13531479903846153
2017-09-11,0.7402217833733014,0.726452936051159,0.013768847322142334
2023-07-10,1.6737774593495933,0.7706299044715447,0.9031475548780488
2014-06-23,0.19620644594594594,0.19620644594594594,0
2017-05-01,0.9731736772388059,0.9731736772388059,0
2012-08-06,0.08394595013357078,0.08394595013357078,0
2024-04-15,1.7611185649157581,0.7403082338949455,1.0208103310208125
2015-04-27,0.3991531215805471,0.3991531215805471,0
2016-12-05,0.8629430413983441,0.8629430413983441,0
2022-06-06,1.1021921381578947,0.594875037593985,0.5073171005639099
2017-10-16,0.9923093861134632,0.9040761464860287,0.0882332396274344
2019-04-01,1.2111776080947678,0.9064736771964462,0.30470393089832165
2019-04-08,1.196417798590131,0.9036694048338368,0.292748393756294
2021-10-25,1.1189031860885275,0.6327043215898827,0.48619886449864497
2016-11-07,0.8108081595648232,0.8108081595648232,0
2023-01-23,1.0817873409090908,0.5710966,0.5106907409090908
2015-10-05,0.580479526,0.580479526,0
2019-07-29,0.9911027058303887,0.737111878975265,0.25399082685512375
2021-04-05,1.347159913875598,0.8789207693779904,0.4682391444976076
2012-09-03,0.09710344836716682,0.09710344836716682,0
2014-03-24,0.22362144339622642,0.22362144339622642,0
2015-09-14,0.6251405290581162,0.6251405290581162,0
2024-10-28,1.732970348794063,0.7425198951762524,0.9904504536178107
2024-11-04,1.673456645914397,0.7708639951361868,0.9025926507782103
2020-01-13,1.0065089220404235,0.7120981530317613,0.2944107690086622
2022-01-17,1.144220340648855,0.6355573492366412,0.5086629914122136
2023-09-04,1.6230181025380712,0.7875477248730964,0.8354703776649747
2024-07-29,1.6440411600790512,0.7785228656126482,0.865518294466403
2023-06-12,1.7513672822025566,0.7422164139626352,1.0091508682399213
2012-12-24,0.12206755885167464,0.12206755885167464,0
2023-07-03,1.7403631744292236,0.748712812785388,0.9916503616438356
2023-12-25,1.712373824489796,0.7590973387755102,0.9532764857142856
2015-08-10,0.4296361324828263,0.4296361324828263,0
2015-05-18,0.3965821329896907,0.3965821329896907,0
2014-08-11,0.2641817129471891,0.2641817129471891,0
2017-12-18,1.0567908474903474,0.9710513416988417,0.0857395057915058
2018-03-12,0.7526911053621825,0.6537593217309502,0.09893178363123234
2023-09-25,1.726022796039604,0.7545915891089109,0.971431206930693
2013-07-15,0.09877688283157039,0.09877688283157039,0
2024-06-10,1.5377260132924335,0.8037417167689161,0.7339842965235174
2018-05-07,0.7821660373921381,0.6462222780441035,0.13594375934803452
2018-05-28,0.7105202803571429,0.5824586901785714,0.12806159017857152
2021-11-22,1.1558874199178646,0.6219994209445586,0.533887998973306
2016-02-29,0.8309423022571147,0.8309423022571147,0
2016-05-23,0.8034956339548577,0.8034956339548577,0
2016-03-07,0.6635489560649475,0.6635489560649475,0
2024-10-07,1.575744911219512,0.8034191668292683,0.7723257443902438
2016-10-17,0.8440948182730924,0.8440948182730924,0
2023-11-27,1.734925433531746,0.7423414136904762,0.9925840198412699
2014-01-27,0.1767956913580247,0.1767956913580247,0
2012-02-20,0.02033700189035917,0.02033700189035917,0
2014-09-08,0.2637527675675676,0.2637527675675676,0
2022-07-25,1.1411729458937199,0.6172315526570048,0.523941393236715
2021-07-26,0.9706793901345291,0.5734753605381165,0.39720402959641254
2018-01-08,1.0493680153714775,0.9650697421007686,0.08429827327070885
2024-07-08,1.587301525471698,0.8021411169811321,0.785160408490566
2012-09-10,0.0922068070678128,0.0922068070678128,0
2015-11-09,0.5429942467771639,0.5429942467771639,0
2019-07-01,1.0959999232758622,0.8197225137931033,0.27627740948275875
2019-07-22,0.972205431209603,0.7216560129270544,0.25054941828254856
2015-12-07,0.6419357683760684,0.6419357683760684,0
2019-10-21,1.0710250420743639,0.7730974266144813,0.29792761545988256
2017-07-17,0.9052040882882884,0.9052040882882884,0
2017-10-09,0.9691046304147466,0.9042693419354838,0.06483528847926273
2012-01-23,0.020503643129770995,0.020503643129770995,0
2017-06-19,0.9653344116465864,0.9653344116465864,0
2022-05-09,1.3159587856430708,0.7808148584247259,0.5351439272183449
2021-06-28,1.4014079899135445,0.860679,0.5407289899135446
2024-03-18,1.775384768186227,0.7356099825412221,1.0397747856450048
2014-02-24,0.23919473843566022,0.23919473843566022,0
2013-08-12,0.1452579301784329,0.1452579301784329,0
2022-04-11,1.1216596546341462,0.6137921951219512,0.507867459512195
2016-07-18,0.8236592841993637,0.8236592841993637,0
2024-01-15,1.7072423075245364,0.7578469629225736,0.949395344601963
2015-09-07,0.6545162328897338,0.6545162328897338,0
2017-02-27,0.9715300038910506,0.9715300038910506,0
2024-05-06,1.6760933802521008,0.7641528529411765,0.9119405273109242
2016-03-28,0.7681575581395349,0.7681575581395349,0
2018-02-05,1.05987859375,0.94184640625,0.1180321875
2018-04-09,0.7491949560036664,0.6320641998166819,0.11713075618698449
2016-09-19,0.7194253163265306,0.7194253163265306,0
2021-07-05,1.1099007701993704,0.6613135026232948,0.44858726757607553
2012-06-11,0.12786922294172062,0.12786922294172062,0
2020-05-04,1.2298616603773584,0.8673812377358491,0.3624804226415094
2016-07-25,0.8708751186440677,0.8708751186440677,0
2020-08-24,1.284270657520325,0.8762804420731707,0.40799021544715447
2013-09-09,0.11377099219858156,0.11377099219858156,0
2015-01-05,0.362898828379674,0.362898828379674,0
2019-01-07,0.9194223390313391,0.7050236942070276,0.21439864482431148
2014-09-15,0.24377022157676348,0.24377022157676348,0
2019-11-18,1.0461621017964071,0.7470734021956088,0.2990886996007983
2017-02-06,0.9492765309734513,0.9492765309734513,0
2015-12-28,0.5749906564299425,0.5749906564299425,0
2016-06-27,0.736243664442326,0.736243664442326,0
2013-10-07,0.12712460550458715,0.12712460550458715,0
2017-05-29,0.9797749561478933,0.9797749561478933,0
2024-07-01,1.5935683796203794,0.7987136473526474,0.7948547322677322
2020-06-29,1.144749561307902,0.7818577293369664,0.36289183197093555
2016-08-15,0.7912405398058252,0.7912405398058252,0
2014-06-16,0.20127633947157725,0.20127633947157725,0
2015-08-17,0.40991775547098,0.40991775547098,0
2024-04-08,1.8250828764367817,0.71783969348659,1.1072431829501916
2021-08-30,1.1060329689922481,0.6530571375968992,0.452975831395349
2018-07-02,0.786632134730539,0.6484060459081836,0.13822608882235526
2014-10-13,0.29388042926829266,0.29388042926829266,0
2022-12-19,1.2458562816593888,0.6656414355895197,0.580214846069869
2018-08-20,0.7521900735155514,0.5803124948162112,0.17187757869934023
2024-09-02,1.6749194670329672,0.7668310714285714,0.9080883956043957
