,Date,close,signal,holdings,price_change,daily_return,cumulative_return
0,2021-03-31,58740.55,0,0,0.0,0.0,0.0
1,2021-04-01,58720.44,0,0,-0.00034235294017503914,0.0,0.0
2,2021-04-02,58950.01,0,0,0.0039095415497567565,0.0,0.0
3,2021-04-03,57051.94,0,0,-0.03219795891468047,0.0,0.0
4,2021-04-04,58202.01,0,0,0.020158297859809826,0.0,0.0
5,2021-04-05,59129.99,0,0,0.015944122891975665,0.0,0.0
6,2021-04-06,57991.15,-1,0,-0.019259938992041037,0.0,0.0
7,2021-04-07,55953.45,-1,0,-0.03513812021317053,0.0,0.0
8,2021-04-08,58077.52,1,1,0.03796137682305556,0.0,0.0
9,2021-04-09,58142.54,1,1,0.0011195381620978662,0.0011195381620978662,0.0011195381620978662
10,2021-04-10,59769.13,1,1,0.0279759019815784,0.0279759019815784,0.029095440143676266
11,2021-04-11,60002.43,1,1,0.0039033527842884386,0.0039033527842884386,0.032998792927964704
12,2021-04-12,59860.0,1,1,-0.002373737196976866,-0.002373737196976866,0.030625055730987838
13,2021-04-13,63575.0,1,1,0.062061476779151414,0.062061476779151414,0.09268653251013925
14,2021-04-14,62959.53,1,1,-0.009681006685017701,-0.009681006685017701,0.08300552582512155
15,2021-04-15,63159.98,1,1,0.003183791238594136,0.003183791238594136,0.08618931706371569
16,2021-04-16,61334.8,-1,0,-0.028897729226640023,-0.028897729226640023,0.057291587837075664
17,2021-04-17,60006.66,-1,0,-0.021653938710161302,0.0,0.057291587837075664
18,2021-04-18,56150.01,-1,0,-0.06427036598937519,0.0,0.057291587837075664
19,2021-04-19,55633.14,-1,0,-0.009205163097922964,0.0,0.057291587837075664
20,2021-04-20,56425.0,-1,0,0.01423360248945138,0.0,0.057291587837075664
21,2021-04-21,53787.63,-1,0,-0.0467411608329642,0.0,0.057291587837075664
22,2021-04-22,51690.96,-1,0,-0.03898052396062068,0.0,0.057291587837075664
23,2021-04-23,51125.14,-1,0,-0.010946208002327706,0.0,0.057291587837075664
24,2021-04-24,50047.84,-1,0,-0.021071824937789918,0.0,0.057291587837075664
25,2021-04-25,49066.77,-1,0,-0.019602644190038987,0.0,0.057291587837075664
26,2021-04-26,54001.39,1,1,0.10056948928979836,0.0,0.057291587837075664
27,2021-04-27,55011.97,1,1,0.0187139627331816,0.0187139627331816,0.07600555057025726
28,2021-04-28,54846.22,1,1,-0.0030129806294884043,-0.0030129806294884043,0.07299256994076886
29,2021-04-29,53555.0,1,1,-0.023542552248814963,-0.023542552248814963,0.049450017691953896
30,2021-04-30,57694.27,1,1,0.07729007562319112,0.07729007562319112,0.12674009331514502
31,2021-05-01,57800.37,1,1,0.0018390041160067927,0.0018390041160067927,0.1285790974311518
32,2021-05-02,56578.21,1,1,-0.021144501324126486,-0.021144501324126486,0.10743459610702533
33,2021-05-03,57169.39,1,1,0.010448898966580966,0.010448898966580966,0.11788349507360629
34,2021-05-04,53200.01,-1,0,-0.06943191102791191,-0.06943191102791191,0.048451584045694385
35,2021-05-05,57436.11,1,1,0.07962592488234499,0.0,0.048451584045694385
36,2021-05-06,56393.68,-1,0,-0.0181493837239326,-0.0181493837239326,0.030302200321761785
37,2021-05-07,57314.75,1,1,0.016332858575641707,0.0,0.030302200321761785
38,2021-05-08,58862.05,1,1,0.026996541030014143,0.026996541030014143,0.05729874135177593
39,2021-05-09,58240.84,1,1,-0.010553658936445554,-0.010553658936445554,0.046745082415330375
40,2021-05-10,55816.14,-1,0,-0.04163229788581346,-0.04163229788581346,0.005112784529516912
41,2021-05-11,56670.02,-1,0,0.01529808403089139,0.0,0.005112784529516912
42,2021-05-12,49631.32,-1,0,-0.12420500292747383,0.0,0.005112784529516912
43,2021-05-13,49670.97,-1,0,0.0007988907004690127,0.0,0.005112784529516912
44,2021-05-14,49841.45,-1,0,0.0034321858421528795,0.0,0.005112784529516912
45,2021-05-15,46762.99,-1,0,-0.061765056995733425,0.0,0.005112784529516912
46,2021-05-16,46431.5,-1,0,-0.007088725507072957,0.0,0.005112784529516912
47,2021-05-17,43538.04,-1,0,-0.062316746174472026,0.0,0.005112784529516912
48,2021-05-18,42849.78,-1,0,-0.015808244927883797,0.0,0.005112784529516912
49,2021-05-19,36690.09,-1,0,-0.1437507963868193,0.0,0.005112784529516912
50,2021-05-20,40526.64,-1,0,0.10456638291157105,0.0,0.005112784529516912
51,2021-05-21,37252.01,-1,0,-0.08080191202626219,0.0,0.005112784529516912
52,2021-05-22,37449.73,-1,0,0.005307633064632,0.0,0.005112784529516912
53,2021-05-23,34655.25,-1,0,-0.07461949658916112,0.0,0.005112784529516912
54,2021-05-24,38796.29,1,1,0.1194924289970496,0.0,0.005112784529516912
55,2021-05-25,38324.72,1,1,-0.012155028225637077,-0.012155028225637077,-0.007042243696120165
56,2021-05-26,39241.91,1,1,0.023932073084943717,0.023932073084943717,0.016889829388823552
57,2021-05-27,38529.98,1,1,-0.018142083298188116,-0.018142083298188116,-0.0012522539093645646
58,2021-05-28,35663.49,-1,0,-0.07439635317744797,-0.07439635317744797,-0.07564860708681254
59,2021-05-29,34605.15,-1,0,-0.029675727193272383,0.0,-0.07564860708681254
60,2021-05-30,35641.27,-1,0,0.029941208172771905,0.0,-0.07564860708681254
61,2021-05-31,37253.81,1,1,0.04524361786210207,0.0,-0.07564860708681254
62,2021-06-01,36693.09,-1,0,-0.015051346426043444,-0.015051346426043444,-0.09069995351285598
63,2021-06-02,37568.68,1,1,0.02386253106511349,0.0,-0.09069995351285598
64,2021-06-03,39246.79,1,1,0.044667792427096176,0.044667792427096176,-0.046032161085759804
65,2021-06-04,36829.0,-1,0,-0.06160478347401155,-0.06160478347401155,-0.10763694455977135
66,2021-06-05,35513.2,-1,0,-0.03572728013250437,0.0,-0.10763694455977135
67,2021-06-06,35796.31,-1,0,0.007971965353727573,0.0,-0.10763694455977135
68,2021-06-07,33552.79,-1,0,-0.06267461646186423,0.0,-0.10763694455977135
69,2021-06-08,33380.81,-1,0,-0.00512565423024447,0.0,-0.10763694455977135
70,2021-06-09,37388.05,1,1,0.12004621817145855,0.0,-0.10763694455977135
71,2021-06-10,36675.72,1,1,-0.0190523442650794,-0.0190523442650794,-0.12668928882485075
72,2021-06-11,37331.98,1,1,0.017893581911957,0.017893581911957,-0.10879570691289375
73,2021-06-12,35546.11,-1,0,-0.047837537682169584,-0.047837537682169584,-0.15663324459506334
74,2021-06-13,39020.57,1,1,0.09774515411109674,0.0,-0.15663324459506334
75,2021-06-14,40516.29,1,1,0.03833157742185733,0.03833157742185733,-0.118301667173206
76,2021-06-15,40144.04,1,1,-0.009187662542646469,-0.009187662542646469,-0.12748932971585247
77,2021-06-16,38349.01,1,1,-0.04471473224917066,-0.04471473224917066,-0.17220406196502314
78,2021-06-17,38092.97,-1,0,-0.006676573919378925,-0.006676573919378925,-0.17888063588440206
79,2021-06-18,35819.84,-1,0,-0.05967321529405567,0.0,-0.17888063588440206
80,2021-06-19,35483.72,-1,0,-0.00938362650419422,0.0,-0.17888063588440206
81,2021-06-20,35600.16,-1,0,0.003281504870402685,0.0,-0.17888063588440206
82,2021-06-21,31608.93,-1,0,-0.11211269836989501,0.0,-0.17888063588440206
83,2021-06-22,32509.56,-1,0,0.028492897418546104,0.0,-0.17888063588440206
84,2021-06-23,33678.07,-1,0,0.0359435809035864,0.0,-0.17888063588440206
85,2021-06-24,34663.09,1,1,0.029248113089615835,0.0,-0.17888063588440206
86,2021-06-25,31584.45,-1,0,-0.08881608650584805,-0.08881608650584805,-0.2676967223902501
87,2021-06-26,32283.65,-1,0,0.022137475878161617,0.0,-0.2676967223902501
88,2021-06-27,34700.34,1,1,0.07485801636432043,0.0,-0.2676967223902501
89,2021-06-28,34494.89,1,1,-0.0059206912670018985,-0.0059206912670018985,-0.273617413657252
90,2021-06-29,35911.73,1,1,0.04107390978779768,0.04107390978779768,-0.23254350386945433
91,2021-06-30,35045.0,1,1,-0.0241350110395685,-0.0241350110395685,-0.2566785149090228
92,2021-07-01,33504.69,-1,0,-0.043952346982451096,-0.043952346982451096,-0.3006308618914739
93,2021-07-02,33786.55,-1,0,0.008412553585781524,0.0,-0.3006308618914739
94,2021-07-03,34669.13,1,1,0.026122229111880113,0.0,-0.3006308618914739
95,2021-07-04,35286.51,1,1,0.017807773082278322,0.017807773082278322,-0.2828230888091956
96,2021-07-05,33690.14,-1,0,-0.04524023486595874,-0.04524023486595874,-0.32806332367515434
97,2021-07-06,34220.01,-1,0,0.01572774705002722,0.0,-0.32806332367515434
98,2021-07-07,33862.12,-1,0,-0.010458500742694055,0.0,-0.32806332367515434
99,2021-07-08,32875.71,-1,0,-0.02913019031295161,0.0,-0.32806332367515434
100,2021-07-09,33815.81,-1,0,0.028595580141082877,0.0,-0.32806332367515434
101,2021-07-10,33502.87,-1,0,-0.009254251191971874,0.0,-0.32806332367515434
102,2021-07-11,34258.99,1,1,0.022568812761414092,0.0,-0.32806332367515434
103,2021-07-12,33086.63,-1,0,-0.03422050679252364,-0.03422050679252364,-0.362283830467678
104,2021-07-13,32729.77,-1,0,-0.010785625492834905,0.0,-0.362283830467678
105,2021-07-14,32820.02,-1,0,0.002757428481776625,0.0,-0.362283830467678
106,2021-07-15,31880.0,-1,0,-0.02864166444749261,0.0,-0.362283830467678
107,2021-07-16,31383.87,-1,0,-0.015562421580928465,0.0,-0.362283830467678
108,2021-07-17,31520.07,-1,0,0.004339808952815494,0.0,-0.362283830467678
109,2021-07-18,31778.56,-1,0,0.008200806660645155,0.0,-0.362283830467678
110,2021-07-19,30839.65,-1,0,-0.02954539160994074,0.0,-0.362283830467678
111,2021-07-20,29790.35,-1,0,-0.034024380951145794,0.0,-0.362283830467678
112,2021-07-21,32144.51,1,1,0.079024247784937,0.0,-0.362283830467678
113,2021-07-22,32287.83,1,1,0.004458615172544311,0.004458615172544311,-0.35782521529513367
114,2021-07-23,33634.09,1,1,0.04169558623171632,0.04169558623171632,-0.31612962906341735
115,2021-07-24,34258.14,1,1,0.018554091994164246,0.018554091994164246,-0.2975755370692531
116,2021-07-25,35381.02,1,1,0.03277702759110679,0.03277702759110679,-0.2647985094781463
117,2021-07-26,37237.6,1,1,0.05247389702162342,0.05247389702162342,-0.2123246124565229
118,2021-07-27,39457.87,1,1,0.05962441188476175,0.05962441188476175,-0.15270020057176115
119,2021-07-28,40019.56,1,1,0.014235182993912021,0.014235182993912021,-0.13846501757784913
120,2021-07-29,40016.48,1,1,-7.696236540322143e-05,-7.696236540322143e-05,-0.13854197994325235
121,2021-07-30,42206.37,1,1,0.054724703422190046,0.054724703422190046,-0.0838172765210623
122,2021-07-31,41461.83,1,1,-0.01764046517148954,-0.01764046517148954,-0.10145774169255184
123,2021-08-01,39845.44,-1,0,-0.03898501344489613,-0.03898501344489613,-0.14044275513744797
124,2021-08-02,39147.82,-1,0,-0.017508151497385938,0.0,-0.14044275513744797
125,2021-08-03,38207.05,-1,0,-0.0240312231945482,0.0,-0.14044275513744797
126,2021-08-04,39723.18,-1,0,0.0396819435156599,0.0,-0.14044275513744797
127,2021-08-05,40862.46,1,1,0.028680483284570846,0.0,-0.14044275513744797
128,2021-08-06,42836.87,1,1,0.04831843212572129,0.04831843212572129,-0.09212432301172668
129,2021-08-07,44572.54,1,1,0.040518133094224584,0.040518133094224584,-0.0516061899175021
130,2021-08-08,43794.37,1,1,-0.017458506964153186,-0.017458506964153186,-0.06906469688165529
131,2021-08-09,46253.4,1,1,0.056149454827184364,0.056149454827184364,-0.012915242054470921
132,2021-08-10,45584.99,1,1,-0.014451045760960346,-0.014451045760960346,-0.027366287815431267
133,2021-08-11,45511.0,1,1,-0.0016231219969555788,-0.0016231219969555788,-0.028989409812386846
134,2021-08-12,44399.0,-1,0,-0.024433653402474165,-0.024433653402474165,-0.05342306321486101
135,2021-08-13,47800.0,1,1,0.07660082434289062,0.0,-0.05342306321486101
136,2021-08-14,47068.51,1,1,-0.015303138075313805,-0.015303138075313805,-0.06872620129017482
137,2021-08-15,46973.82,1,1,-0.002011748406737346,-0.002011748406737346,-0.07073794969691216
138,2021-08-16,45901.29,-1,0,-0.022832505425362415,-0.022832505425362415,-0.09357045512227458
139,2021-08-17,44695.95,-1,0,-0.026259392709878204,0.0,-0.09357045512227458
140,2021-08-18,44705.29,-1,0,0.00020896747915655212,0.0,-0.09357045512227458
141,2021-08-19,46760.62,1,1,0.04597509601212746,0.0,-0.09357045512227458
142,2021-08-20,49322.47,1,1,0.05478648486696702,0.05478648486696702,-0.038783970255307554
143,2021-08-21,48821.87,1,1,-0.01014953225173032,-0.01014953225173032,-0.048933502507037874
144,2021-08-22,49239.22,1,1,0.008548423073512001,0.008548423073512001,-0.04038507943352587
145,2021-08-23,49488.85,1,1,0.005069739122593786,0.005069739122593786,-0.035315340310932086
146,2021-08-24,47674.01,-1,0,-0.03667169473527865,-0.03667169473527865,-0.07198703504621073
147,2021-08-25,48973.32,1,1,0.027254053099372122,0.0,-0.07198703504621073
148,2021-08-26,46843.87,-1,0,-0.04348183868277655,-0.04348183868277655,-0.11546887372898729
149,2021-08-27,49069.9,1,1,0.047520198480612175,0.0,-0.11546887372898729
150,2021-08-28,48895.35,1,1,-0.0035571704853688546,-0.0035571704853688546,-0.11902604421435614
151,2021-08-29,48767.83,1,1,-0.0026080189629483774,-0.0026080189629483774,-0.12163406317730452
152,2021-08-30,46982.91,-1,0,-0.036600357243699366,-0.036600357243699366,-0.15823442042100389
153,2021-08-31,47100.89,-1,0,0.0025111258540604364,0.0,-0.15823442042100389
154,2021-09-01,48810.52,1,1,0.036297190987261585,0.0,-0.15823442042100389
155,2021-09-02,49246.64,1,1,0.008934959103078732,0.008934959103078732,-0.14929946131792515
156,2021-09-03,49999.14,1,1,0.015280230285761531,0.015280230285761531,-0.13401923103216362
157,2021-09-04,49915.64,1,1,-0.001670028724494066,-0.001670028724494066,-0.1356892597566577
158,2021-09-05,51756.88,1,1,0.036887035806813184,0.036887035806813184,-0.0988022239498445
159,2021-09-06,52663.9,1,1,0.017524626677651423,0.017524626677651423,-0.08127759727219308
160,2021-09-07,46863.73,-1,0,-0.11013559573066178,-0.11013559573066178,-0.19141319300285486
161,2021-09-08,46048.31,-1,0,-0.017399810044996578,0.0,-0.19141319300285486
162,2021-09-09,46395.14,-1,0,0.007531872505201598,0.0,-0.19141319300285486
163,2021-09-10,44850.91,-1,0,-0.033284305209554166,0.0,-0.19141319300285486
164,2021-09-11,45173.69,-1,0,0.007196732463176314,0.0,-0.19141319300285486
165,2021-09-12,46025.24,-1,0,0.0188505743055305,0.0,-0.19141319300285486
166,2021-09-13,44940.73,-1,0,-0.02356337522628882,0.0,-0.19141319300285486
167,2021-09-14,47111.52,1,1,0.04830339872093736,0.0,-0.19141319300285486
168,2021-09-15,48121.41,1,1,0.02143615828994716,0.02143615828994716,-0.1699770347129077
169,2021-09-16,47737.82,1,1,-0.007971295936673561,-0.007971295936673561,-0.17794833064958127
170,2021-09-17,47299.98,1,1,-0.009171763603784133,-0.009171763603784133,-0.1871200942533654
171,2021-09-18,48292.74,1,1,0.020988592384182825,0.020988592384182825,-0.16613150186918257
172,2021-09-19,47241.75,-1,0,-0.02176289852263502,-0.02176289852263502,-0.1878944003918176
173,2021-09-20,43015.62,-1,0,-0.08945752432964482,0.0,-0.1878944003918176
174,2021-09-21,40734.38,-1,0,-0.05303282853995839,0.0,-0.1878944003918176
175,2021-09-22,43543.61,-1,0,0.0689645945267856,0.0,-0.1878944003918176
176,2021-09-23,44865.26,-1,0,0.03035232953813427,0.0,-0.1878944003918176
177,2021-09-24,42810.57,-1,0,-0.045796903885099605,0.0,-0.1878944003918176
178,2021-09-25,42670.64,-1,0,-0.003268585304984306,0.0,-0.1878944003918176
179,2021-09-26,43160.9,1,1,0.011489398799736872,0.0,-0.1878944003918176
180,2021-09-27,42147.35,-1,0,-0.023483059899121694,-0.023483059899121694,-0.2113774602909393
181,2021-09-28,41026.54,-1,0,-0.026592656477809395,0.0,-0.2113774602909393
182,2021-09-29,41524.28,-1,0,0.012132146654336484,0.0,-0.2113774602909393
183,2021-09-30,43824.1,1,1,0.05538494586781506,0.0,-0.2113774602909393
184,2021-10-01,48141.61,1,1,0.09851907968446594,0.09851907968446594,-0.11285838060647335
185,2021-10-02,47634.9,1,1,-0.010525406192273157,-0.010525406192273157,-0.12338378679874651
186,2021-10-03,48200.01,1,1,0.011863360687227154,0.011863360687227154,-0.11152042611151936
187,2021-10-04,49224.94,1,1,0.021264103472177665,0.021264103472177665,-0.09025632263934169
188,2021-10-05,51471.99,1,1,0.045648608205515195,0.045648608205515195,-0.044607714433826495
189,2021-10-06,55315.0,1,1,0.07466216091509192,0.07466216091509192,0.03005444648126543
190,2021-10-07,53785.22,1,1,-0.027655789568833078,-0.027655789568833078,0.002398656912432351
191,2021-10-08,53951.43,1,1,0.003090254162760653,0.003090254162760653,0.005488911075193004
192,2021-10-09,54949.72,1,1,0.01850349471737811,0.01850349471737811,0.023992405792571114
193,2021-10-10,54659.0,1,1,-0.005290654802244665,-0.005290654802244665,0.01870175099032645
194,2021-10-11,57471.35,1,1,0.05145264274867811,0.05145264274867811,0.07015439373900456
195,2021-10-12,55996.93,1,1,-0.025654869774244027,-0.025654869774244027,0.044499523964760535
196,2021-10-13,57367.0,1,1,0.02446687702343686,0.02446687702343686,0.0689664009881974
197,2021-10-14,57347.94,1,1,-0.00033224676207577186,-0.00033224676207577186,0.06863415422612162
198,2021-10-15,61672.42,1,1,0.0754077653007239,0.0754077653007239,0.14404191952684553
199,2021-10-16,60875.57,1,1,-0.012920686426769024,-0.012920686426769024,0.1311212331000765
200,2021-10-17,61528.33,1,1,0.01072285647592297,0.01072285647592297,0.14184408957599948
201,2021-10-18,62009.84,1,1,0.007825825924415497,0.007825825924415497,0.14966991550041497
202,2021-10-19,64280.59,1,1,0.03661918818045651,0.03661918818045651,0.18628910368087148
203,2021-10-20,66001.41,1,1,0.026770445013028166,0.026770445013028166,0.21305954869389965
204,2021-10-21,62193.15,-1,0,-0.05769967641600382,-0.05769967641600382,0.15535987227789583
205,2021-10-22,60688.22,-1,0,-0.02419768093431507,0.0,0.15535987227789583
206,2021-10-23,61286.75,-1,0,0.009862375268215207,0.0,0.15535987227789583
207,2021-10-24,60852.22,-1,0,-0.007090113278971355,0.0,0.15535987227789583
208,2021-10-25,63078.78,1,1,0.036589626475418635,0.0,0.15535987227789583
209,2021-10-26,60328.81,-1,0,-0.04359580194797685,-0.04359580194797685,0.11176407032991897
210,2021-10-27,58413.44,-1,0,-0.03174884437468595,0.0,0.11176407032991897
211,2021-10-28,60575.89,-1,0,0.0370197338146836,0.0,0.11176407032991897
212,2021-10-29,62253.71,1,1,0.027697818389461615,0.0,0.11176407032991897
213,2021-10-30,61859.19,1,1,-0.006337292990249099,-0.006337292990249099,0.10542677733966987
214,2021-10-31,61299.8,1,1,-0.009042957077194158,-0.009042957077194158,0.09638382026247572
215,2021-11-01,60911.11,1,1,-0.006340803722035049,-0.006340803722035049,0.09004301654044067
216,2021-11-02,63219.99,1,1,0.03790572852801399,0.03790572852801399,0.12794874506845466
217,2021-11-03,62896.48,1,1,-0.005117210553180929,-0.005117210553180929,0.12283153451527373
218,2021-11-04,61395.01,-1,0,-0.023872083143603562,-0.023872083143603562,0.09895945137167017
219,2021-11-05,60937.12,-1,0,-0.0074580979789725665,0.0,0.09895945137167017
220,2021-11-06,61470.61,-1,0,0.008754762286107276,0.0,0.09895945137167017
221,2021-11-07,63273.59,1,1,0.029330764734561754,0.0,0.09895945137167017
222,2021-11-08,67525.83,1,1,0.06720402619797627,0.06720402619797627,0.16616347756964644
223,2021-11-09,66947.66,1,1,-0.008562205011030555,-0.008562205011030555,0.1576012725586159
224,2021-11-10,64882.43,1,1,-0.030848426965184528,-0.030848426965184528,0.12675284559343136
225,2021-11-11,64774.26,1,1,-0.0016671693708142366,-0.0016671693708142366,0.12508567622261713
226,2021-11-12,64122.23,-1,0,-0.010066189872335096,-0.010066189872335096,0.11501948635028203
227,2021-11-13,64380.0,-1,0,0.004019978718768691,0.0,0.11501948635028203
228,2021-11-14,65519.1,1,1,0.017693383038210664,0.0,0.11501948635028203
229,2021-11-15,63606.74,-1,0,-0.029187824619080538,-0.029187824619080538,0.08583166173120149
230,2021-11-16,60058.87,-1,0,-0.05577820840998915,0.0,0.08583166173120149
231,2021-11-17,60344.87,-1,0,0.004761994356537125,0.0,0.08583166173120149
232,2021-11-18,56891.62,-1,0,-0.05722524549311314,0.0,0.08583166173120149
233,2021-11-19,58052.24,-1,0,0.020400544052006087,0.0,0.08583166173120149
234,2021-11-20,59707.51,-1,0,0.028513456156041617,0.0,0.08583166173120149
235,2021-11-21,58622.02,-1,0,-0.01818012507974298,0.0,0.08583166173120149
236,2021-11-22,56247.18,-1,0,-0.04051105710789216,0.0,0.08583166173120149
237,2021-11-23,57541.27,-1,0,0.02300719787196437,0.0,0.08583166173120149
238,2021-11-24,57138.29,-1,0,-0.007003321268369556,0.0,0.08583166173120149
239,2021-11-25,58960.36,1,1,0.03188877371023868,0.0,0.08583166173120149
240,2021-11-26,53726.53,-1,0,-0.08876862352943571,-0.08876862352943571,-0.0029369617982342167
241,2021-11-27,54721.03,-1,0,0.018510408172647708,0.0,-0.0029369617982342167
242,2021-11-28,57274.88,1,1,0.046670356899349175,0.0,-0.0029369617982342167
243,2021-11-29,57776.25,1,1,0.008753750335225519,0.008753750335225519,0.005816788536991302
244,2021-11-30,56950.56,1,1,-0.014291166352956464,-0.014291166352956464,-0.008474377815965162
245,2021-12-01,57184.07,1,1,0.004100223070677478,0.004100223070677478,-0.004374154745287684
246,2021-12-02,56480.34,1,1,-0.012306399317152494,-0.012306399317152494,-0.016680554062440178
247,2021-12-03,53601.05,-1,0,-0.050978623712250926,-0.050978623712250926,-0.0676591777746911
248,2021-12-04,49152.47,-1,0,-0.08299426970180623,0.0,-0.0676591777746911
249,2021-12-05,49396.33,-1,0,0.004961296960254602,0.0,-0.0676591777746911
250,2021-12-06,50441.92,-1,0,0.021167362028717385,0.0,-0.0676591777746911
251,2021-12-07,50588.95,-1,0,0.00291483750023791,0.0,-0.0676591777746911
252,2021-12-08,50471.19,-1,0,-0.002327781066813861,0.0,-0.0676591777746911
253,2021-12-09,47545.59,-1,0,-0.057965742436427714,0.0,-0.0676591777746911
254,2021-12-10,47140.54,-1,0,-0.0085191917904478,0.0,-0.0676591777746911
255,2021-12-11,49389.99,1,1,0.04771795147022062,0.0,-0.0676591777746911
256,2021-12-12,50053.9,1,1,0.013442197497914199,0.013442197497914199,-0.054216980276776905
257,2021-12-13,46702.75,-1,0,-0.06695082700848487,-0.06695082700848487,-0.12116780728526177
258,2021-12-14,48343.28,-1,0,0.035127053546097464,0.0,-0.12116780728526177
259,2021-12-15,48864.98,1,1,0.010791572272299321,0.0,-0.12116780728526177
260,2021-12-16,47632.38,-1,0,-0.02522460870750398,-0.02522460870750398,-0.14639241599276576
261,2021-12-17,46131.2,-1,0,-0.03151595616259362,0.0,-0.14639241599276576
262,2021-12-18,46834.48,-1,0,0.015245213651498446,0.0,-0.14639241599276576
263,2021-12-19,46681.23,-1,0,-0.003272161877317714,0.0,-0.14639241599276576
264,2021-12-20,46914.16,-1,0,0.004989799968852626,0.0,-0.14639241599276576
265,2021-12-21,48889.88,1,1,0.042113511144609594,0.0,-0.14639241599276576
266,2021-12-22,48588.16,1,1,-0.00617142034302387,-0.00617142034302387,-0.15256383633578963
267,2021-12-23,50838.81,1,1,0.04632095555789717,0.04632095555789717,-0.10624288077789246
268,2021-12-24,50820.0,1,1,-0.00036999292469663825,-0.00036999292469663825,-0.1066128737025891
269,2021-12-25,50399.66,1,1,-0.008271153089334793,-0.008271153089334793,-0.11488402679192389
270,2021-12-26,50775.49,1,1,0.007456994749567736,0.007456994749567736,-0.10742703204235615
271,2021-12-27,50701.44,1,1,-0.0014583808053845182,-0.0014583808053845182,-0.10888541284774067
272,2021-12-28,47543.74,-1,0,-0.06228028237462302,-0.06228028237462302,-0.1711656952223637
273,2021-12-29,46464.66,-1,0,-0.022696573723480662,0.0,-0.1711656952223637
274,2021-12-30,47120.87,-1,0,0.014122776320756536,0.0,-0.1711656952223637
275,2021-12-31,46216.93,-1,0,-0.01918343188485272,0.0,-0.1711656952223637
276,2022-01-01,47722.65,-1,0,0.032579403261964845,0.0,-0.1711656952223637
277,2022-01-02,47286.18,-1,0,-0.009145971566960398,0.0,-0.1711656952223637
278,2022-01-03,46446.1,-1,0,-0.01776586732106511,0.0,-0.1711656952223637
279,2022-01-04,45832.01,-1,0,-0.013221562197902492,0.0,-0.1711656952223637
280,2022-01-05,43451.13,-1,0,-0.0519479726069183,0.0,-0.1711656952223637
281,2022-01-06,43082.31,-1,0,-0.008488156694659077,0.0,-0.1711656952223637
282,2022-01-07,41566.48,-1,0,-0.0351845107655554,0.0,-0.1711656952223637
283,2022-01-08,41679.74,-1,0,0.002724791707163998,0.0,-0.1711656952223637
284,2022-01-09,41864.62,-1,0,0.004435728245905768,0.0,-0.1711656952223637
285,2022-01-10,41822.49,-1,0,-0.0010063390041520348,0.0,-0.1711656952223637
286,2022-01-11,42729.29,1,1,0.021682114096984728,0.0,-0.1711656952223637
287,2022-01-12,43902.66,1,1,0.027460554575093665,0.027460554575093665,-0.14370514064727002
288,2022-01-13,42560.11,1,1,-0.03058015163545902,-0.03058015163545902,-0.17428529228272904
289,2022-01-14,43059.96,1,1,0.011744565509816507,0.011744565509816507,-0.16254072677291254
290,2022-01-15,43084.29,1,1,0.0005650260706233645,0.0005650260706233645,-0.16197570070228917
291,2022-01-16,43071.66,1,1,-0.0002931462953200681,-0.0002931462953200681,-0.16226884699760924
292,2022-01-17,42201.62,-1,0,-0.020199825128634497,-0.020199825128634497,-0.18246867212624374
293,2022-01-18,42352.12,-1,0,0.003566213808853691,0.0,-0.18246867212624374
294,2022-01-19,41660.01,-1,0,-0.01634180296051302,0.0,-0.18246867212624374
295,2022-01-20,40680.91,-1,0,-0.023502154704235556,0.0,-0.18246867212624374
296,2022-01-21,36445.31,-1,0,-0.10411763158690412,0.0,-0.18246867212624374
297,2022-01-22,35071.42,-1,0,-0.03769730590849685,0.0,-0.18246867212624374
298,2022-01-23,36244.55,-1,0,0.033449743409305954,0.0,-0.18246867212624374
299,2022-01-24,36660.35,-1,0,0.011472069593911227,0.0,-0.18246867212624374
300,2022-01-25,36958.32,-1,0,0.008127854753159802,0.0,-0.18246867212624374
301,2022-01-26,36809.34,-1,0,-0.004031027384361674,0.0,-0.18246867212624374
302,2022-01-27,37160.1,1,1,0.009529103211304513,0.0,-0.18246867212624374
303,2022-01-28,37716.56,1,1,0.01497466368497391,0.01497466368497391,-0.16749400844126983
304,2022-01-29,38166.84,1,1,0.011938522495158699,0.011938522495158699,-0.15555548594611113
305,2022-01-30,37881.76,1,1,-0.0074693110564038045,-0.0074693110564038045,-0.16302479700251493
306,2022-01-31,38466.9,1,1,0.015446484007078931,0.015446484007078931,-0.147578312995436
307,2022-02-01,38694.59,1,1,0.005919114875386322,0.005919114875386322,-0.14165919812004968
308,2022-02-02,36896.36,-1,0,-0.046472388000493026,-0.046472388000493026,-0.1881315861205427
309,2022-02-03,37311.61,-1,0,0.011254497733651725,0.0,-0.1881315861205427
310,2022-02-04,41574.25,1,1,0.11424433306415893,0.0,-0.1881315861205427
311,2022-02-05,41382.59,1,1,-0.004610065124446061,-0.004610065124446061,-0.19274165124498877
312,2022-02-06,42380.87,1,1,0.02412318803632174,0.02412318803632174,-0.16861846320866702
313,2022-02-07,43839.99,1,1,0.03442874108058658,0.03442874108058658,-0.13418972212808045
314,2022-02-08,44042.99,1,1,0.004630475508776266,0.004630475508776266,-0.12955924661930418
315,2022-02-09,44372.72,1,1,0.007486548937753801,0.007486548937753801,-0.12207269768155038
316,2022-02-10,43495.44,1,1,-0.01977070596528674,-0.01977070596528674,-0.14184340364683712
317,2022-02-11,42373.73,-1,0,-0.025789140194926174,-0.025789140194926174,-0.1676325438417633
318,2022-02-12,42217.87,-1,0,-0.003678222332563097,0.0,-0.1676325438417633
319,2022-02-13,42053.66,-1,0,-0.0038895851448687013,0.0,-0.1676325438417633
320,2022-02-14,42535.94,-1,0,0.01146820514552127,0.0,-0.1676325438417633
321,2022-02-15,44544.86,1,1,0.04722876701443535,0.0,-0.1676325438417633
322,2022-02-16,43873.56,1,1,-0.015070201141052064,-0.015070201141052064,-0.18270274498281536
323,2022-02-17,40515.7,-1,0,-0.07653493356819008,-0.07653493356819008,-0.25923767855100543
324,2022-02-18,39974.44,-1,0,-0.013359265667383102,0.0,-0.25923767855100543
325,2022-02-19,40079.17,-1,0,0.0026199241315199018,0.0,-0.25923767855100543
326,2022-02-20,38386.89,-1,0,-0.042223429277602254,0.0,-0.25923767855100543
327,2022-02-21,37008.16,-1,0,-0.035916689265527824,0.0,-0.25923767855100543
328,2022-02-22,38230.33,-1,0,0.03302433841617636,0.0,-0.25923767855100543
329,2022-02-23,37250.01,-1,0,-0.025642467642837508,0.0,-0.25923767855100543
330,2022-02-24,38327.21,-1,0,0.02891811304211722,0.0,-0.25923767855100543
331,2022-02-25,39219.17,1,1,0.02327223922638777,0.0,-0.25923767855100543
332,2022-02-26,39116.72,1,1,-0.0026122429413982795,-0.0026122429413982795,-0.2618499214924037
333,2022-02-27,37699.07,-1,0,-0.03624153558887355,-0.03624153558887355,-0.29809145708127727
334,2022-02-28,43160.0,1,1,0.14485582800848928,0.0,-0.29809145708127727
335,2022-03-01,44421.2,1,1,0.029221501390175986,0.029221501390175986,-0.2688699556911013
336,2022-03-02,43892.98,1,1,-0.011891169081429398,-0.011891169081429398,-0.2807611247725307
337,2022-03-03,42454.0,1,1,-0.032783830124999525,-0.032783830124999525,-0.3135449548975302
338,2022-03-04,39148.66,-1,0,-0.07785697460781071,-0.07785697460781071,-0.3914019295053409
339,2022-03-05,39397.96,-1,0,0.006368034052761873,0.0,-0.3914019295053409
340,2022-03-06,38420.81,-1,0,-0.024802045588147248,0.0,-0.3914019295053409
341,2022-03-07,37988.0,-1,0,-0.011264988947395915,0.0,-0.3914019295053409
342,2022-03-08,38730.63,-1,0,0.019549068126776703,0.0,-0.3914019295053409
343,2022-03-09,41941.71,1,1,0.08290802395933139,0.0,-0.3914019295053409
344,2022-03-10,39422.0,1,1,-0.0600764727999884,-0.0600764727999884,-0.4514784023053293
345,2022-03-11,38729.57,-1,0,-0.01756455786109279,-0.01756455786109279,-0.4690429601664221
346,2022-03-12,38807.36,-1,0,0.0020085428265792515,0.0,-0.4690429601664221
347,2022-03-13,37777.34,-1,0,-0.026541872469552308,0.0,-0.4690429601664221
348,2022-03-14,39671.37,1,1,0.05013666923081428,0.0,-0.4690429601664221
349,2022-03-15,39280.33,-1,0,-0.00985698250400735,-0.00985698250400735,-0.47889994267042946
350,2022-03-16,41114.0,1,1,0.04668163429380545,0.0,-0.47889994267042946
351,2022-03-17,40917.9,1,1,-0.004769664834362919,-0.004769664834362919,-0.4836696075047924
352,2022-03-18,41757.51,1,1,0.020519381493185218,0.020519381493185218,-0.46315022601160716
353,2022-03-19,42201.13,1,1,0.010623717745622097,0.010623717745622097,-0.45252650826598506
354,2022-03-20,41262.11,1,1,-0.022251062945470856,-0.022251062945470856,-0.4747775712114559
355,2022-03-21,41002.25,-1,0,-0.006297787485904149,-0.006297787485904149,-0.48107535869736007
356,2022-03-22,42364.13,1,1,0.03321476260449119,0.0,-0.48107535869736007
357,2022-03-23,42882.76,1,1,0.012242196405308103,0.012242196405308103,-0.46883316229205196
358,2022-03-24,43991.46,1,1,0.025854212741903693,0.025854212741903693,-0.44297894955014827
359,2022-03-25,44313.16,1,1,0.007312782981060417,0.007312782981060417,-0.43566616656908785
360,2022-03-26,44511.27,1,1,0.004470680944441696,0.004470680944441696,-0.43119548562464616
361,2022-03-27,46827.76,1,1,0.05204277478490282,0.05204277478490282,-0.37915271083974333
362,2022-03-28,47122.21,1,1,0.00628793689896745,0.00628793689896745,-0.3728647739407759
363,2022-03-29,47434.8,1,1,0.006633602286480356,0.006633602286480356,-0.36623117165429553
364,2022-03-30,47067.99,1,1,-0.007732930253737891,-0.007732930253737891,-0.3739641019080334
365,2022-03-31,45510.34,-1,0,-0.033093616277219406,-0.033093616277219406,-0.4070577181852528
366,2022-04-01,46283.49,-1,0,0.016988447021050623,0.0,-0.4070577181852528
367,2022-04-02,45811.0,-1,0,-0.010208607864272912,0.0,-0.4070577181852528
368,2022-04-03,46407.35,-1,0,0.013017615856453668,0.0,-0.4070577181852528
369,2022-04-04,46580.51,1,1,0.003731305493634096,0.0,-0.4070577181852528
370,2022-04-05,45497.55,-1,0,-0.023249208735584892,-0.023249208735584892,-0.4303069269208377
371,2022-04-06,43170.47,-1,0,-0.05114736947374088,0.0,-0.4303069269208377
372,2022-04-07,43444.19,-1,0,0.006340445216371338,0.0,-0.4303069269208377
373,2022-04-08,42252.01,-1,0,-0.0274416440955626,0.0,-0.4303069269208377
374,2022-04-09,42753.97,-1,0,0.011880144873581244,0.0,-0.4303069269208377
375,2022-04-10,42158.85,-1,0,-0.013919643017946681,0.0,-0.4303069269208377
376,2022-04-11,39530.45,-1,0,-0.06234515410168928,0.0,-0.4303069269208377
377,2022-04-12,40074.94,-1,0,0.01377393882437472,0.0,-0.4303069269208377
378,2022-04-13,41147.79,-1,0,0.026771094354726355,0.0,-0.4303069269208377
379,2022-04-14,39942.38,-1,0,-0.02929464741605814,0.0,-0.4303069269208377
380,2022-04-15,40551.9,-1,0,0.015259982004077077,0.0,-0.4303069269208377
381,2022-04-16,40378.71,-1,0,-0.004270823315307148,0.0,-0.4303069269208377
382,2022-04-17,39678.12,-1,0,-0.01735047999304573,0.0,-0.4303069269208377
383,2022-04-18,40801.13,1,1,0.028303004275403998,0.0,-0.4303069269208377
384,2022-04-19,41493.18,1,1,0.016961540035778544,0.016961540035778544,-0.4133453868850592
385,2022-04-20,41358.19,1,1,-0.0032533057239767516,-0.0032533057239767516,-0.4165986926090359
386,2022-04-21,40480.01,-1,0,-0.021233521099448538,-0.021233521099448538,-0.43783221370848446
387,2022-04-22,39709.18,-1,0,-0.01904223837889374,0.0,-0.43783221370848446
388,2022-04-23,39441.6,-1,0,-0.00673849220759537,0.0,-0.43783221370848446
389,2022-04-24,39450.13,-1,0,0.00021626911687144812,0.0,-0.43783221370848446
390,2022-04-25,40426.08,1,1,0.024738828490552534,0.0,-0.43783221370848446
391,2022-04-26,38112.65,-1,0,-0.057226176765098224,-0.057226176765098224,-0.4950583904735827
392,2022-04-27,39235.72,-1,0,0.029467119184837465,0.0,-0.4950583904735827
393,2022-04-28,39742.07,1,1,0.012905332182001406,0.0,-0.4950583904735827
394,2022-04-29,38596.11,-1,0,-0.028834934868767537,-0.028834934868767537,-0.5238933253423502
395,2022-04-30,37630.8,-1,0,-0.025010551581493567,0.0,-0.5238933253423502
396,2022-05-01,38468.35,-1,0,0.022257034131615505,0.0,-0.5238933253423502
397,2022-05-02,38525.16,-1,0,0.0014767984589929561,0.0,-0.5238933253423502
398,2022-05-03,37728.95,-1,0,-0.02066727302365534,0.0,-0.5238933253423502
399,2022-05-04,39690.0,1,1,0.0519773277549469,0.0,-0.5238933253423502
400,2022-05-05,36552.97,-1,0,-0.07903829680020158,-0.07903829680020158,-0.6029316221425518
401,2022-05-06,36013.77,-1,0,-0.014751195320106825,0.0,-0.6029316221425518
402,2022-05-07,35472.39,-1,0,-0.015032583370194197,0.0,-0.6029316221425518
403,2022-05-08,34038.4,-1,0,-0.040425525317014155,0.0,-0.6029316221425518
404,2022-05-09,30076.31,-1,0,-0.11640059462254393,0.0,-0.6029316221425518
405,2022-05-10,31017.1,-1,0,0.031280100517649734,0.0,-0.6029316221425518
406,2022-05-11,29103.94,-1,0,-0.061680814776365334,0.0,-0.6029316221425518
407,2022-05-12,29029.75,-1,0,-0.002549139394872224,0.0,-0.6029316221425518
408,2022-05-13,29287.05,-1,0,0.00886332124803002,0.0,-0.6029316221425518
409,2022-05-14,30086.74,-1,0,0.02730524241943111,0.0,-0.6029316221425518
410,2022-05-15,31328.89,1,1,0.04128562948328729,0.0,-0.6029316221425518
411,2022-05-16,29874.01,-1,0,-0.04643892586044385,-0.04643892586044385,-0.6493705480029957
412,2022-05-17,30444.93,1,1,0.019110926186340693,0.0,-0.6493705480029957
413,2022-05-18,28715.32,-1,0,-0.05681110122440747,-0.05681110122440747,-0.7061816492274031
414,2022-05-19,30319.23,1,1,0.0558555502776914,0.0,-0.7061816492274031
415,2022-05-20,29201.01,-1,0,-0.03688154349566264,-0.03688154349566264,-0.7430631927230658
416,2022-05-21,29445.06,-1,0,0.008357587631386831,0.0,-0.7430631927230658
417,2022-05-22,30293.94,1,1,0.0288292840972304,0.0,-0.7430631927230658
418,2022-05-23,29109.15,-1,0,-0.03910980215845139,-0.03910980215845139,-0.7821729948815171
419,2022-05-24,29654.58,1,1,0.018737407310072562,0.0,-0.7821729948815171
420,2022-05-25,29542.15,-1,0,-0.0037913199242747275,-0.0037913199242747275,-0.7859643148057919
421,2022-05-26,29201.35,-1,0,-0.011536059494654305,0.0,-0.7859643148057919
422,2022-05-27,28629.8,-1,0,-0.019572725233593657,0.0,-0.7859643148057919
423,2022-05-28,29031.33,-1,0,0.01402489713515287,0.0,-0.7859643148057919
424,2022-05-29,29468.1,1,1,0.015044780931497082,0.0,-0.7859643148057919
425,2022-05-30,31734.22,1,1,0.07690078423787083,0.07690078423787083,-0.709063530567921
426,2022-05-31,31801.04,1,1,0.002105613435591014,0.002105613435591014,-0.70695791713233
427,2022-06-01,29805.83,-1,0,-0.06274040094286226,-0.06274040094286226,-0.7696983180751923
428,2022-06-02,30452.62,1,1,0.02170011705763586,0.0,-0.7696983180751923
429,2022-06-03,29700.21,-1,0,-0.02470756210795655,-0.02470756210795655,-0.7944058801831488
430,2022-06-04,29864.04,-1,0,0.005516122613274499,0.0,-0.7944058801831488
431,2022-06-05,29919.21,-1,0,0.001847372291223781,0.0,-0.7944058801831488
432,2022-06-06,31373.1,1,1,0.048593863273796334,0.0,-0.7944058801831488
433,2022-06-07,31125.33,1,1,-0.007897530049628454,-0.007897530049628454,-0.8023034102327773
434,2022-06-08,30204.77,-1,0,-0.0295759113236711,-0.0295759113236711,-0.8318793215564484
435,2022-06-09,30109.93,-1,0,-0.00313990141292253,0.0,-0.8318793215564484
436,2022-06-10,29091.88,-1,0,-0.03381110484149241,0.0,-0.8318793215564484
437,2022-06-11,28424.7,-1,0,-0.02293354709286577,0.0,-0.8318793215564484
438,2022-06-12,26574.53,-1,0,-0.06509022082906779,0.0,-0.8318793215564484
439,2022-06-13,22487.41,-1,0,-0.153798392671479,0.0,-0.8318793215564484
440,2022-06-14,22136.41,-1,0,-0.015608733953799026,0.0,-0.8318793215564484
441,2022-06-15,22583.72,-1,0,0.02020698026464096,0.0,-0.8318793215564484
442,2022-06-16,20401.31,-1,0,-0.09663642659402438,0.0,-0.8318793215564484
443,2022-06-17,20468.81,-1,0,0.0033086110646816103,0.0,-0.8318793215564484
444,2022-06-18,18970.79,-1,0,-0.07318549539518904,0.0,-0.8318793215564484
445,2022-06-19,20574.0,-1,0,0.08450939576053496,0.0,-0.8318793215564484
446,2022-06-20,20573.89,-1,0,-5.346553903051721e-06,0.0,-0.8318793215564484
447,2022-06-21,20723.52,1,1,0.007272810343595726,0.0,-0.8318793215564484
448,2022-06-22,19987.99,-1,0,-0.035492522505829016,-0.035492522505829016,-0.8673718440622774
449,2022-06-23,21110.13,1,1,0.056140712497855016,0.0,-0.8673718440622774
450,2022-06-24,21237.69,1,1,0.006042596611200324,0.006042596611200324,-0.8613292474510771
451,2022-06-25,21491.19,1,1,0.011936326408380493,0.011936326408380493,-0.8493929210426966
452,2022-06-26,21038.07,1,1,-0.021083988369187567,-0.021083988369187567,-0.8704769094118842
453,2022-06-27,20742.56,-1,0,-0.014046440571782393,-0.014046440571782393,-0.8845233499836666
454,2022-06-28,20281.29,-1,0,-0.022237852994037355,0.0,-0.8845233499836666
455,2022-06-29,20123.01,-1,0,-0.007804237304431916,0.0,-0.8845233499836666
456,2022-06-30,19942.21,-1,0,-0.008984739360562877,0.0,-0.8845233499836666
457,2022-07-01,19279.8,-1,0,-0.03321647901611702,0.0,-0.8845233499836666
458,2022-07-02,19252.81,-1,0,-0.00139991078745616,0.0,-0.8845233499836666
459,2022-07-03,19315.83,-1,0,0.003273288418677689,0.0,-0.8845233499836666
460,2022-07-04,20236.71,1,1,0.04767488634969341,0.0,-0.8845233499836666
461,2022-07-05,20175.83,1,1,-0.003008394151025384,-0.003008394151025384,-0.887531744134692
462,2022-07-06,20564.51,1,1,0.019264634961733806,0.019264634961733806,-0.868267109172958
463,2022-07-07,21624.98,1,1,0.051567968310453294,0.051567968310453294,-0.8166991408625048
464,2022-07-08,21594.75,1,1,-0.001397920368018779,-0.001397920368018779,-0.8180970612305236
465,2022-07-09,21591.83,1,1,-0.00013521805068350545,-0.00013521805068350545,-0.8182322792812071
466,2022-07-10,20862.47,-1,0,-0.0337794434283708,-0.0337794434283708,-0.8520117227095779
467,2022-07-11,19963.61,-1,0,-0.04308502301021888,0.0,-0.8520117227095779
468,2022-07-12,19328.75,-1,0,-0.0318008616678046,0.0,-0.8520117227095779
469,2022-07-13,20234.87,-1,0,0.046879389510444236,0.0,-0.8520117227095779
470,2022-07-14,20588.84,-1,0,0.01749307013091772,0.0,-0.8520117227095779
471,2022-07-15,20830.04,1,1,0.011715084482661453,0.0,-0.8520117227095779
472,2022-07-16,21195.6,1,1,0.017549654249343627,0.017549654249343627,-0.8344620684602343
473,2022-07-17,20798.16,1,1,-0.018751061541074532,-0.018751061541074532,-0.8532131300013088
474,2022-07-18,22432.58,1,1,0.07858483635090807,0.07858483635090807,-0.7746282936504008
475,2022-07-19,23396.62,1,1,0.04297499440545827,0.04297499440545827,-0.7316532992449425
476,2022-07-20,23223.3,1,1,-0.007407907637940858,-0.007407907637940858,-0.7390612068828833
477,2022-07-21,23152.19,1,1,-0.003062010997575748,-0.003062010997575748,-0.7421232178804591
478,2022-07-22,22684.83,1,1,-0.020186427288303888,-0.020186427288303888,-0.762309645168763
479,2022-07-23,22451.07,-1,0,-0.010304683790885893,-0.010304683790885893,-0.7726143289596489
480,2022-07-24,22579.68,-1,0,0.00572845748554518,0.0,-0.7726143289596489
481,2022-07-25,21310.9,-1,0,-0.056191230345159826,0.0,-0.7726143289596489
482,2022-07-26,21254.67,-1,0,-0.0026385558563929434,0.0,-0.7726143289596489
483,2022-07-27,22952.45,1,1,0.07987797505207106,0.0,-0.7726143289596489
484,2022-07-28,23842.93,1,1,0.038796729760875115,0.038796729760875115,-0.7338175991987738
485,2022-07-29,23773.75,1,1,-0.0029014890367921042,-0.0029014890367921042,-0.7367190882355659
486,2022-07-30,23643.51,1,1,-0.005478311162521732,-0.005478311162521732,-0.7421973993980876
487,2022-07-31,23293.32,1,1,-0.014811252643960215,-0.014811252643960215,-0.7570086520420478
488,2022-08-01,23268.01,1,1,-0.0010865776110919878,-0.0010865776110919878,-0.7580952296531398
489,2022-08-02,22987.79,-1,0,-0.012043144213879864,-0.012043144213879864,-0.7701383738670197
490,2022-08-03,22818.37,-1,0,-0.007369999464933441,0.0,-0.7701383738670197
491,2022-08-04,22622.98,-1,0,-0.008562837748708585,0.0,-0.7701383738670197
492,2022-08-05,23312.42,1,1,0.030475207068211052,0.0,-0.7701383738670197
493,2022-08-06,22954.21,-1,0,-0.01536562913674333,-0.01536562913674333,-0.785504003003763
494,2022-08-07,23174.39,1,1,0.009592140178206865,0.0,-0.785504003003763
495,2022-08-08,23810.0,1,1,0.027427259142527527,0.027427259142527527,-0.7580767438612355
496,2022-08-09,23149.95,1,1,-0.027721545569088568,-0.027721545569088568,-0.785798289430324
497,2022-08-10,23954.05,1,1,0.034734416273037194,0.034734416273037194,-0.7510638731572868
498,2022-08-11,23934.39,1,1,-0.0008207380380352847,-0.0008207380380352847,-0.7518846111953221
499,2022-08-12,24403.68,1,1,0.019607351597429545,0.019607351597429545,-0.7322772595978926
500,2022-08-13,24441.38,1,1,0.0015448489735974125,0.0015448489735974125,-0.7307324106242952
501,2022-08-14,24305.24,1,1,-0.005570061919580649,-0.005570061919580649,-0.7363024725438758
502,2022-08-15,24094.82,1,1,-0.008657392397688812,-0.008657392397688812,-0.7449598649415646
503,2022-08-16,23854.74,-1,0,-0.009963967358959214,-0.009963967358959214,-0.7549238323005238
504,2022-08-17,23342.66,-1,0,-0.021466593222143726,0.0,-0.7549238323005238
505,2022-08-18,23191.2,-1,0,-0.006488549291297496,0.0,-0.7549238323005238
506,2022-08-19,20834.39,-1,0,-0.10162518541515753,0.0,-0.7549238323005238
507,2022-08-20,21140.07,-1,0,0.014671895841442906,0.0,-0.7549238323005238
508,2022-08-21,21515.61,-1,0,0.017764368802941632,0.0,-0.7549238323005238
509,2022-08-22,21399.83,-1,0,-0.0053812092708502846,0.0,-0.7549238323005238
510,2022-08-23,21529.12,-1,0,0.006041636779357429,0.0,-0.7549238323005238
511,2022-08-24,21368.08,-1,0,-0.0074801013696795815,0.0,-0.7549238323005238
512,2022-08-25,21559.04,1,1,0.008936694359062525,0.0,-0.7549238323005238
513,2022-08-26,20241.05,-1,0,-0.061133983702428396,-0.061133983702428396,-0.8160578160029522
514,2022-08-27,20037.6,-1,0,-0.010051356031431258,0.0,-0.8160578160029522
515,2022-08-28,19555.61,-1,0,-0.024054277957439862,0.0,-0.8160578160029522
516,2022-08-29,20285.73,-1,0,0.03733557787253883,0.0,-0.8160578160029522
517,2022-08-30,19811.66,-1,0,-0.02336962978408963,0.0,-0.8160578160029522
518,2022-08-31,20050.02,-1,0,0.012031298740236895,0.0,-0.8160578160029522
519,2022-09-01,20131.46,1,1,0.004061841334821459,0.0,-0.8160578160029522
520,2022-09-02,19951.86,-1,0,-0.00892135990136822,-0.00892135990136822,-0.8249791759043205
521,2022-09-03,19831.9,-1,0,-0.006012472020152426,0.0,-0.8249791759043205
522,2022-09-04,20000.3,-1,0,0.00849136996455191,0.0,-0.8249791759043205
523,2022-09-05,19796.84,-1,0,-0.010172847407288854,0.0,-0.8249791759043205
524,2022-09-06,18790.61,-1,0,-0.05082780888262972,0.0,-0.8249791759043205
525,2022-09-07,19292.84,-1,0,0.026727711340930327,0.0,-0.8249791759043205
526,2022-09-08,19319.77,-1,0,0.0013958546279344564,0.0,-0.8249791759043205
527,2022-09-09,21360.11,1,1,0.10560891770450676,0.0,-0.8249791759043205
528,2022-09-10,21648.34,1,1,0.013493844366906371,0.013493844366906371,-0.8114853315374141
529,2022-09-11,21826.87,1,1,0.008246821696259232,0.008246821696259232,-0.8032385098411549
530,2022-09-12,22395.74,1,1,0.02606282989727804,0.02606282989727804,-0.7771756799438768
531,2022-09-13,20173.57,-1,0,-0.0992228879242214,-0.0992228879242214,-0.8763985678680982
532,2022-09-14,20226.71,-1,0,0.0026341396193136912,0.0,-0.8763985678680982
533,2022-09-15,19701.88,-1,0,-0.02594737354715615,0.0,-0.8763985678680982
534,2022-09-16,19803.3,-1,0,0.005147732094602064,0.0,-0.8763985678680982
535,2022-09-17,20113.62,-1,0,0.015670115586796207,0.0,-0.8763985678680982
536,2022-09-18,19416.18,-1,0,-0.03467501126102601,0.0,-0.8763985678680982
537,2022-09-19,19537.02,-1,0,0.006223675305853105,0.0,-0.8763985678680982
538,2022-09-20,18875.0,-1,0,-0.03388541343562124,0.0,-0.8763985678680982
539,2022-09-21,18461.36,-1,0,-0.021914701986754936,0.0,-0.8763985678680982
540,2022-09-22,19401.63,1,1,0.050931784007245406,0.0,-0.8763985678680982
541,2022-09-23,19289.91,-1,0,-0.00575827907242854,-0.00575827907242854,-0.8821568469405268
542,2022-09-24,18920.5,-1,0,-0.019150426310957425,0.0,-0.8821568469405268
543,2022-09-25,18807.38,-1,0,-0.005978700351470523,0.0,-0.8821568469405268
544,2022-09-26,19227.82,1,1,0.022355054239346472,0.0,-0.8821568469405268
545,2022-09-27,19079.13,1,1,-0.007733065942992945,-0.007733065942992945,-0.8898899128835197
546,2022-09-28,19412.82,1,1,0.017489791201171112,0.017489791201171112,-0.8724001216823486
547,2022-09-29,19591.51,1,1,0.009204742020994416,0.009204742020994416,-0.8631953796613542
548,2022-09-30,19422.61,1,1,-0.008621081274490683,-0.008621081274490683,-0.8718164609358449
549,2022-10-01,19310.95,1,1,-0.005748969886127497,-0.005748969886127497,-0.8775654308219724
550,2022-10-02,19056.8,-1,0,-0.01316092683166814,-0.01316092683166814,-0.8907263576536405
551,2022-10-03,19629.08,1,1,0.03003022543134226,0.0,-0.8907263576536405
552,2022-10-04,20337.82,1,1,0.03610663362725086,0.03610663362725086,-0.8546197240263896
553,2022-10-05,20158.26,1,1,-0.00882887153097045,-0.00882887153097045,-0.8634485955573601
554,2022-10-06,19960.67,1,1,-0.00980193727037948,-0.00980193727037948,-0.8732505328277396
555,2022-10-07,19530.09,-1,0,-0.02157142019781888,-0.02157142019781888,-0.8948219530255584
556,2022-10-08,19417.96,-1,0,-0.005741396993050318,0.0,-0.8948219530255584
557,2022-10-09,19439.02,-1,0,0.0010845629510001231,0.0,-0.8948219530255584
558,2022-10-10,19131.87,-1,0,-0.015800693656367493,0.0,-0.8948219530255584
559,2022-10-11,19060.0,-1,0,-0.003756559081783406,0.0,-0.8948219530255584
560,2022-10-12,19155.53,-1,0,0.005012067156348277,0.0,-0.8948219530255584
561,2022-10-13,19375.13,1,1,0.011464052417239357,0.0,-0.8948219530255584
562,2022-10-14,19176.93,-1,0,-0.010229608781979871,-0.010229608781979871,-0.9050515618075383
563,2022-10-15,19069.39,-1,0,-0.005607779764540077,0.0,-0.9050515618075383
564,2022-10-16,19262.98,1,1,0.010151871664484391,0.0,-0.9050515618075383
565,2022-10-17,19549.86,1,1,0.01489281513036933,0.01489281513036933,-0.890158746677169
566,2022-10-18,19327.44,1,1,-0.011377063569764756,-0.011377063569764756,-0.9015358102469337
567,2022-10-19,19123.97,-1,0,-0.01052751942316199,-0.01052751942316199,-0.9120633296700957
568,2022-10-20,19041.92,-1,0,-0.004290427144573172,0.0,-0.9120633296700957
569,2022-10-21,19164.37,-1,0,0.006430549020266962,0.0,-0.9120633296700957
570,2022-10-22,19204.35,-1,0,0.002086163020229792,0.0,-0.9120633296700957
571,2022-10-23,19570.4,1,1,0.019060785707404992,0.0,-0.9120633296700957
572,2022-10-24,19329.72,1,1,-0.012298164575072601,-0.012298164575072601,-0.9243614942451683
573,2022-10-25,20080.07,1,1,0.03881846193323013,0.03881846193323013,-0.8855430323119382
574,2022-10-26,20771.59,1,1,0.03443812695872084,0.03443812695872084,-0.8511049053532174
575,2022-10-27,20295.11,1,1,-0.022939023926430213,-0.022939023926430213,-0.8740439292796476
576,2022-10-28,20591.84,1,1,0.014620763326732344,0.014620763326732344,-0.8594231659529152
577,2022-10-29,20809.67,1,1,0.010578462148112866,0.010578462148112866,-0.8488447038048024
578,2022-10-30,20627.48,1,1,-0.008755064352293895,-0.008755064352293895,-0.8575997681570963
579,2022-10-31,20490.74,-1,0,-0.006629021092251608,-0.006629021092251608,-0.8642287892493479
580,2022-11-01,20483.62,-1,0,-0.000347474029732564,0.0,-0.8642287892493479
581,2022-11-02,20151.84,-1,0,-0.01619733230747289,0.0,-0.8642287892493479
582,2022-11-03,20207.82,-1,0,0.0027779101064715483,0.0,-0.8642287892493479
583,2022-11-04,21148.52,1,1,0.04655128559141963,0.0,-0.8642287892493479
584,2022-11-05,21299.37,1,1,0.007132886840308439,0.007132886840308439,-0.8570959024090394
585,2022-11-06,20905.58,1,1,-0.018488340265463088,-0.018488340265463088,-0.8755842426745025
586,2022-11-07,20591.13,-1,0,-0.015041438697228293,-0.015041438697228293,-0.8906256813717308
587,2022-11-08,18547.23,-1,0,-0.09926118673428808,0.0,-0.8906256813717308
588,2022-11-09,15922.81,-1,0,-0.14149929666047167,0.0,-0.8906256813717308
589,2022-11-10,17601.15,-1,0,0.10540476209915228,0.0,-0.8906256813717308
590,2022-11-11,17070.31,-1,0,-0.03015939299420778,0.0,-0.8906256813717308
591,2022-11-12,16812.08,-1,0,-0.015127434709738652,0.0,-0.8906256813717308
592,2022-11-13,16329.85,-1,0,-0.028683541834204962,0.0,-0.8906256813717308
593,2022-11-14,16619.46,-1,0,0.017735006751439686,0.0,-0.8906256813717308
594,2022-11-15,16900.57,1,1,0.016914508654312543,0.0,-0.8906256813717308
595,2022-11-16,16662.76,-1,0,-0.014071123044962497,-0.014071123044962497,-0.9046968044166933
596,2022-11-17,16692.56,-1,0,0.0017884192054620218,0.0,-0.9046968044166933
597,2022-11-18,16700.45,1,1,0.00047266566662029774,0.0,-0.9046968044166933
598,2022-11-19,16700.68,1,1,1.3772083985674755e-05,1.3772083985674755e-05,-0.9046830323327076
599,2022-11-20,16280.23,-1,0,-0.025175621591456254,-0.025175621591456254,-0.9298586539241639
600,2022-11-21,15781.29,-1,0,-0.03064698717401404,0.0,-0.9298586539241639
601,2022-11-22,16226.94,-1,0,0.028239136344367255,0.0,-0.9298586539241639
602,2022-11-23,16603.11,1,1,0.023181819862524877,0.0,-0.9298586539241639
603,2022-11-24,16598.95,1,1,-0.00025055546822250196,-0.00025055546822250196,-0.9301092093923864
604,2022-11-25,16522.14,1,1,-0.004627401130794517,-0.004627401130794517,-0.9347366105231809
605,2022-11-26,16458.57,1,1,-0.0038475645406708114,-0.0038475645406708114,-0.9385841750638517
606,2022-11-27,16428.78,1,1,-0.0018099992891241756,-0.0018099992891241756,-0.9403941743529759
607,2022-11-28,16212.91,-1,0,-0.013139746225830473,-0.013139746225830473,-0.9535339205788064
608,2022-11-29,16442.53,-1,0,0.014162787556336154,0.0,-0.9535339205788064
609,2022-11-30,17163.64,1,1,0.0438563894972368,0.0,-0.9535339205788064
610,2022-12-01,16977.37,1,1,-0.010852593039704872,-0.010852593039704872,-0.9643865136185112
611,2022-12-02,17092.74,1,1,0.0067955166200655,0.0067955166200655,-0.9575909969984457
612,2022-12-03,16885.2,1,1,-0.01214199712860553,-0.01214199712860553,-0.9697329941270513
613,2022-12-04,17105.7,1,1,0.013058773363655796,0.013058773363655796,-0.9566742207633955
614,2022-12-05,16966.35,1,1,-0.00814640733790506,-0.00814640733790506,-0.9648206281013005
615,2022-12-06,17088.96,1,1,0.007226657471996134,0.007226657471996134,-0.9575939706293044
616,2022-12-07,16836.64,-1,0,-0.014765088103664614,-0.014765088103664614,-0.972359058732969
617,2022-12-08,17224.1,1,1,0.023012905187733468,0.0,-0.972359058732969
618,2022-12-09,17128.56,1,1,-0.005546879082216072,-0.005546879082216072,-0.9779059378151851
619,2022-12-10,17127.49,1,1,-6.246876561721848e-05,-6.246876561721848e-05,-0.9779684065808023
620,2022-12-11,17085.05,1,1,-0.0024778878866665854,-0.0024778878866665854,-0.9804462944674689
621,2022-12-12,17209.83,1,1,0.0073034612131659404,0.0073034612131659404,-0.973142833254303
622,2022-12-13,17774.7,1,1,0.03282252061757718,0.03282252061757718,-0.9403203126367258
623,2022-12-14,17803.15,1,1,0.0016005896020749866,0.0016005896020749866,-0.9387197230346508
624,2022-12-15,17356.34,1,1,-0.025097244027040277,-0.025097244027040277,-0.9638169670616911
625,2022-12-16,16632.12,-1,0,-0.041726539120575,-0.041726539120575,-1.0055435061822662
626,2022-12-17,16776.52,-1,0,0.008681996041394635,0.0,-1.0055435061822662
627,2022-12-18,16738.21,-1,0,-0.0022835486739801736,0.0,-1.0055435061822662
628,2022-12-19,16438.88,-1,0,-0.017883035282745152,0.0,-1.0055435061822662
629,2022-12-20,16895.56,-1,0,0.027780481395326184,0.0,-1.0055435061822662
630,2022-12-21,16824.67,1,1,-0.004195776878659463,0.0,-1.0055435061822662
631,2022-12-22,16821.43,1,1,-0.0001925743565845961,-0.0001925743565845961,-1.0057360805388507
632,2022-12-23,16778.5,1,1,-0.0025521016940890373,-0.0025521016940890373,-1.0082881822329397
633,2022-12-24,16836.12,1,1,0.003434156807819555,0.003434156807819555,-1.0048540254251201
634,2022-12-25,16832.11,1,1,-0.00023817839264617113,-0.00023817839264617113,-1.0050922038177663
635,2022-12-26,16919.39,1,1,0.005185327329728651,0.005185327329728651,-0.9999068764880377
636,2022-12-27,16706.36,-1,0,-0.012590879458420079,-0.012590879458420079,-1.0124977559464576
637,2022-12-28,16547.31,-1,0,-0.00952032639066791,0.0,-1.0124977559464576
638,2022-12-29,16633.47,-1,0,0.00520688861210683,0.0,-1.0124977559464576
639,2022-12-30,16607.48,-1,0,-0.0015625122118235746,0.0,-1.0124977559464576
640,2022-12-31,16542.4,-1,0,-0.003918716144773238,0.0,-1.0124977559464576
641,2023-01-01,16616.75,-1,0,0.004494511074571994,0.0,-1.0124977559464576
642,2023-01-02,16672.87,1,1,0.003377315058600505,0.0,-1.0124977559464576
643,2023-01-03,16675.18,1,1,0.0001385484322735664,0.0001385484322735664,-1.012359207514184
644,2023-01-04,16850.36,1,1,0.01050543382440261,0.01050543382440261,-1.0018537736897817
645,2023-01-05,16831.85,1,1,-0.0010984928511914571,-0.0010984928511914571,-1.002952266540973
646,2023-01-06,16950.65,1,1,0.007058047689350921,0.007058047689350921,-0.9958942188516221
647,2023-01-07,16943.57,1,1,-0.00041768309769840695,-0.00041768309769840695,-0.9963119019493205
648,2023-01-08,17127.83,1,1,0.010874921873017529,0.010874921873017529,-0.985436980076303
649,2023-01-09,17178.26,1,1,0.0029443309514396443,0.0029443309514396443,-0.9824926491248633
650,2023-01-10,17440.66,1,1,0.015275120995956515,0.015275120995956515,-0.9672175281289068
651,2023-01-11,17943.26,1,1,0.02881771676071887,0.02881771676071887,-0.938399811368188
652,2023-01-12,18846.62,1,1,0.05034536644957499,0.05034536644957499,-0.888054444918613
653,2023-01-13,19930.01,1,1,0.05748457813655716,0.05748457813655716,-0.8305698667820558
654,2023-01-14,20954.92,1,1,0.0514254634092004,0.0514254634092004,-0.7791444033728554
655,2023-01-15,20871.5,1,1,-0.003980926674976515,-0.003980926674976515,-0.7831253300478319
656,2023-01-16,21185.65,1,1,0.0150516254222266,0.0150516254222266,-0.7680737046256053
657,2023-01-17,21134.81,1,1,-0.0023997375582056613,-0.0023997375582056613,-0.770473442183811
658,2023-01-18,20677.47,1,1,-0.02163918199406567,-0.02163918199406567,-0.7921126241778766
659,2023-01-19,21071.59,1,1,0.019060358931726196,0.019060358931726196,-0.7730522652461504
660,2023-01-20,22667.21,1,1,0.07572375886205074,0.07572375886205074,-0.6973285063840997
661,2023-01-21,22783.55,1,1,0.0051325240292035,0.0051325240292035,-0.6921959823548962
662,2023-01-22,22707.88,1,1,-0.003321255906125198,-0.003321255906125198,-0.6955172382610214
663,2023-01-23,22916.45,1,1,0.009184917306239049,0.009184917306239049,-0.6863323209547824
664,2023-01-24,22632.89,1,1,-0.012373644259909389,-0.012373644259909389,-0.6987059652146917
665,2023-01-25,23060.94,1,1,0.01891274158978362,0.01891274158978362,-0.6797932236249081
666,2023-01-26,23009.65,1,1,-0.002224107083232396,-0.002224107083232396,-0.6820173307081405
667,2023-01-27,23074.16,1,1,0.0028036063130034705,0.0028036063130034705,-0.679213724395137
668,2023-01-28,23022.6,1,1,-0.0022345342148967218,-0.0022345342148967218,-0.6814482586100338
669,2023-01-29,23742.3,1,1,0.03126058742279336,0.03126058742279336,-0.6501876711872404
670,2023-01-30,22826.15,-1,0,-0.03858724723383988,-0.03858724723383988,-0.6887749184210803
671,2023-01-31,23125.13,1,1,0.01309813525276926,0.0,-0.6887749184210803
672,2023-02-01,23732.66,1,1,0.026271419879585478,0.026271419879585478,-0.6625034985414948
673,2023-02-02,23488.94,1,1,-0.010269392474337113,-0.010269392474337113,-0.6727728910158319
674,2023-02-03,23431.9,1,1,-0.002428376929737852,-0.002428376929737852,-0.6752012679455698
675,2023-02-04,23326.84,-1,0,-0.004483631288969336,-0.004483631288969336,-0.6796848992345391
676,2023-02-05,22932.91,-1,0,-0.016887413811729313,0.0,-0.6796848992345391
677,2023-02-06,22762.52,-1,0,-0.007429933663019583,0.0,-0.6796848992345391
678,2023-02-07,23240.46,-1,0,0.020996796488262248,0.0,-0.6796848992345391
679,2023-02-08,22963.0,-1,0,-0.011938662143520351,0.0,-0.6796848992345391
680,2023-02-09,21796.35,-1,0,-0.05080564386186481,0.0,-0.6796848992345391
681,2023-02-10,21625.19,-1,0,-0.007852690932197315,0.0,-0.6796848992345391
682,2023-02-11,21862.55,-1,0,0.01097608853378862,0.0,-0.6796848992345391
683,2023-02-12,21783.54,-1,0,-0.0036139425638820333,0.0,-0.6796848992345391
684,2023-02-13,21773.97,-1,0,-0.0004393225343538587,0.0,-0.6796848992345391
685,2023-02-14,22199.84,1,1,0.01955867487646934,0.0,-0.6796848992345391
686,2023-02-15,24324.05,1,1,0.09568582476270104,0.09568582476270104,-0.5839990744718381
687,2023-02-16,23517.72,1,1,-0.033149496074872276,-0.033149496074872276,-0.6171485705467104
688,2023-02-17,24569.97,1,1,0.04474285772600406,0.04474285772600406,-0.5724057128207063
689,2023-02-18,24631.95,1,1,0.002522591602675872,0.002522591602675872,-0.5698831212180304
690,2023-02-19,24271.76,1,1,-0.014622878010064233,-0.014622878010064233,-0.5845059992280947
691,2023-02-20,24842.2,1,1,0.02350220997570851,0.02350220997570851,-0.5610037892523861
692,2023-02-21,24452.16,1,1,-0.01570070283630276,-0.01570070283630276,-0.5767044920886889
693,2023-02-22,24182.21,-1,0,-0.011039924489288477,-0.011039924489288477,-0.5877444165779774
694,2023-02-23,23940.2,-1,0,-0.01000777017485166,0.0,-0.5877444165779774
695,2023-02-24,23185.29,-1,0,-0.031533153440656325,0.0,-0.5877444165779774
696,2023-02-25,23157.07,-1,0,-0.0012171510470647684,0.0,-0.5877444165779774
697,2023-02-26,23554.85,-1,0,0.017177475388725716,0.0,-0.5877444165779774
698,2023-02-27,23492.09,-1,0,-0.002664419429544207,0.0,-0.5877444165779774
699,2023-02-28,23141.57,-1,0,-0.014920766947512987,0.0,-0.5877444165779774
700,2023-03-01,23628.97,1,1,0.021061665219775483,0.0,-0.5877444165779774
701,2023-03-02,23465.32,1,1,-0.00692582029601807,-0.00692582029601807,-0.5946702368739955
702,2023-03-03,22354.34,-1,0,-0.04734561471993559,-0.04734561471993559,-0.642015851593931
703,2023-03-04,22346.57,-1,0,-0.0003475835117475734,0.0,-0.642015851593931
704,2023-03-05,22430.24,-1,0,0.00374419877412957,0.0,-0.642015851593931
705,2023-03-06,22410.0,-1,0,-0.0009023532516817534,0.0,-0.642015851593931
706,2023-03-07,22197.96,-1,0,-0.009461847389558242,0.0,-0.642015851593931
707,2023-03-08,21705.44,-1,0,-0.022187624448372745,0.0,-0.642015851593931
708,2023-03-09,20362.22,-1,0,-0.06188402538718396,0.0,-0.642015851593931
709,2023-03-10,20150.69,-1,0,-0.010388356475865668,0.0,-0.642015851593931
710,2023-03-11,20455.73,-1,0,0.015137943167206735,0.0,-0.642015851593931
711,2023-03-12,21997.11,1,1,0.07535199183798391,0.0,-0.642015851593931
712,2023-03-13,24113.48,1,1,0.09621127502658289,0.09621127502658289,-0.5458045765673482
713,2023-03-14,24670.41,1,1,0.023096210086640312,0.023096210086640312,-0.5227083664807078
714,2023-03-15,24285.66,1,1,-0.01559560623435119,-0.01559560623435119,-0.538303972715059
715,2023-03-16,24998.78,1,1,0.02936383034267953,0.02936383034267953,-0.5089401423723795
716,2023-03-17,27395.13,1,1,0.09585867790348179,0.09585867790348179,-0.4130814644688977
717,2023-03-18,26907.49,1,1,-0.017800244057976755,-0.017800244057976755,-0.43088170852687446
718,2023-03-19,27972.87,1,1,0.039594179910500626,0.039594179910500626,-0.39128752861637384
719,2023-03-20,27717.01,1,1,-0.009146719660871439,-0.009146719660871439,-0.4004342482772453
720,2023-03-21,28105.47,1,1,0.014015220256441863,0.014015220256441863,-0.3864190280208034
721,2023-03-22,27250.97,1,1,-0.030403334297558482,-0.030403334297558482,-0.4168223623183619
722,2023-03-23,28295.41,1,1,0.038326709104299805,0.038326709104299805,-0.3784956532140621
723,2023-03-24,27454.47,-1,0,-0.029720014659621374,-0.029720014659621374,-0.40821566787368346
724,2023-03-25,27462.95,-1,0,0.0003088750210802349,0.0,-0.40821566787368346
725,2023-03-26,27968.05,1,1,0.018392051837111456,0.0,-0.40821566787368346
726,2023-03-27,27124.91,-1,0,-0.030146542215134797,-0.030146542215134797,-0.43836221008881826
727,2023-03-28,27261.07,-1,0,0.005019740157663266,0.0,-0.43836221008881826
728,2023-03-29,28348.6,1,1,0.03989315166279228,0.0,-0.43836221008881826
729,2023-03-30,28028.53,1,1,-0.011290504645732002,-0.011290504645732002,-0.44965271473455026
730,2023-03-31,28465.36,1,1,0.015585191231934026,0.015585191231934026,-0.43406752350261624
731,2023-04-01,28452.73,1,1,-0.00044369718141634706,-0.00044369718141634706,-0.4345112206840326
732,2023-04-02,28171.87,1,1,-0.0098711090289052,-0.0098711090289052,-0.4443823297129378
733,2023-04-03,27800.0,-1,0,-0.013200046713263913,-0.013200046713263913,-0.4575823764262017
734,2023-04-04,28165.47,-1,0,0.013146402877697971,0.0,-0.4575823764262017
735,2023-04-05,28170.01,-1,0,0.00016119028015504355,0.0,-0.4575823764262017
736,2023-04-06,28033.82,-1,0,-0.004834574073633635,0.0,-0.4575823764262017
737,2023-04-07,27906.33,-1,0,-0.004547721288072681,0.0,-0.4575823764262017
738,2023-04-08,27938.38,-1,0,0.0011484849494720617,0.0,-0.4575823764262017
739,2023-04-09,28323.76,1,1,0.013793927922807203,0.0,-0.4575823764262017
740,2023-04-10,29637.34,1,1,0.046377317135860574,0.046377317135860574,-0.4112050592903411
741,2023-04-11,30200.42,1,1,0.01899900598366777,0.01899900598366777,-0.39220605330667335
742,2023-04-12,29888.07,1,1,-0.010342571394702404,-0.010342571394702404,-0.40254862470137576
743,2023-04-13,30373.84,1,1,0.01625297317625396,0.01625297317625396,-0.3862956515251218
744,2023-04-14,30466.93,1,1,0.003064808400913499,0.003064808400913499,-0.3832308431242083
745,2023-04-15,30295.09,1,1,-0.005640213831849872,-0.005640213831849872,-0.38887105695605817
746,2023-04-16,30304.65,1,1,0.0003155626868909245,0.0003155626868909245,-0.38855549426916725
747,2023-04-17,29430.27,-1,0,-0.028852997807267244,-0.028852997807267244,-0.4174084920764345
748,2023-04-18,30380.01,1,1,0.03227085582293321,0.0,-0.4174084920764345
749,2023-04-19,28797.1,-1,0,-0.05210366948529643,-0.05210366948529643,-0.4695121615617309
750,2023-04-20,28243.65,-1,0,-0.019218949130294316,0.0,-0.4695121615617309
751,2023-04-21,27262.84,-1,0,-0.03472674388756414,0.0,-0.4695121615617309
752,2023-04-22,27816.85,-1,0,0.020321067064179577,0.0,-0.4695121615617309
753,2023-04-23,27590.6,-1,0,-0.0081335593354388,0.0,-0.4695121615617309
754,2023-04-24,27510.93,-1,0,-0.002887577653258644,0.0,-0.4695121615617309
755,2023-04-25,28300.79,1,1,0.02871077059190652,0.0,-0.4695121615617309
756,2023-04-26,28415.29,1,1,0.004045823455811615,0.004045823455811615,-0.4654663381059193
757,2023-04-27,29472.77,1,1,0.03721517535101704,0.03721517535101704,-0.42825116275490227
758,2023-04-28,29311.7,1,1,-0.005465044513970008,-0.005465044513970008,-0.4337162072688723
759,2023-04-29,29230.45,1,1,-0.002771930662499922,-0.002771930662499922,-0.4364881379313722
760,2023-04-30,29233.21,1,1,9.442208382015593e-05,9.442208382015593e-05,-0.43639371584755204
761,2023-05-01,28068.26,-1,0,-0.039850225137779915,-0.039850225137779915,-0.47624394098533196
762,2023-05-02,28669.86,-1,0,0.02143346256590184,0.0,-0.47624394098533196
763,2023-05-03,29026.16,1,1,0.012427685381093623,0.0,-0.47624394098533196
764,2023-05-04,28838.16,-1,0,-0.006476915995777599,-0.006476915995777599,-0.48272085698110956
765,2023-05-05,29505.61,1,1,0.023144680520532646,0.0,-0.48272085698110956
766,2023-05-06,28848.2,-1,0,-0.02228084760830229,-0.02228084760830229,-0.5050017045894118
767,2023-05-07,28430.1,-1,0,-0.01449310528906489,0.0,-0.5050017045894118
768,2023-05-08,27668.79,-1,0,-0.02677830890499855,0.0,-0.5050017045894118
769,2023-05-09,27628.27,-1,0,-0.0014644659199046783,0.0,-0.5050017045894118
770,2023-05-10,27598.75,-1,0,-0.0010684708090662465,0.0,-0.5050017045894118
771,2023-05-11,26968.62,-1,0,-0.02283183115177323,0.0,-0.5050017045894118
772,2023-05-12,26795.01,-1,0,-0.0064374817843849685,0.0,-0.5050017045894118
773,2023-05-13,26775.28,-1,0,-0.0007363311303112408,0.0,-0.5050017045894118
774,2023-05-14,26917.62,-1,0,0.005316097534741049,0.0,-0.5050017045894118
775,2023-05-15,27162.14,1,1,0.009084012628159499,0.0,-0.5050017045894118
776,2023-05-16,27033.84,-1,0,-0.0047234864410535815,-0.0047234864410535815,-0.5097251910304654
777,2023-05-17,27405.61,1,1,0.013752023389943968,0.0,-0.5097251910304654
778,2023-05-18,26821.28,-1,0,-0.021321546938747327,-0.021321546938747327,-0.5310467379692128
779,2023-05-19,26880.26,-1,0,0.0021990001968585915,0.0,-0.5310467379692128
780,2023-05-20,27102.43,1,1,0.008265173030320483,0.0,-0.5310467379692128
781,2023-05-21,26747.78,-1,0,-0.013085542514084558,-0.013085542514084558,-0.5441322804832973
782,2023-05-22,26849.27,-1,0,0.0037943335858154903,0.0,-0.5441322804832973
783,2023-05-23,27219.61,1,1,0.013793298663241194,0.0,-0.5441322804832973
784,2023-05-24,26329.01,-1,0,-0.03271905806144915,-0.03271905806144915,-0.5768513385447465
785,2023-05-25,26473.79,-1,0,0.005498877473934849,0.0,-0.5768513385447465
786,2023-05-26,26705.92,-1,0,0.008768294981564617,0.0,-0.5768513385447465
787,2023-05-27,26854.27,1,1,0.005554948116372804,0.0,-0.5768513385447465
788,2023-05-28,28065.0,1,1,0.04508519501740316,0.04508519501740316,-0.5317661435273433
789,2023-05-29,27736.4,1,1,-0.011708533760912077,-0.011708533760912077,-0.5434746772882554
790,2023-05-30,27694.4,1,1,-0.0015142556351941394,-0.0015142556351941394,-0.5449889329234495
791,2023-05-31,27210.35,-1,0,-0.017478262753480966,-0.017478262753480966,-0.5624671956769305
792,2023-06-01,26817.93,-1,0,-0.014421718206491185,0.0,-0.5624671956769305
793,2023-06-02,27242.59,-1,0,0.01583492834831035,0.0,-0.5624671956769305
794,2023-06-03,27069.22,-1,0,-0.006363932357385971,0.0,-0.5624671956769305
795,2023-06-04,27115.21,-1,0,0.001698977658018963,0.0,-0.5624671956769305
796,2023-06-05,25728.2,-1,0,-0.05115247125137512,0.0,-0.5624671956769305
797,2023-06-06,27230.08,1,1,0.05837485716062529,0.0,-0.5624671956769305
798,2023-06-07,26339.34,-1,0,-0.0327116189155523,-0.0327116189155523,-0.5951788145924828
799,2023-06-08,26498.61,-1,0,0.006046848554291717,0.0,-0.5951788145924828
800,2023-06-09,26477.81,-1,0,-0.000784946833060296,0.0,-0.5951788145924828
801,2023-06-10,25841.21,-1,0,-0.024042773930321393,0.0,-0.5951788145924828
802,2023-06-11,25925.55,-1,0,0.003263779056785765,0.0,-0.5951788145924828
803,2023-06-12,25905.19,-1,0,-0.0007853256729365432,0.0,-0.5951788145924828
804,2023-06-13,25934.25,-1,0,0.0011217829323004747,0.0,-0.5951788145924828
805,2023-06-14,25128.6,-1,0,-0.03106509731339835,0.0,-0.5951788145924828
806,2023-06-15,25598.49,-1,0,0.018699410233757652,0.0,-0.5951788145924828
807,2023-06-16,26345.0,1,1,0.029162266993092212,0.0,-0.5951788145924828
808,2023-06-17,26516.99,1,1,0.006528373505409135,0.006528373505409135,-0.5886504410870737
809,2023-06-18,26339.97,1,1,-0.006675719981792838,-0.006675719981792838,-0.5953261610688665
810,2023-06-19,26844.35,1,1,0.019148844892382,0.019148844892382,-0.5761773161764845
811,2023-06-20,28307.99,1,1,0.05452320506922326,0.05452320506922326,-0.5216541111072612
812,2023-06-21,29993.89,1,1,0.0595556236949355,0.0595556236949355,-0.46209848741232573
813,2023-06-22,29884.92,1,1,-0.003633073269255882,-0.003633073269255882,-0.4657315606815816
814,2023-06-23,30688.5,1,1,0.026889146766998273,0.026889146766998273,-0.43884241391458334
815,2023-06-24,30527.43,1,1,-0.005248545872232224,-0.005248545872232224,-0.44409095978681556
816,2023-06-25,30462.66,1,1,-0.002121698420076701,-0.002121698420076701,-0.44621265820689227
817,2023-06-26,30267.99,1,1,-0.0063904465335593574,-0.0063904465335593574,-0.4526031047404516
818,2023-06-27,30692.44,1,1,0.014023065291087988,0.014023065291087988,-0.43858003944936363
819,2023-06-28,30077.41,-1,0,-0.020038485047132126,-0.020038485047132126,-0.45861852449649576
820,2023-06-29,30447.31,-1,0,0.012298266373334643,0.0,-0.45861852449649576
821,2023-06-30,30472.0,1,1,0.0008109090753829484,0.0,-0.45861852449649576
822,2023-07-01,30585.9,1,1,0.003737857705434555,0.003737857705434555,-0.4548806667910612
823,2023-07-02,30617.03,1,1,0.00101778924275564,0.00101778924275564,-0.45386287754830557
824,2023-07-03,31156.2,1,1,0.017610133967925767,0.017610133967925767,-0.4362527435803798
825,2023-07-04,30766.51,1,1,-0.012507622880839175,-0.012507622880839175,-0.448760366461219
826,2023-07-05,30504.81,-1,0,-0.008506002143239377,-0.008506002143239377,-0.45726636860445835
827,2023-07-06,29895.43,-1,0,-0.019976521735424746,0.0,-0.45726636860445835
828,2023-07-07,30344.7,-1,0,0.015028049437656454,0.0,-0.45726636860445835
829,2023-07-08,30284.63,-1,0,-0.001979587868721766,0.0,-0.45726636860445835
830,2023-07-09,30160.71,-1,0,-0.004091844608965056,0.0,-0.45726636860445835
831,2023-07-10,30411.57,1,1,0.008317443455409412,0.0,-0.45726636860445835
832,2023-07-11,30622.1,1,1,0.006922694224599457,0.006922694224599457,-0.4503436743798589
833,2023-07-12,30380.0,1,1,-0.007906054777431892,-0.007906054777431892,-0.4582497291572908
834,2023-07-13,31454.23,1,1,0.03535977616853181,0.03535977616853181,-0.422889952988759
835,2023-07-14,30312.01,-1,0,-0.036313716787853334,-0.036313716787853334,-0.4592036697766123
836,2023-07-15,30289.52,-1,0,-0.0007419501379155591,0.0,-0.4592036697766123
837,2023-07-16,30231.99,-1,0,-0.0018993368003190625,0.0,-0.4592036697766123
838,2023-07-17,30138.0,-1,0,-0.0031089584245033164,0.0,-0.4592036697766123
839,2023-07-18,29859.13,-1,0,-0.009253102395646695,0.0,-0.4592036697766123
840,2023-07-19,29909.21,-1,0,0.0016772089474810237,0.0,-0.4592036697766123
841,2023-07-20,29800.0,-1,0,-0.003651383637347849,0.0,-0.4592036697766123
842,2023-07-21,29901.72,-1,0,0.003413422818792089,0.0,-0.4592036697766123
843,2023-07-22,29794.0,-1,0,-0.0036024683529910506,0.0,-0.4592036697766123
844,2023-07-23,30083.75,1,1,0.009725112438746075,0.0,-0.4592036697766123
845,2023-07-24,29176.5,-1,0,-0.03015747704325422,-0.03015747704325422,-0.48936114681986653
846,2023-07-25,29228.91,-1,0,0.001796308673075897,0.0,-0.48936114681986653
847,2023-07-26,29351.96,-1,0,0.0042098730332400525,0.0,-0.48936114681986653
848,2023-07-27,29222.78,-1,0,-0.004401068957575638,0.0,-0.48936114681986653
849,2023-07-28,29314.14,-1,0,0.003126328159059444,0.0,-0.48936114681986653
850,2023-07-29,29352.9,-1,0,0.0013222287947045608,0.0,-0.48936114681986653
851,2023-07-30,29281.09,1,1,-0.0024464362976061027,0.0,-0.48936114681986653
852,2023-07-31,29232.25,-1,0,-0.0016679706937139382,-0.0016679706937139382,-0.49102911751358047
853,2023-08-01,29705.99,1,1,0.01620607377126304,0.0,-0.49102911751358047
854,2023-08-02,29186.01,-1,0,-0.01750421379661149,-0.01750421379661149,-0.508533331310192
855,2023-08-03,29193.64,-1,0,0.00026142662186434684,0.0,-0.508533331310192
856,2023-08-04,29113.99,-1,0,-0.002728333979592712,0.0,-0.508533331310192
857,2023-08-05,29072.13,-1,0,-0.0014377967430778682,0.0,-0.508533331310192
858,2023-08-06,29088.42,-1,0,0.0005603304608226001,0.0,-0.508533331310192
859,2023-08-07,29211.06,-1,0,0.004216110740975276,0.0,-0.508533331310192
860,2023-08-08,29770.42,1,1,0.019148911405474367,0.0,-0.508533331310192
861,2023-08-09,29581.99,1,1,-0.006329437072100319,-0.006329437072100319,-0.5148627683822923
862,2023-08-10,29455.75,1,1,-0.0042674613844437825,-0.0042674613844437825,-0.5191302297667361
863,2023-08-11,29426.03,1,1,-0.0010089710837443144,-0.0010089710837443144,-0.5201392008504804
864,2023-08-12,29430.17,1,1,0.0001406917616817438,0.0001406917616817438,-0.5199985090887986
865,2023-08-13,29303.84,-1,0,-0.004292533818187172,-0.004292533818187172,-0.5242910429069858
866,2023-08-14,29430.93,-1,0,0.004336974266853755,0.0,-0.5242910429069858
867,2023-08-15,29200.0,-1,0,-0.007846507059070196,0.0,-0.5242910429069858
868,2023-08-16,28730.51,-1,0,-0.016078424657534285,0.0,-0.5242910429069858
869,2023-08-17,26623.41,-1,0,-0.07334015302895769,0.0,-0.5242910429069858
870,2023-08-18,26054.0,-1,0,-0.0213875683092436,0.0,-0.5242910429069858
871,2023-08-19,26100.01,-1,0,0.001765947647194288,0.0,-0.5242910429069858
872,2023-08-20,26189.99,-1,0,0.003447508257659715,0.0,-0.5242910429069858
873,2023-08-21,26126.92,-1,0,-0.0024081719771562593,0.0,-0.5242910429069858
874,2023-08-22,26056.0,-1,0,-0.0027144416563451568,0.0,-0.5242910429069858
875,2023-08-23,26432.72,1,1,0.014458090267116974,0.0,-0.5242910429069858
876,2023-08-24,26180.05,1,1,-0.009558985984038038,-0.009558985984038038,-0.5338500288910238
877,2023-08-25,26060.01,-1,0,-0.0045851707693453925,-0.0045851707693453925,-0.5384351996603692
878,2023-08-26,26017.37,-1,0,-0.0016362234703670708,0.0,-0.5384351996603692
879,2023-08-27,26101.77,-1,0,0.003243986613558514,0.0,-0.5384351996603692
880,2023-08-28,26120.0,-1,0,0.0006984200688304742,0.0,-0.5384351996603692
881,2023-08-29,27716.34,1,1,0.061115620214395205,0.0,-0.5384351996603692
882,2023-08-30,27299.99,1,1,-0.015021824670934159,-0.015021824670934159,-0.5534570243313034
883,2023-08-31,25940.78,-1,0,-0.04978793032524931,-0.04978793032524931,-0.6032449546565527
884,2023-09-01,25805.05,-1,0,-0.005232302189833948,0.0,-0.6032449546565527
885,2023-09-02,25869.51,-1,0,0.002497960670488908,0.0,-0.6032449546565527
886,2023-09-03,25971.21,-1,0,0.003931268895313478,0.0,-0.6032449546565527
887,2023-09-04,25826.02,-1,0,-0.005590421085501895,0.0,-0.6032449546565527
888,2023-09-05,25792.1,-1,0,-0.0013134040785224288,0.0,-0.6032449546565527
889,2023-09-06,25759.95,-1,0,-0.0012465057129895651,0.0,-0.6032449546565527
890,2023-09-07,26255.0,1,1,0.01921781680476853,0.0,-0.6032449546565527
891,2023-09-08,25910.5,-1,0,-0.01312131022662355,-0.01312131022662355,-0.6163662648831763
892,2023-09-09,25901.61,-1,0,-0.0003431041469674767,0.0,-0.6163662648831763
893,2023-09-10,25841.61,-1,0,-0.002316458320544501,0.0,-0.6163662648831763
894,2023-09-11,25162.52,-1,0,-0.026278935406888304,0.0,-0.6163662648831763
895,2023-09-12,25840.1,1,1,0.026928145511657675,0.0,-0.6163662648831763
896,2023-09-13,26222.0,1,1,0.01477935456906132,0.01477935456906132,-0.6015869103141149
897,2023-09-14,26522.73,1,1,0.011468614140797806,0.011468614140797806,-0.5901182961733171
898,2023-09-15,26600.0,1,1,0.0029133501717206745,0.0029133501717206745,-0.5872049460015965
899,2023-09-16,26559.67,1,1,-0.001516165413533943,-0.001516165413533943,-0.5887211114151304
900,2023-09-17,26527.51,1,1,-0.0012108584180451354,-0.0012108584180451354,-0.5899319698331755
901,2023-09-18,26762.51,1,1,0.00885872816559119,0.00885872816559119,-0.5810732416675843
902,2023-09-19,27210.26,1,1,0.016730493514995448,0.016730493514995448,-0.5643427481525889
903,2023-09-20,27125.0,1,1,-0.0031333768953327734,-0.0031333768953327734,-0.5674761250479217
904,2023-09-21,26568.08,-1,0,-0.020531612903225693,-0.020531612903225693,-0.5880077379511474
905,2023-09-22,26580.14,-1,0,0.00045392817245337724,0.0,-0.5880077379511474
906,2023-09-23,26575.96,-1,0,-0.00015726027026197187,0.0,-0.5880077379511474
907,2023-09-24,26248.38,-1,0,-0.012326177492741452,0.0,-0.5880077379511474
908,2023-09-25,26304.81,-1,0,0.0021498469619840588,0.0,-0.5880077379511474
909,2023-09-26,26221.67,-1,0,-0.0031606386816709353,0.0,-0.5880077379511474
910,2023-09-27,26372.99,-1,0,0.005770799495226742,0.0,-0.5880077379511474
911,2023-09-28,27021.39,1,1,0.024585759900564774,0.0,-0.5880077379511474
912,2023-09-29,26906.96,1,1,-0.004234793250828317,-0.004234793250828317,-0.5922425312019757
913,2023-09-30,26962.56,1,1,0.002066379851161315,0.002066379851161315,-0.5901761513508144
914,2023-10-01,27992.57,1,1,0.03820149125305594,0.03820149125305594,-0.5519746600977584
915,2023-10-02,27494.51,1,1,-0.017792578530660186,-0.017792578530660186,-0.5697672386284186
916,2023-10-03,27426.46,1,1,-0.0024750395624435484,-0.0024750395624435484,-0.5722422781908622
917,2023-10-04,27778.57,1,1,0.012838332034101452,0.012838332034101452,-0.5594039461567607
918,2023-10-05,27410.39,-1,0,-0.013254101993011136,-0.013254101993011136,-0.5726580481497718
919,2023-10-06,27931.09,1,1,0.01899644623808716,0.0,-0.5726580481497718
920,2023-10-07,27956.67,1,1,0.0009158253401495564,0.0009158253401495564,-0.5717422228096223
921,2023-10-08,27917.05,1,1,-0.0014171931063320375,-0.0014171931063320375,-0.5731594159159543
922,2023-10-09,27590.12,-1,0,-0.01171076456860598,-0.01171076456860598,-0.5848701804845603
923,2023-10-10,27390.12,-1,0,-0.007248971733359588,0.0,-0.5848701804845603
924,2023-10-11,26875.52,-1,0,-0.018787796475517426,0.0,-0.5848701804845603
925,2023-10-12,26759.63,-1,0,-0.004312102612340163,0.0,-0.5848701804845603
926,2023-10-13,26862.0,-1,0,0.0038255386939205493,0.0,-0.5848701804845603
927,2023-10-14,26852.48,-1,0,-0.00035440399076769324,0.0,-0.5848701804845603
928,2023-10-15,27154.15,1,1,0.011234344090378379,0.0,-0.5848701804845603
929,2023-10-16,28500.78,1,1,0.04959205130707445,0.04959205130707445,-0.5352781291774859
930,2023-10-17,28395.91,1,1,-0.003679548419376566,-0.003679548419376566,-0.5389576775968624
931,2023-10-18,28320.0,1,1,-0.00267327231280845,-0.00267327231280845,-0.5416309499096709
932,2023-10-19,28713.71,1,1,0.013902189265536657,0.013902189265536657,-0.5277287606441342
933,2023-10-20,29669.04,1,1,0.0332708660775638,0.0332708660775638,-0.4944578945665704
934,2023-10-21,29909.8,1,1,0.00811485642946308,0.00811485642946308,-0.48634303813710733
935,2023-10-22,29992.46,1,1,0.002763642685674972,0.002763642685674972,-0.48357939545143236
936,2023-10-23,33069.99,1,1,0.10261012267749958,0.10261012267749958,-0.3809692727739328
937,2023-10-24,33922.73,1,1,0.02578591647593509,0.02578591647593509,-0.3551833562979977
938,2023-10-25,34496.05,1,1,0.0169007624091575,0.0169007624091575,-0.3382825938888402
939,2023-10-26,34151.66,1,1,-0.009983461874620403,-0.009983461874620403,-0.3482660557634606
940,2023-10-27,33892.02,1,1,-0.007602558704320916,-0.007602558704320916,-0.3558686144677815
941,2023-10-28,34081.0,1,1,0.005575943835746777,0.005575943835746777,-0.35029267063203473
942,2023-10-29,34525.89,1,1,0.013053901000557477,0.013053901000557477,-0.33723876963147725
943,2023-10-30,34474.73,1,1,-0.0014817865665446295,-0.0014817865665446295,-0.3387205561980219
944,2023-10-31,34639.77,1,1,0.004787274621149917,0.004787274621149917,-0.33393328157687197
945,2023-11-01,35421.43,1,1,0.022565392322177802,0.022565392322177802,-0.31136788925469416
946,2023-11-02,34941.59,1,1,-0.013546601591183705,-0.013546601591183705,-0.32491449084587787
947,2023-11-03,34716.78,1,1,-0.006433880083877019,-0.006433880083877019,-0.3313483709297549
948,2023-11-04,35062.07,1,1,0.009945910882288134,0.009945910882288134,-0.32140246004746675
949,2023-11-05,35011.88,1,1,-0.0014314614054447006,-0.0014314614054447006,-0.32283392145291145
950,2023-11-06,35046.09,1,1,0.00097709691681791,0.00097709691681791,-0.32185682453609354
951,2023-11-07,35399.12,1,1,0.010073306323187703,0.010073306323187703,-0.31178351821290584
952,2023-11-08,35624.72,1,1,0.006373039781779832,0.006373039781779832,-0.305410478431126
953,2023-11-09,36701.09,1,1,0.030214132209319677,0.030214132209319677,-0.27519634622180633
954,2023-11-10,37301.63,1,1,0.016363001752808914,0.016363001752808914,-0.2588333444689974
955,2023-11-11,37130.0,1,1,-0.004601139414014854,-0.004601139414014854,-0.26343448388301227
956,2023-11-12,37064.13,1,1,-0.0017740371667116506,-0.0017740371667116506,-0.2652085210497239
957,2023-11-13,36462.93,-1,0,-0.016220534516795504,-0.016220534516795504,-0.2814290555665194
958,2023-11-14,35551.19,-1,0,-0.025004573137704433,0.0,-0.2814290555665194
959,2023-11-15,37858.2,1,1,0.06489262384747163,0.0,-0.2814290555665194
960,2023-11-16,36163.51,-1,0,-0.044764146208747246,-0.044764146208747246,-0.3261932017752667
961,2023-11-17,36613.92,-1,0,0.012454819789339933,0.0,-0.3261932017752667
962,2023-11-18,36568.1,-1,0,-0.0012514366120863762,0.0,-0.3261932017752667
963,2023-11-19,37359.86,1,1,0.021651658139197894,0.0,-0.3261932017752667
964,2023-11-20,37448.78,1,1,0.0023800945720888755,0.0023800945720888755,-0.3238131072031778
965,2023-11-21,35741.65,-1,0,-0.04558573069670091,-0.04558573069670091,-0.3693988378998787
966,2023-11-22,37408.34,1,1,0.046631590875071405,0.0,-0.3693988378998787
967,2023-11-23,37294.28,1,1,-0.003049052697874255,-0.003049052697874255,-0.37244789059775296
968,2023-11-24,37713.57,1,1,0.011242742854936427,0.011242742854936427,-0.36120514774281653
969,2023-11-25,37780.67,1,1,0.001779200431038408,0.001779200431038408,-0.3594259473117781
970,2023-11-26,37447.43,1,1,-0.008820383545342092,-0.008820383545342092,-0.3682463308571202
971,2023-11-27,37242.7,1,1,-0.005467130855174918,-0.005467130855174918,-0.37371346171229514
972,2023-11-28,37818.87,1,1,0.0154706828452289,0.0154706828452289,-0.35824277886706624
973,2023-11-29,37854.64,1,1,0.0009458241348827556,0.0009458241348827556,-0.3572969547321835
974,2023-11-30,37723.96,1,1,-0.0034521527611939273,-0.0034521527611939273,-0.3607491074933774
975,2023-12-01,38682.52,1,1,0.025409845625962824,0.025409845625962824,-0.3353392618674146
976,2023-12-02,39450.35,1,1,0.019849534104810163,0.019849534104810163,-0.3154897277626044
977,2023-12-03,39972.26,1,1,0.013229540422328379,0.013229540422328379,-0.30226018734027604
978,2023-12-04,41991.1,1,1,0.05050602592898157,0.05050602592898157,-0.2517541614112945
979,2023-12-05,44073.32,1,1,0.04958717442505667,0.04958717442505667,-0.2021669869862378
980,2023-12-06,43762.69,1,1,-0.007048028149456376,-0.007048028149456376,-0.20921501513569418
981,2023-12-07,43273.14,1,1,-0.011186469570312108,-0.011186469570312108,-0.2204014847060063
982,2023-12-08,44170.99,1,1,0.02074843655902936,0.02074843655902936,-0.19965304814697693
983,2023-12-09,43713.6,1,1,-0.010354986383596998,-0.010354986383596998,-0.21000803453057393
984,2023-12-10,43789.51,1,1,0.0017365305076681992,0.0017365305076681992,-0.20827150402290573
985,2023-12-11,41253.4,-1,0,-0.05791592552645597,-0.05791592552645597,-0.2661874295493617
986,2023-12-12,41492.39,-1,0,0.005793219467971067,0.0,-0.2661874295493617
987,2023-12-13,42869.03,-1,0,0.033178132182793085,0.0,-0.2661874295493617
988,2023-12-14,43022.26,1,1,0.0035743752541170792,0.0,-0.2661874295493617
989,2023-12-15,41940.3,-1,0,-0.02514884155318664,-0.02514884155318664,-0.29133627110254834
990,2023-12-16,42278.03,-1,0,0.008052636724105389,0.0,-0.29133627110254834
991,2023-12-17,41374.65,-1,0,-0.02136759919986808,0.0,-0.29133627110254834
992,2023-12-18,42657.8,1,1,0.03101295116695857,0.0,-0.29133627110254834
993,2023-12-19,42275.99,-1,0,-0.00895053190741213,-0.00895053190741213,-0.30028680300996047
994,2023-12-20,43668.93,1,1,0.03294872574243679,0.0,-0.30028680300996047
995,2023-12-21,43861.8,1,1,0.004416641305385882,0.004416641305385882,-0.2958701617045746
996,2023-12-22,43969.04,1,1,0.0024449520995490914,0.0024449520995490914,-0.2934252096050255
997,2023-12-23,43702.16,1,1,-0.006069725424980743,-0.006069725424980743,-0.29949493503000624
998,2023-12-24,42991.5,-1,0,-0.016261438793872096,-0.016261438793872096,-0.31575637382387833
999,2023-12-25,43576.13,1,1,0.013598734633590404,0.0,-0.31575637382387833
1000,2023-12-26,42508.93,-1,0,-0.024490472192000512,-0.024490472192000512,-0.34024684601587885
1001,2023-12-27,43428.85,-1,0,0.021640629392459365,0.0,-0.34024684601587885
1002,2023-12-28,42563.76,-1,0,-0.01991970775187457,0.0,-0.34024684601587885
1003,2023-12-29,42066.95,-1,0,-0.011672136108276221,0.0,-0.34024684601587885
1004,2023-12-30,42140.28,-1,0,0.0017431736790995966,0.0,-0.34024684601587885
1005,2023-12-31,42283.58,-1,0,0.0034005469351414686,0.0,-0.34024684601587885
1006,2024-01-01,44179.55,1,1,0.04483939155577654,0.0,-0.34024684601587885
1007,2024-01-02,44946.91,1,1,0.017369122139089255,0.017369122139089255,-0.3228777238767896
1008,2024-01-03,42845.23,-1,0,-0.04675916542427505,-0.04675916542427505,-0.36963688930106464
1009,2024-01-04,44151.1,1,1,0.030478772082679795,0.0,-0.36963688930106464
1010,2024-01-05,44145.11,1,1,-0.00013567045894657959,-0.00013567045894657959,-0.3697725597600112
1011,2024-01-06,43968.32,1,1,-0.00400474707164622,-0.00400474707164622,-0.37377730683165744
1012,2024-01-07,43929.02,-1,0,-0.0008938253724500855,-0.0008938253724500855,-0.3746711322041075
1013,2024-01-08,46951.04,1,1,0.06879324874536241,0.0,-0.3746711322041075
1014,2024-01-09,46110.0,1,1,-0.01791312822889546,-0.01791312822889546,-0.392584260433003
1015,2024-01-10,46653.99,1,1,0.011797657774886172,0.011797657774886172,-0.3807866026581168
1016,2024-01-11,46339.16,1,1,-0.006748190240534524,-0.006748190240534524,-0.38753479289865134
1017,2024-01-12,42782.73,-1,0,-0.07674783056058854,-0.07674783056058854,-0.4642826234592399
1018,2024-01-13,42847.99,-1,0,0.0015253818538460973,0.0,-0.4642826234592399
1019,2024-01-14,41732.35,-1,0,-0.0260371606696137,0.0,-0.4642826234592399
1020,2024-01-15,42511.1,-1,0,0.018660583456239666,0.0,-0.4642826234592399
1021,2024-01-16,43137.95,-1,0,0.014745560571238991,0.0,-0.4642826234592399
1022,2024-01-17,42776.1,-1,0,-0.008388205744593757,0.0,-0.4642826234592399
1023,2024-01-18,41327.5,-1,0,-0.0338647048234878,0.0,-0.4642826234592399
1024,2024-01-19,41659.03,-1,0,0.008022019236585853,0.0,-0.4642826234592399
1025,2024-01-20,41696.04,-1,0,0.0008884028264701804,0.0,-0.4642826234592399
1026,2024-01-21,41580.33,-1,0,-0.00277508367701107,0.0,-0.4642826234592399
1027,2024-01-22,39568.02,-1,0,-0.048395719803089654,0.0,-0.4642826234592399
1028,2024-01-23,39897.6,-1,0,0.008329453937801379,0.0,-0.4642826234592399
1029,2024-01-24,40084.88,-1,0,0.004694016682707636,0.0,-0.4642826234592399
1030,2024-01-25,39961.09,-1,0,-0.003088196846292135,0.0,-0.4642826234592399
1031,2024-01-26,41823.51,1,1,0.04660583582680067,0.0,-0.4642826234592399
1032,2024-01-27,42120.63,1,1,0.007104138318376307,0.007104138318376307,-0.45717848514086357
1033,2024-01-28,42031.06,1,1,-0.0021265114030820653,-0.0021265114030820653,-0.45930499654394563
1034,2024-01-29,43302.7,1,1,0.03025476873531141,0.03025476873531141,-0.4290502278086342
1035,2024-01-30,42941.1,1,1,-0.008350518558888909,-0.008350518558888909,-0.43740074636752313
1036,2024-01-31,42580.0,1,1,-0.008409193057467013,-0.008409193057467013,-0.44580993942499014
1037,2024-02-01,43082.94,1,1,0.011811648661343321,0.011811648661343321,-0.4339982907636468
1038,2024-02-02,43200.0,1,1,0.0027170847671955656,0.0027170847671955656,-0.43128120599645126
1039,2024-02-03,43011.09,1,1,-0.004372916666666726,-0.004372916666666726,-0.435654122663118
1040,2024-02-04,42582.88,-1,0,-0.00995580442160382,-0.00995580442160382,-0.4456099270847218
1041,2024-02-05,42708.7,-1,0,0.0029547085589325395,0.0,-0.4456099270847218
1042,2024-02-06,43098.95,1,1,0.009137482526979213,0.0,-0.4456099270847218
1043,2024-02-07,44349.6,1,1,0.029018108329785353,0.029018108329785353,-0.41659181875493645
1044,2024-02-08,45288.65,1,1,0.021173809910348673,0.021173809910348673,-0.3954180088445878
1045,2024-02-09,47132.77,1,1,0.04071925305788526,0.04071925305788526,-0.3546987557867025
1046,2024-02-10,47751.09,1,1,0.013118685789101692,0.013118685789101692,-0.3415800699976008
1047,2024-02-11,48299.99,1,1,0.011495025558578842,0.011495025558578842,-0.330085044439022
1048,2024-02-12,49917.27,1,1,0.03348406490353306,0.03348406490353306,-0.2966009795354889
1049,2024-02-13,49699.59,1,1,-0.004360815405169416,-0.004360815405169416,-0.30096179494065833
1050,2024-02-14,51795.17,1,1,0.04216493536465804,0.04216493536465804,-0.2587968595760003
1051,2024-02-15,51880.0,1,1,0.001637797501195637,0.001637797501195637,-0.25715906207480466
1052,2024-02-16,52124.11,1,1,0.004705281418658558,0.004705281418658558,-0.2524537806561461
1053,2024-02-17,51642.64,1,1,-0.00923699224792518,-0.00923699224792518,-0.2616907729040713
1054,2024-02-18,52137.67,1,1,0.009585683458475325,0.009585683458475325,-0.25210508944559595
1055,2024-02-19,51774.73,1,1,-0.0069611856456185395,-0.0069611856456185395,-0.2590662750912145
1056,2024-02-20,52258.82,1,1,0.009349928044047662,0.009349928044047662,-0.24971634704716683
1057,2024-02-21,51849.39,-1,0,-0.007834658340927003,-0.007834658340927003,-0.25755100538809383
1058,2024-02-22,51288.42,-1,0,-0.010819220824005882,0.0,-0.25755100538809383
1059,2024-02-23,50744.15,-1,0,-0.010611947102289299,0.0,-0.25755100538809383
1060,2024-02-24,51568.22,-1,0,0.016239704478250294,0.0,-0.25755100538809383
1061,2024-02-25,51728.85,1,1,0.0031149029382824267,0.0,-0.25755100538809383
1062,2024-02-26,54476.47,1,1,0.05311581448263403,0.05311581448263403,-0.2044351909054598
1063,2024-02-27,57037.34,1,1,0.04700873606531397,0.04700873606531397,-0.15742645484014584
1064,2024-02-28,62432.1,1,1,0.09458295215029322,0.09458295215029322,-0.06284350268985262
1065,2024-02-29,61130.98,1,1,-0.020840561185672013,-0.020840561185672013,-0.08368406387552463
1066,2024-03-01,62387.9,1,1,0.02056109684484042,0.02056109684484042,-0.06312296703068421
1067,2024-03-02,61987.28,1,1,-0.006421437490282567,-0.006421437490282567,-0.06954440452096677
1068,2024-03-03,63113.97,1,1,0.018176148396896963,0.018176148396896963,-0.05136825612406981
1069,2024-03-04,68245.71,1,1,0.08130909844524137,0.08130909844524137,0.029940842321171557
1070,2024-03-05,63724.01,1,1,-0.0662561793261438,-0.0662561793261438,-0.03631533700497225
1071,2024-03-06,66074.04,1,1,0.03687825044280779,0.03687825044280779,0.0005629134378355438
1072,2024-03-07,66823.17,1,1,0.011337735667442228,0.011337735667442228,0.011900649105277772
1073,2024-03-08,68124.19,1,1,0.01946959415424332,0.01946959415424332,0.03137024325952109
1074,2024-03-09,68313.27,1,1,0.002775519239201163,0.002775519239201163,0.034145762498722254
1075,2024-03-10,68955.88,1,1,0.009406810711886537,0.009406810711886537,0.04355257321060879
1076,2024-03-11,72078.1,1,1,0.04527851721999632,0.04527851721999632,0.08883109043060511
1077,2024-03-12,71452.01,1,1,-0.008686272251904659,-0.008686272251904659,0.08014481817870045
1078,2024-03-13,73072.41,1,1,0.02267815838910625,0.02267815838910625,0.1028229765678067
1079,2024-03-14,71388.94,1,1,-0.02303838069662678,-0.02303838069662678,0.07978459587117992
1080,2024-03-15,69499.85,-1,0,-0.026461942143979122,-0.026461942143979122,0.0533226537272008
1081,2024-03-16,65300.63,-1,0,-0.06042056205876711,0.0,0.0533226537272008
1082,2024-03-17,68393.48,-1,0,0.04736324902225286,0.0,0.0533226537272008
1083,2024-03-18,67609.99,-1,0,-0.011455624132592601,0.0,0.0533226537272008
1084,2024-03-19,61937.4,-1,0,-0.08390165417862072,0.0,0.0533226537272008
1085,2024-03-20,67840.51,1,1,0.09530768162693293,0.0,0.0533226537272008
1086,2024-03-21,65501.27,-1,0,-0.034481462477213065,-0.034481462477213065,0.018841191249987732
1087,2024-03-22,63796.64,-1,0,-0.026024380901316868,0.0,0.018841191249987732
1088,2024-03-23,63990.01,-1,0,0.003031037371247214,0.0,0.018841191249987732
1089,2024-03-24,67209.99,1,1,0.05032004214407837,0.0,0.018841191249987732
1090,2024-03-25,69880.01,1,1,0.039726534701165495,0.039726534701165495,0.05856772595115323
1091,2024-03-26,69988.0,1,1,0.0015453632591067024,0.0015453632591067024,0.06011308921025993
1092,2024-03-27,69469.99,1,1,-0.007401411670572067,-0.007401411670572067,0.05271167753968786
1093,2024-03-28,70780.6,1,1,0.018865844086057848,0.018865844086057848,0.07157752162574571
1094,2024-03-29,69850.54,1,1,-0.01314004119772949,-0.01314004119772949,0.05843748042801622
1095,2024-03-30,69582.18,1,1,-0.0038419173280550556,-0.0038419173280550556,0.054595563099961164
1096,2024-03-31,71280.01,1,1,0.024400356528065048,0.024400356528065048,0.07899591962802621
