,holdings,cash,total,positions,Date
0,0.0,100000.0,100000.0,,2021-03-31
1,0.0,100000.0,100000.0,0.0,2021-04-01
2,0.0,100000.0,100000.0,0.0,2021-04-02
3,1.5775098971218156,9910.000000000015,99910.00000000001,2.0,2021-04-03
4,0.0,101632.43256057551,101632.43256057551,-2.0,2021-04-04
5,0.0,101632.43256057551,101632.43256057551,0.0,2021-04-05
6,0.0,101632.43256057551,101632.43256057551,0.0,2021-04-06
7,0.0,101632.43256057551,101632.43256057551,0.0,2021-04-07
8,0.0,101632.43256057551,101632.43256057551,0.0,2021-04-08
9,1.5731887410580612,10071.774066753045,101540.963371271,2.0,2021-04-09
10,0.0,104005.8683232098,104005.8683232098,-2.0,2021-04-10
11,0.0,104005.8683232098,104005.8683232098,0.0,2021-04-11
12,0.0,104005.8683232098,104005.8683232098,0.0,2021-04-12
13,0.0,104005.8683232098,104005.8683232098,0.0,2021-04-13
14,1.4867531808272525,10306.981550830096,103912.26304171892,2.0,2021-04-14
15,0.0,104116.37941564976,104116.37941564976,-2.0,2021-04-15
16,0.0,104116.37941564976,104116.37941564976,0.0,2021-04-16
17,0.0,104116.37941564976,104116.37941564976,0.0,2021-04-17
18,1.6688285803347993,10317.93320009089,104022.67467417568,2.0,2021-04-18
19,0.0,103067.26507181226,103067.26507181226,-2.0,2021-04-19
20,0.0,103067.26507181226,103067.26507181226,0.0,2021-04-20
21,0.0,103067.26507181226,103067.26507181226,0.0,2021-04-21
22,0.0,103067.26507181226,103067.26507181226,0.0,2021-04-22
23,0.0,103067.26507181226,103067.26507181226,0.0,2021-04-23
24,0.0,103067.26507181226,103067.26507181226,0.0,2021-04-24
25,0.0,103067.26507181226,103067.26507181226,0.0,2021-04-25
26,1.717743535205872,10213.965968616612,102974.50453324764,2.0,2021-04-26
27,0.0,104615.92533922956,104615.92533922956,-2.0,2021-04-27
28,0.0,104615.92533922956,104615.92533922956,0.0,2021-04-28
29,1.7580866922846907,10367.438201117664,104521.77100642427,2.0,2021-04-29
30,0.0,111697.53498088944,111697.53498088944,-2.0,2021-04-30
31,0.0,111697.53498088944,111697.53498088944,0.0,2021-05-01
32,0.0,111697.53498088944,111697.53498088944,0.0,2021-05-02
33,0.0,111697.53498088944,111697.53498088944,0.0,2021-05-03
34,0.0,111697.53498088944,111697.53498088944,0.0,2021-05-04
35,0.0,111697.53498088944,111697.53498088944,0.0,2021-05-05
36,0.0,111697.53498088944,111697.53498088944,0.0,2021-05-06
37,1.753960044888977,11069.22571660616,111597.00719940665,2.0,2021-05-07
38,1.753960044888977,11069.22571660616,114310.90957686337,0.0,2021-05-08
39,0.0,113119.1799510371,113119.1799510371,-2.0,2021-05-09
40,0.0,113119.1799510371,113119.1799510371,0.0,2021-05-10
41,0.0,113119.1799510371,113119.1799510371,0.0,2021-05-11
42,0.0,113119.1799510371,113119.1799510371,0.0,2021-05-12
43,2.049633054396429,11210.110733147783,113017.37268908118,2.0,2021-05-13
44,0.0,113264.63744879563,113264.63744879563,-2.0,2021-05-14
45,0.0,113264.63744879563,113264.63744879563,0.0,2021-05-15
46,0.0,113264.63744879563,113264.63744879563,0.0,2021-05-16
47,0.0,113264.63744879563,113264.63744879563,0.0,2021-05-17
48,0.0,113264.63744879563,113264.63744879563,0.0,2021-05-18
49,0.0,113264.63744879563,113264.63744879563,0.0,2021-05-19
50,0.0,113264.63744879563,113264.63744879563,0.0,2021-05-20
51,2.736447609240846,11224.525571175633,113162.69927509173,2.0,2021-05-21
52,0.0,113601.2704722656,113601.2704722656,-2.0,2021-05-22
53,2.950235344573738,11257.885903801536,113499.02932884058,2.0,2021-05-23
54,0.0,125601.61371413787,125601.61371413787,-2.0,2021-05-24
55,0.0,125601.61371413787,125601.61371413787,0.0,2021-05-25
56,0.0,125601.61371413787,125601.61371413787,0.0,2021-05-26
57,0.0,125601.61371413787,125601.61371413787,0.0,2021-05-27
58,0.0,125601.61371413787,125601.61371413787,0.0,2021-05-28
59,0.0,125601.61371413787,125601.61371413787,0.0,2021-05-29
60,0.0,125601.61371413787,125601.61371413787,0.0,2021-05-30
61,0.0,125601.61371413787,125601.61371413787,0.0,2021-05-31
62,0.0,125601.61371413787,125601.61371413787,0.0,2021-06-01
63,0.0,125601.61371413787,125601.61371413787,0.0,2021-06-02
64,0.0,125601.61371413787,125601.61371413787,0.0,2021-06-03
65,0.0,125601.61371413787,125601.61371413787,0.0,2021-06-04
66,0.0,125601.61371413787,125601.61371413787,0.0,2021-06-05
67,0.0,125601.61371413787,125601.61371413787,0.0,2021-06-06
68,0.0,125601.61371413787,125601.61371413787,0.0,2021-06-07
69,0.0,125601.61371413787,125601.61371413787,0.0,2021-06-08
70,0.0,125601.61371413787,125601.61371413787,0.0,2021-06-09
71,0.0,125601.61371413787,125601.61371413787,0.0,2021-06-10
72,0.0,125601.61371413787,125601.61371413787,0.0,2021-06-11
73,0.0,125601.61371413787,125601.61371413787,0.0,2021-06-12
74,0.0,125601.61371413787,125601.61371413787,0.0,2021-06-13
75,0.0,125601.61371413787,125601.61371413787,0.0,2021-06-14
76,0.0,125601.61371413787,125601.61371413787,0.0,2021-06-15
77,0.0,125601.61371413787,125601.61371413787,0.0,2021-06-16
78,0.0,125601.61371413787,125601.61371413787,0.0,2021-06-17
79,0.0,125601.61371413787,125601.61371413787,0.0,2021-06-18
80,0.0,125601.61371413787,125601.61371413787,0.0,2021-06-19
81,0.0,125601.61371413787,125601.61371413787,0.0,2021-06-20
82,0.0,125601.61371413787,125601.61371413787,0.0,2021-06-21
83,0.0,125601.61371413787,125601.61371413787,0.0,2021-06-22
84,3.356530001354712,12447.119919071061,125488.57226179515,2.0,2021-06-23
85,0.0,128678.4737422049,128678.4737422049,-2.0,2021-06-24
86,0.0,128678.4737422049,128678.4737422049,0.0,2021-06-25
87,0.0,128678.4737422049,128678.4737422049,0.0,2021-06-26
88,3.3374493266632093,12752.036747852515,128562.66311583693,2.0,2021-06-27
89,0.0,127761.85920427016,127761.85920427016,-2.0,2021-06-28
90,0.0,127761.85920427016,127761.85920427016,0.0,2021-06-29
91,0.0,127761.85920427016,127761.85920427016,0.0,2021-06-30
92,0.0,127761.85920427016,127761.85920427016,0.0,2021-07-01
93,0.0,127761.85920427016,127761.85920427016,0.0,2021-07-02
94,0.0,127761.85920427016,127761.85920427016,0.0,2021-07-03
95,0.0,127761.85920427016,127761.85920427016,0.0,2021-07-04
96,0.0,127761.85920427016,127761.85920427016,0.0,2021-07-05
97,3.3601881847446315,12661.200247143192,127646.87353098634,2.0,2021-07-06
98,0.0,126330.51268601367,126330.51268601367,-2.0,2021-07-07
99,0.0,126330.51268601367,126330.51268601367,0.0,2021-07-08
100,0.0,126330.51268601367,126330.51268601367,0.0,2021-07-09
101,0.0,126330.51268601367,126330.51268601367,0.0,2021-07-10
102,0.0,126330.51268601367,126330.51268601367,0.0,2021-07-11
103,0.0,126330.51268601367,126330.51268601367,0.0,2021-07-12
104,0.0,126330.51268601367,126330.51268601367,0.0,2021-07-13
105,0.0,126330.51268601367,126330.51268601367,0.0,2021-07-14
106,0.0,126330.51268601367,126330.51268601367,0.0,2021-07-15
107,0.0,126330.51268601367,126330.51268601367,0.0,2021-07-16
108,0.0,126330.51268601367,126330.51268601367,0.0,2021-07-17
109,0.0,126330.51268601367,126330.51268601367,0.0,2021-07-18
110,0.0,126330.51268601367,126330.51268601367,0.0,2021-07-19
111,0.0,126330.51268601367,126330.51268601367,0.0,2021-07-20
112,0.0,126330.51268601367,126330.51268601367,0.0,2021-07-21
113,0.0,126330.51268601367,126330.51268601367,0.0,2021-07-22
114,0.0,126330.51268601367,126330.51268601367,0.0,2021-07-23
115,0.0,126330.51268601367,126330.51268601367,0.0,2021-07-24
116,0.0,126330.51268601367,126330.51268601367,0.0,2021-07-25
117,0.0,126330.51268601367,126330.51268601367,0.0,2021-07-26
118,0.0,126330.51268601367,126330.51268601367,0.0,2021-07-27
119,0.0,126330.51268601367,126330.51268601367,0.0,2021-07-28
120,0.0,126330.51268601367,126330.51268601367,0.0,2021-07-29
121,0.0,126330.51268601367,126330.51268601367,0.0,2021-07-30
122,0.0,126330.51268601367,126330.51268601367,0.0,2021-07-31
123,0.0,126330.51268601367,126330.51268601367,0.0,2021-08-01
124,0.0,126330.51268601367,126330.51268601367,0.0,2021-08-02
125,0.0,126330.51268601367,126330.51268601367,0.0,2021-08-03
126,0.0,126330.51268601367,126330.51268601367,0.0,2021-08-04
127,0.0,126330.51268601367,126330.51268601367,0.0,2021-08-05
128,0.0,126330.51268601367,126330.51268601367,0.0,2021-08-06
129,0.0,126330.51268601367,126330.51268601367,0.0,2021-08-07
130,0.0,126330.51268601367,126330.51268601367,0.0,2021-08-08
131,0.0,126330.51268601367,126330.51268601367,0.0,2021-08-09
132,0.0,126330.51268601367,126330.51268601367,0.0,2021-08-10
133,0.0,126330.51268601367,126330.51268601367,0.0,2021-08-11
134,0.0,126330.51268601367,126330.51268601367,0.0,2021-08-12
135,0.0,126330.51268601367,126330.51268601367,0.0,2021-08-13
136,0.0,126330.51268601367,126330.51268601367,0.0,2021-08-14
137,0.0,126330.51268601367,126330.51268601367,0.0,2021-08-15
138,0.0,126330.51268601367,126330.51268601367,0.0,2021-08-16
139,0.0,126330.51268601367,126330.51268601367,0.0,2021-08-17
140,0.0,126330.51268601367,126330.51268601367,0.0,2021-08-18
141,0.0,126330.51268601367,126330.51268601367,0.0,2021-08-19
142,0.0,126330.51268601367,126330.51268601367,0.0,2021-08-20
143,0.0,126330.51268601367,126330.51268601367,0.0,2021-08-21
144,0.0,126330.51268601367,126330.51268601367,0.0,2021-08-22
145,0.0,126330.51268601367,126330.51268601367,0.0,2021-08-23
146,0.0,126330.51268601367,126330.51268601367,0.0,2021-08-24
147,0.0,126330.51268601367,126330.51268601367,0.0,2021-08-25
148,0.0,126330.51268601367,126330.51268601367,0.0,2021-08-26
149,0.0,126330.51268601367,126330.51268601367,0.0,2021-08-27
150,0.0,126330.51268601367,126330.51268601367,0.0,2021-08-28
151,0.0,126330.51268601367,126330.51268601367,0.0,2021-08-29
152,0.0,126330.51268601367,126330.51268601367,0.0,2021-08-30
153,0.0,126330.51268601367,126330.51268601367,0.0,2021-08-31
154,0.0,126330.51268601367,126330.51268601367,0.0,2021-09-01
155,0.0,126330.51268601367,126330.51268601367,0.0,2021-09-02
156,0.0,126330.51268601367,126330.51268601367,0.0,2021-09-03
157,0.0,126330.51268601367,126330.51268601367,0.0,2021-09-04
158,0.0,126330.51268601367,126330.51268601367,0.0,2021-09-05
159,0.0,126330.51268601367,126330.51268601367,0.0,2021-09-06
160,0.0,126330.51268601367,126330.51268601367,0.0,2021-09-07
161,0.0,126330.51268601367,126330.51268601367,0.0,2021-09-08
162,2.450633006332394,12519.353807183972,126216.81522459627,2.0,2021-09-09
163,0.0,122322.56109681758,122322.56109681758,-2.0,2021-09-10
164,0.0,122322.56109681758,122322.56109681758,0.0,2021-09-11
165,0.0,122322.56109681758,122322.56109681758,0.0,2021-09-12
166,2.449677719679583,12122.165804694625,122212.47079183045,2.0,2021-09-13
167,0.0,127414.79864804944,127414.79864804944,-2.0,2021-09-14
168,0.0,127414.79864804944,127414.79864804944,0.0,2021-09-15
169,0.0,127414.79864804944,127414.79864804944,0.0,2021-09-16
170,0.0,127414.79864804944,127414.79864804944,0.0,2021-09-17
171,0.0,127414.79864804944,127414.79864804944,0.0,2021-09-18
172,0.0,127414.79864804944,127414.79864804944,0.0,2021-09-19
173,0.0,127414.79864804944,127414.79864804944,0.0,2021-09-20
174,0.0,127414.79864804944,127414.79864804944,0.0,2021-09-21
175,0.0,127414.79864804944,127414.79864804944,0.0,2021-09-22
176,2.5559490524125903,12626.806546021719,127300.12532926621,2.0,2021-09-23
177,0.0,121939.02073493984,121939.02073493984,-2.0,2021-09-24
178,0.0,121939.02073493984,121939.02073493984,0.0,2021-09-25
179,0.0,121939.02073493984,121939.02073493984,0.0,2021-09-26
180,0.0,121939.02073493984,121939.02073493984,0.0,2021-09-27
181,0.0,121939.02073493984,121939.02073493984,0.0,2021-09-28
182,0.0,121939.02073493984,121939.02073493984,0.0,2021-09-29
183,2.5042184245984713,12084.15695483255,121829.2756162784,2.0,2021-09-30
184,0.0,132520.70659991473,132520.70659991473,-2.0,2021-10-01
185,0.0,132520.70659991473,132520.70659991473,0.0,2021-10-02
186,0.0,132520.70659991473,132520.70659991473,0.0,2021-10-03
187,0.0,132520.70659991473,132520.70659991473,0.0,2021-10-04
188,0.0,132520.70659991473,132520.70659991473,0.0,2021-10-05
189,0.0,132520.70659991473,132520.70659991473,0.0,2021-10-06
190,0.0,132520.70659991473,132520.70659991473,0.0,2021-10-07
191,0.0,132520.70659991473,132520.70659991473,0.0,2021-10-08
192,0.0,132520.70659991473,132520.70659991473,0.0,2021-10-09
193,0.0,132520.70659991473,132520.70659991473,0.0,2021-10-10
194,0.0,132520.70659991473,132520.70659991473,0.0,2021-10-11
195,0.0,132520.70659991473,132520.70659991473,0.0,2021-10-12
196,0.0,132520.70659991473,132520.70659991473,0.0,2021-10-13
197,0.0,132520.70659991473,132520.70659991473,0.0,2021-10-14
198,0.0,132520.70659991473,132520.70659991473,0.0,2021-10-15
199,0.0,132520.70659991473,132520.70659991473,0.0,2021-10-16
200,0.0,132520.70659991473,132520.70659991473,0.0,2021-10-17
201,0.0,132520.70659991473,132520.70659991473,0.0,2021-10-18
202,0.0,132520.70659991473,132520.70659991473,0.0,2021-10-19
203,0.0,132520.70659991473,132520.70659991473,0.0,2021-10-20
204,0.0,132520.70659991473,132520.70659991473,0.0,2021-10-21
205,0.0,132520.70659991473,132520.70659991473,0.0,2021-10-22
206,0.0,132520.70659991473,132520.70659991473,0.0,2021-10-23
207,0.0,132520.70659991473,132520.70659991473,0.0,2021-10-24
208,0.0,132520.70659991473,132520.70659991473,0.0,2021-10-25
209,0.0,132520.70659991473,132520.70659991473,0.0,2021-10-26
210,0.0,132520.70659991473,132520.70659991473,0.0,2021-10-27
211,0.0,132520.70659991473,132520.70659991473,0.0,2021-10-28
212,0.0,132520.70659991473,132520.70659991473,0.0,2021-10-29
213,0.0,132520.70659991473,132520.70659991473,0.0,2021-10-30
214,0.0,132520.70659991473,132520.70659991473,0.0,2021-10-31
215,0.0,132520.70659991473,132520.70659991473,0.0,2021-11-01
216,0.0,132520.70659991473,132520.70659991473,0.0,2021-11-02
217,0.0,132520.70659991473,132520.70659991473,0.0,2021-11-03
218,0.0,132520.70659991473,132520.70659991473,0.0,2021-11-04
219,0.0,132520.70659991473,132520.70659991473,0.0,2021-11-05
220,1.9402546345306035,13132.802024051562,132401.43796397484,2.0,2021-11-06
221,0.0,135776.91138869993,135776.91138869993,-2.0,2021-11-07
222,1.8096663195377225,13455.491918620173,135654.71216845012,2.0,2021-11-08
223,0.0,134487.2644670091,134487.2644670091,-2.0,2021-11-09
224,0.0,134487.2644670091,134487.2644670091,0.0,2021-11-10
225,0.0,134487.2644670091,134487.2644670091,0.0,2021-11-11
226,0.0,134487.2644670091,134487.2644670091,0.0,2021-11-12
227,0.0,134487.2644670091,134487.2644670091,0.0,2021-11-13
228,0.0,134487.2644670091,134487.2644670091,0.0,2021-11-14
229,0.0,134487.2644670091,134487.2644670091,0.0,2021-11-15
230,0.0,134487.2644670091,134487.2644670091,0.0,2021-11-16
231,0.0,134487.2644670091,134487.2644670091,0.0,2021-11-17
232,2.127528413153083,13327.6879086806,134366.22592898883,2.0,2021-11-18
233,0.0,136711.97016581535,136711.97016581535,-2.0,2021-11-19
234,0.0,136711.97016581535,136711.97016581535,0.0,2021-11-20
235,0.0,136711.97016581535,136711.97016581535,0.0,2021-11-21
236,0.0,136711.97016581535,136711.97016581535,0.0,2021-11-22
237,0.0,136711.97016581535,136711.97016581535,0.0,2021-11-23
238,0.0,136711.97016581535,136711.97016581535,0.0,2021-11-24
239,0.0,136711.97016581535,136711.97016581535,0.0,2021-11-25
240,0.0,136711.97016581535,136711.97016581535,0.0,2021-11-26
241,0.0,136711.97016581535,136711.97016581535,0.0,2021-11-27
242,0.0,136711.97016581535,136711.97016581535,0.0,2021-11-28
243,0.0,136711.97016581535,136711.97016581535,0.0,2021-11-29
244,0.0,136711.97016581535,136711.97016581535,0.0,2021-11-30
245,0.0,136711.97016581535,136711.97016581535,0.0,2021-12-01
246,2.178470829836255,13548.156243432299,136588.92939266615,2.0,2021-12-02
247,0.0,130199.71179315331,130199.71179315331,-2.0,2021-12-03
248,0.0,130199.71179315331,130199.71179315331,0.0,2021-12-04
249,0.0,130199.71179315331,130199.71179315331,0.0,2021-12-05
250,2.32306265530412,12902.791438701504,130082.5320525395,2.0,2021-12-06
251,0.0,130306.57065423281,130306.57065423281,-2.0,2021-12-07
252,2.323620932829393,12913.381151834488,130189.29474064402,2.0,2021-12-08
253,0.0,123280.8314113706,123280.8314113706,-2.0,2021-12-09
254,0.0,123280.8314113706,123280.8314113706,0.0,2021-12-10
255,0.0,123280.8314113706,123280.8314113706,0.0,2021-12-11
256,0.0,123280.8314113706,123280.8314113706,0.0,2021-12-12
257,0.0,123280.8314113706,123280.8314113706,0.0,2021-12-13
258,0.0,123280.8314113706,123280.8314113706,0.0,2021-12-14
259,0.0,123280.8314113706,123280.8314113706,0.0,2021-12-15
260,0.0,123280.8314113706,123280.8314113706,0.0,2021-12-16
261,0.0,123280.8314113706,123280.8314113706,0.0,2021-12-17
262,0.0,123280.8314113706,123280.8314113706,0.0,2021-12-18
263,0.0,123280.8314113706,123280.8314113706,0.0,2021-12-19
264,0.0,123280.8314113706,123280.8314113706,0.0,2021-12-20
265,2.269442025020997,12217.130392866835,123169.87866310037,2.0,2021-12-21
266,0.0,122374.87460308861,122374.87460308861,-2.0,2021-12-22
267,0.0,122374.87460308861,122374.87460308861,0.0,2021-12-23
268,0.0,122374.87460308861,122374.87460308861,0.0,2021-12-24
269,0.0,122374.87460308861,122374.87460308861,0.0,2021-12-25
270,0.0,122374.87460308861,122374.87460308861,0.0,2021-12-26
271,0.0,122374.87460308861,122374.87460308861,0.0,2021-12-27
272,0.0,122374.87460308861,122374.87460308861,0.0,2021-12-28
273,0.0,122374.87460308861,122374.87460308861,0.0,2021-12-29
274,0.0,122374.87460308861,122374.87460308861,0.0,2021-12-30
275,0.0,122374.87460308861,122374.87460308861,0.0,2021-12-31
276,0.0,122374.87460308861,122374.87460308861,0.0,2022-01-01
277,2.3291665163643955,12127.35007316609,122264.73721594585,2.0,2022-01-02
278,0.0,120199.87030794272,120199.87030794272,-2.0,2022-01-03
279,0.0,120199.87030794272,120199.87030794272,0.0,2022-01-04
280,0.0,120199.87030794272,120199.87030794272,0.0,2022-01-05
281,0.0,120199.87030794272,120199.87030794272,0.0,2022-01-06
282,0.0,120199.87030794272,120199.87030794272,0.0,2022-01-07
283,0.0,120199.87030794272,120199.87030794272,0.0,2022-01-08
284,0.0,120199.87030794272,120199.87030794272,0.0,2022-01-09
285,0.0,120199.87030794272,120199.87030794272,0.0,2022-01-10
286,0.0,120199.87030794272,120199.87030794272,0.0,2022-01-11
287,0.0,120199.87030794272,120199.87030794272,0.0,2022-01-12
288,0.0,120199.87030794272,120199.87030794272,0.0,2022-01-13
289,0.0,120199.87030794272,120199.87030794272,0.0,2022-01-14
290,0.0,120199.87030794272,120199.87030794272,0.0,2022-01-15
291,0.0,120199.87030794272,120199.87030794272,0.0,2022-01-16
292,0.0,120199.87030794272,120199.87030794272,0.0,2022-01-17
293,0.0,120199.87030794272,120199.87030794272,0.0,2022-01-18
294,0.0,120199.87030794272,120199.87030794272,0.0,2022-01-19
295,0.0,120199.87030794272,120199.87030794272,0.0,2022-01-20
296,0.0,120199.87030794272,120199.87030794272,0.0,2022-01-21
297,0.0,120199.87030794272,120199.87030794272,0.0,2022-01-22
298,0.0,120199.87030794272,120199.87030794272,0.0,2022-01-23
299,0.0,120199.87030794272,120199.87030794272,0.0,2022-01-24
300,2.9270779428596443,11911.807147517145,120091.69042466559,2.0,2022-01-25
301,0.0,119547.87054553314,119547.87054553314,-2.0,2022-01-26
302,0.0,119547.87054553314,119547.87054553314,0.0,2022-01-27
303,0.0,119547.87054553314,119547.87054553314,0.0,2022-01-28
304,0.0,119547.87054553314,119547.87054553314,0.0,2022-01-29
305,0.0,119547.87054553314,119547.87054553314,0.0,2022-01-30
306,0.0,119547.87054553314,119547.87054553314,0.0,2022-01-31
307,0.0,119547.87054553314,119547.87054553314,0.0,2022-02-01
308,0.0,119547.87054553314,119547.87054553314,0.0,2022-02-02
309,0.0,119547.87054553314,119547.87054553314,0.0,2022-02-03
310,0.0,119547.87054553314,119547.87054553314,0.0,2022-02-04
311,0.0,119547.87054553314,119547.87054553314,0.0,2022-02-05
312,0.0,119547.87054553314,119547.87054553314,0.0,2022-02-06
313,0.0,119547.87054553314,119547.87054553314,0.0,2022-02-07
314,0.0,119547.87054553314,119547.87054553314,0.0,2022-02-08
315,0.0,119547.87054553314,119547.87054553314,0.0,2022-02-09
316,0.0,119547.87054553314,119547.87054553314,0.0,2022-02-10
317,0.0,119547.87054553314,119547.87054553314,0.0,2022-02-11
318,0.0,119547.87054553314,119547.87054553314,0.0,2022-02-12
319,0.0,119547.87054553314,119547.87054553314,0.0,2022-02-13
320,0.0,119547.87054553314,119547.87054553314,0.0,2022-02-14
321,0.0,119547.87054553314,119547.87054553314,0.0,2022-02-15
322,0.0,119547.87054553314,119547.87054553314,0.0,2022-02-16
323,0.0,119547.87054553314,119547.87054553314,0.0,2022-02-17
324,0.0,119547.87054553314,119547.87054553314,0.0,2022-02-18
325,0.0,119547.87054553314,119547.87054553314,0.0,2022-02-19
326,0.0,119547.87054553314,119547.87054553314,0.0,2022-02-20
327,0.0,119547.87054553314,119547.87054553314,0.0,2022-02-21
328,0.0,119547.87054553314,119547.87054553314,0.0,2022-02-22
329,0.0,119547.87054553314,119547.87054553314,0.0,2022-02-23
330,0.0,119547.87054553314,119547.87054553314,0.0,2022-02-24
331,0.0,119547.87054553314,119547.87054553314,0.0,2022-02-25
332,0.0,119547.87054553314,119547.87054553314,0.0,2022-02-26
333,0.0,119547.87054553314,119547.87054553314,0.0,2022-02-27
334,0.0,119547.87054553314,119547.87054553314,0.0,2022-02-28
335,0.0,119547.87054553314,119547.87054553314,0.0,2022-03-01
336,0.0,119547.87054553314,119547.87054553314,0.0,2022-03-02
337,0.0,119547.87054553314,119547.87054553314,0.0,2022-03-03
338,0.0,119547.87054553314,119547.87054553314,0.0,2022-03-04
339,0.0,119547.87054553314,119547.87054553314,0.0,2022-03-05
340,0.0,119547.87054553314,119547.87054553314,0.0,2022-03-06
341,0.0,119547.87054553314,119547.87054553314,0.0,2022-03-07
342,0.0,119547.87054553314,119547.87054553314,0.0,2022-03-08
343,0.0,119547.87054553314,119547.87054553314,0.0,2022-03-09
344,0.0,119547.87054553314,119547.87054553314,0.0,2022-03-10
345,0.0,119547.87054553314,119547.87054553314,0.0,2022-03-11
346,0.0,119547.87054553314,119547.87054553314,0.0,2022-03-12
347,0.0,119547.87054553314,119547.87054553314,0.0,2022-03-13
348,0.0,119547.87054553314,119547.87054553314,0.0,2022-03-14
349,0.0,119547.87054553314,119547.87054553314,0.0,2022-03-15
350,0.0,119547.87054553314,119547.87054553314,0.0,2022-03-16
351,0.0,119547.87054553314,119547.87054553314,0.0,2022-03-17
352,0.0,119547.87054553314,119547.87054553314,0.0,2022-03-18
353,0.0,119547.87054553314,119547.87054553314,0.0,2022-03-19
354,0.0,119547.87054553314,119547.87054553314,0.0,2022-03-20
355,0.0,119547.87054553314,119547.87054553314,0.0,2022-03-21
356,0.0,119547.87054553314,119547.87054553314,0.0,2022-03-22
357,0.0,119547.87054553314,119547.87054553314,0.0,2022-03-23
358,0.0,119547.87054553314,119547.87054553314,0.0,2022-03-24
359,0.0,119547.87054553314,119547.87054553314,0.0,2022-03-25
360,0.0,119547.87054553314,119547.87054553314,0.0,2022-03-26
361,0.0,119547.87054553314,119547.87054553314,0.0,2022-03-27
362,0.0,119547.87054553314,119547.87054553314,0.0,2022-03-28
363,0.0,119547.87054553314,119547.87054553314,0.0,2022-03-29
364,0.0,119547.87054553314,119547.87054553314,0.0,2022-03-30
365,0.0,119547.87054553314,119547.87054553314,0.0,2022-03-31
366,0.0,119547.87054553314,119547.87054553314,0.0,2022-04-01
367,0.0,119547.87054553314,119547.87054553314,0.0,2022-04-02
368,0.0,119547.87054553314,119547.87054553314,0.0,2022-04-03
369,0.0,119547.87054553314,119547.87054553314,0.0,2022-04-04
370,0.0,119547.87054553314,119547.87054553314,0.0,2022-04-05
371,0.0,119547.87054553314,119547.87054553314,0.0,2022-04-06
372,0.0,119547.87054553314,119547.87054553314,0.0,2022-04-07
373,0.0,119547.87054553314,119547.87054553314,0.0,2022-04-08
374,0.0,119547.87054553314,119547.87054553314,0.0,2022-04-09
375,0.0,119547.87054553314,119547.87054553314,0.0,2022-04-10
376,0.0,119547.87054553314,119547.87054553314,0.0,2022-04-11
377,0.0,119547.87054553314,119547.87054553314,0.0,2022-04-12
378,0.0,119547.87054553314,119547.87054553314,0.0,2022-04-13
379,0.0,119547.87054553314,119547.87054553314,0.0,2022-04-14
380,0.0,119547.87054553314,119547.87054553314,0.0,2022-04-15
381,0.0,119547.87054553314,119547.87054553314,0.0,2022-04-16
382,0.0,119547.87054553314,119547.87054553314,0.0,2022-04-17
383,0.0,119547.87054553314,119547.87054553314,0.0,2022-04-18
384,0.0,119547.87054553314,119547.87054553314,0.0,2022-04-19
385,0.0,119547.87054553314,119547.87054553314,0.0,2022-04-20
386,0.0,119547.87054553314,119547.87054553314,0.0,2022-04-21
387,0.0,119547.87054553314,119547.87054553314,0.0,2022-04-22
388,0.0,119547.87054553314,119547.87054553314,0.0,2022-04-23
389,0.0,119547.87054553314,119547.87054553314,0.0,2022-04-24
390,0.0,119547.87054553314,119547.87054553314,0.0,2022-04-25
391,0.0,119547.87054553314,119547.87054553314,0.0,2022-04-26
392,0.0,119547.87054553314,119547.87054553314,0.0,2022-04-27
393,0.0,119547.87054553314,119547.87054553314,0.0,2022-04-28
394,0.0,119547.87054553314,119547.87054553314,0.0,2022-04-29
395,0.0,119547.87054553314,119547.87054553314,0.0,2022-04-30
396,0.0,119547.87054553314,119547.87054553314,0.0,2022-05-01
397,0.0,119547.87054553314,119547.87054553314,0.0,2022-05-02
398,0.0,119547.87054553314,119547.87054553314,0.0,2022-05-03
399,0.0,119547.87054553314,119547.87054553314,0.0,2022-05-04
400,0.0,119547.87054553314,119547.87054553314,0.0,2022-05-05
401,0.0,119547.87054553314,119547.87054553314,0.0,2022-05-06
402,0.0,119547.87054553314,119547.87054553314,0.0,2022-05-07
403,0.0,119547.87054553314,119547.87054553314,0.0,2022-05-08
404,0.0,119547.87054553314,119547.87054553314,0.0,2022-05-09
405,0.0,119547.87054553314,119547.87054553314,0.0,2022-05-10
406,0.0,119547.87054553314,119547.87054553314,0.0,2022-05-11
407,0.0,119547.87054553314,119547.87054553314,0.0,2022-05-12
408,0.0,119547.87054553314,119547.87054553314,0.0,2022-05-13
409,0.0,119547.87054553314,119547.87054553314,0.0,2022-05-14
410,0.0,119547.87054553314,119547.87054553314,0.0,2022-05-15
411,0.0,119547.87054553314,119547.87054553314,0.0,2022-05-16
412,0.0,119547.87054553314,119547.87054553314,0.0,2022-05-17
413,0.0,119547.87054553314,119547.87054553314,0.0,2022-05-18
414,0.0,119547.87054553314,119547.87054553314,0.0,2022-05-19
415,0.0,119547.87054553314,119547.87054553314,0.0,2022-05-20
416,0.0,119547.87054553314,119547.87054553314,0.0,2022-05-21
417,0.0,119547.87054553314,119547.87054553314,0.0,2022-05-22
418,0.0,119547.87054553314,119547.87054553314,0.0,2022-05-23
419,0.0,119547.87054553314,119547.87054553314,0.0,2022-05-24
420,0.0,119547.87054553314,119547.87054553314,0.0,2022-05-25
421,0.0,119547.87054553314,119547.87054553314,0.0,2022-05-26
422,0.0,119547.87054553314,119547.87054553314,0.0,2022-05-27
423,0.0,119547.87054553314,119547.87054553314,0.0,2022-05-28
424,0.0,119547.87054553314,119547.87054553314,0.0,2022-05-29
425,0.0,119547.87054553314,119547.87054553314,0.0,2022-05-30
426,0.0,119547.87054553314,119547.87054553314,0.0,2022-05-31
427,0.0,119547.87054553314,119547.87054553314,0.0,2022-06-01
428,0.0,119547.87054553314,119547.87054553314,0.0,2022-06-02
429,0.0,119547.87054553314,119547.87054553314,0.0,2022-06-03
430,0.0,119547.87054553314,119547.87054553314,0.0,2022-06-04
431,0.0,119547.87054553314,119547.87054553314,0.0,2022-06-05
432,0.0,119547.87054553314,119547.87054553314,0.0,2022-06-06
433,0.0,119547.87054553314,119547.87054553314,0.0,2022-06-07
434,0.0,119547.87054553314,119547.87054553314,0.0,2022-06-08
435,0.0,119547.87054553314,119547.87054553314,0.0,2022-06-09
436,0.0,119547.87054553314,119547.87054553314,0.0,2022-06-10
437,0.0,119547.87054553314,119547.87054553314,0.0,2022-06-11
438,0.0,119547.87054553314,119547.87054553314,0.0,2022-06-12
439,0.0,119547.87054553314,119547.87054553314,0.0,2022-06-13
440,0.0,119547.87054553314,119547.87054553314,0.0,2022-06-14
441,0.0,119547.87054553314,119547.87054553314,0.0,2022-06-15
442,0.0,119547.87054553314,119547.87054553314,0.0,2022-06-16
443,0.0,119547.87054553314,119547.87054553314,0.0,2022-06-17
444,0.0,119547.87054553314,119547.87054553314,0.0,2022-06-18
445,0.0,119547.87054553314,119547.87054553314,0.0,2022-06-19
446,0.0,119547.87054553314,119547.87054553314,0.0,2022-06-20
447,0.0,119547.87054553314,119547.87054553314,0.0,2022-06-21
448,0.0,119547.87054553314,119547.87054553314,0.0,2022-06-22
449,0.0,119547.87054553314,119547.87054553314,0.0,2022-06-23
450,0.0,119547.87054553314,119547.87054553314,0.0,2022-06-24
451,0.0,119547.87054553314,119547.87054553314,0.0,2022-06-25
452,0.0,119547.87054553314,119547.87054553314,0.0,2022-06-26
453,0.0,119547.87054553314,119547.87054553314,0.0,2022-06-27
454,0.0,119547.87054553314,119547.87054553314,0.0,2022-06-28
455,0.0,119547.87054553314,119547.87054553314,0.0,2022-06-29
456,0.0,119547.87054553314,119547.87054553314,0.0,2022-06-30
457,0.0,119547.87054553314,119547.87054553314,0.0,2022-07-01
458,0.0,119547.87054553314,119547.87054553314,0.0,2022-07-02
459,0.0,119547.87054553314,119547.87054553314,0.0,2022-07-03
460,0.0,119547.87054553314,119547.87054553314,0.0,2022-07-04
461,0.0,119547.87054553314,119547.87054553314,0.0,2022-07-05
462,0.0,119547.87054553314,119547.87054553314,0.0,2022-07-06
463,0.0,119547.87054553314,119547.87054553314,0.0,2022-07-07
464,0.0,119547.87054553314,119547.87054553314,0.0,2022-07-08
465,0.0,119547.87054553314,119547.87054553314,0.0,2022-07-09
466,0.0,119547.87054553314,119547.87054553314,0.0,2022-07-10
467,0.0,119547.87054553314,119547.87054553314,0.0,2022-07-11
468,0.0,119547.87054553314,119547.87054553314,0.0,2022-07-12
469,0.0,119547.87054553314,119547.87054553314,0.0,2022-07-13
470,0.0,119547.87054553314,119547.87054553314,0.0,2022-07-14
471,0.0,119547.87054553314,119547.87054553314,0.0,2022-07-15
472,0.0,119547.87054553314,119547.87054553314,0.0,2022-07-16
473,0.0,119547.87054553314,119547.87054553314,0.0,2022-07-17
474,0.0,119547.87054553314,119547.87054553314,0.0,2022-07-18
475,0.0,119547.87054553314,119547.87054553314,0.0,2022-07-19
476,0.0,119547.87054553314,119547.87054553314,0.0,2022-07-20
477,0.0,119547.87054553314,119547.87054553314,0.0,2022-07-21
478,0.0,119547.87054553314,119547.87054553314,0.0,2022-07-22
479,0.0,119547.87054553314,119547.87054553314,0.0,2022-07-23
480,0.0,119547.87054553314,119547.87054553314,0.0,2022-07-24
481,0.0,119547.87054553314,119547.87054553314,0.0,2022-07-25
482,0.0,119547.87054553314,119547.87054553314,0.0,2022-07-26
483,0.0,119547.87054553314,119547.87054553314,0.0,2022-07-27
484,0.0,119547.87054553314,119547.87054553314,0.0,2022-07-28
485,0.0,119547.87054553314,119547.87054553314,0.0,2022-07-29
486,0.0,119547.87054553314,119547.87054553314,0.0,2022-07-30
487,0.0,119547.87054553314,119547.87054553314,0.0,2022-07-31
488,0.0,119547.87054553314,119547.87054553314,0.0,2022-08-01
489,0.0,119547.87054553314,119547.87054553314,0.0,2022-08-02
490,0.0,119547.87054553314,119547.87054553314,0.0,2022-08-03
491,0.0,119547.87054553314,119547.87054553314,0.0,2022-08-04
492,0.0,119547.87054553314,119547.87054553314,0.0,2022-08-05
493,0.0,119547.87054553314,119547.87054553314,0.0,2022-08-06
494,0.0,119547.87054553314,119547.87054553314,0.0,2022-08-07
495,0.0,119547.87054553314,119547.87054553314,0.0,2022-08-08
496,0.0,119547.87054553314,119547.87054553314,0.0,2022-08-09
497,0.0,119547.87054553314,119547.87054553314,0.0,2022-08-10
498,0.0,119547.87054553314,119547.87054553314,0.0,2022-08-11
499,0.0,119547.87054553314,119547.87054553314,0.0,2022-08-12
500,0.0,119547.87054553314,119547.87054553314,0.0,2022-08-13
501,0.0,119547.87054553314,119547.87054553314,0.0,2022-08-14
502,0.0,119547.87054553314,119547.87054553314,0.0,2022-08-15
503,0.0,119547.87054553314,119547.87054553314,0.0,2022-08-16
504,0.0,119547.87054553314,119547.87054553314,0.0,2022-08-17
505,0.0,119547.87054553314,119547.87054553314,0.0,2022-08-18
506,0.0,119547.87054553314,119547.87054553314,0.0,2022-08-19
507,0.0,119547.87054553314,119547.87054553314,0.0,2022-08-20
508,0.0,119547.87054553314,119547.87054553314,0.0,2022-08-21
509,0.0,119547.87054553314,119547.87054553314,0.0,2022-08-22
510,0.0,119547.87054553314,119547.87054553314,0.0,2022-08-23
511,0.0,119547.87054553314,119547.87054553314,0.0,2022-08-24
512,0.0,119547.87054553314,119547.87054553314,0.0,2022-08-25
513,0.0,119547.87054553314,119547.87054553314,0.0,2022-08-26
514,0.0,119547.87054553314,119547.87054553314,0.0,2022-08-27
515,0.0,119547.87054553314,119547.87054553314,0.0,2022-08-28
516,0.0,119547.87054553314,119547.87054553314,0.0,2022-08-29
517,0.0,119547.87054553314,119547.87054553314,0.0,2022-08-30
518,0.0,119547.87054553314,119547.87054553314,0.0,2022-08-31
519,0.0,119547.87054553314,119547.87054553314,0.0,2022-09-01
520,0.0,119547.87054553314,119547.87054553314,0.0,2022-09-02
521,0.0,119547.87054553314,119547.87054553314,0.0,2022-09-03
522,0.0,119547.87054553314,119547.87054553314,0.0,2022-09-04
523,0.0,119547.87054553314,119547.87054553314,0.0,2022-09-05
524,0.0,119547.87054553314,119547.87054553314,0.0,2022-09-06
525,0.0,119547.87054553314,119547.87054553314,0.0,2022-09-07
526,0.0,119547.87054553314,119547.87054553314,0.0,2022-09-08
527,0.0,119547.87054553314,119547.87054553314,0.0,2022-09-09
528,0.0,119547.87054553314,119547.87054553314,0.0,2022-09-10
529,0.0,119547.87054553314,119547.87054553314,0.0,2022-09-11
530,0.0,119547.87054553314,119547.87054553314,0.0,2022-09-12
531,0.0,119547.87054553314,119547.87054553314,0.0,2022-09-13
532,0.0,119547.87054553314,119547.87054553314,0.0,2022-09-14
533,0.0,119547.87054553314,119547.87054553314,0.0,2022-09-15
534,0.0,119547.87054553314,119547.87054553314,0.0,2022-09-16
535,0.0,119547.87054553314,119547.87054553314,0.0,2022-09-17
536,0.0,119547.87054553314,119547.87054553314,0.0,2022-09-18
537,0.0,119547.87054553314,119547.87054553314,0.0,2022-09-19
538,0.0,119547.87054553314,119547.87054553314,0.0,2022-09-20
539,0.0,119547.87054553314,119547.87054553314,0.0,2022-09-21
540,0.0,119547.87054553314,119547.87054553314,0.0,2022-09-22
541,0.0,119547.87054553314,119547.87054553314,0.0,2022-09-23
542,0.0,119547.87054553314,119547.87054553314,0.0,2022-09-24
543,0.0,119547.87054553314,119547.87054553314,0.0,2022-09-25
544,0.0,119547.87054553314,119547.87054553314,0.0,2022-09-26
545,0.0,119547.87054553314,119547.87054553314,0.0,2022-09-27
546,0.0,119547.87054553314,119547.87054553314,0.0,2022-09-28
547,0.0,119547.87054553314,119547.87054553314,0.0,2022-09-29
548,0.0,119547.87054553314,119547.87054553314,0.0,2022-09-30
549,0.0,119547.87054553314,119547.87054553314,0.0,2022-10-01
550,0.0,119547.87054553314,119547.87054553314,0.0,2022-10-02
551,0.0,119547.87054553314,119547.87054553314,0.0,2022-10-03
552,0.0,119547.87054553314,119547.87054553314,0.0,2022-10-04
553,0.0,119547.87054553314,119547.87054553314,0.0,2022-10-05
554,0.0,119547.87054553314,119547.87054553314,0.0,2022-10-06
555,0.0,119547.87054553314,119547.87054553314,0.0,2022-10-07
556,0.0,119547.87054553314,119547.87054553314,0.0,2022-10-08
557,0.0,119547.87054553314,119547.87054553314,0.0,2022-10-09
558,0.0,119547.87054553314,119547.87054553314,0.0,2022-10-10
559,0.0,119547.87054553314,119547.87054553314,0.0,2022-10-11
560,0.0,119547.87054553314,119547.87054553314,0.0,2022-10-12
561,0.0,119547.87054553314,119547.87054553314,0.0,2022-10-13
562,0.0,119547.87054553314,119547.87054553314,0.0,2022-10-14
563,0.0,119547.87054553314,119547.87054553314,0.0,2022-10-15
564,0.0,119547.87054553314,119547.87054553314,0.0,2022-10-16
565,0.0,119547.87054553314,119547.87054553314,0.0,2022-10-17
566,0.0,119547.87054553314,119547.87054553314,0.0,2022-10-18
567,0.0,119547.87054553314,119547.87054553314,0.0,2022-10-19
568,0.0,119547.87054553314,119547.87054553314,0.0,2022-10-20
569,0.0,119547.87054553314,119547.87054553314,0.0,2022-10-21
570,0.0,119547.87054553314,119547.87054553314,0.0,2022-10-22
571,0.0,119547.87054553314,119547.87054553314,0.0,2022-10-23
572,0.0,119547.87054553314,119547.87054553314,0.0,2022-10-24
573,0.0,119547.87054553314,119547.87054553314,0.0,2022-10-25
574,0.0,119547.87054553314,119547.87054553314,0.0,2022-10-26
575,0.0,119547.87054553314,119547.87054553314,0.0,2022-10-27
576,0.0,119547.87054553314,119547.87054553314,0.0,2022-10-28
577,0.0,119547.87054553314,119547.87054553314,0.0,2022-10-29
578,0.0,119547.87054553314,119547.87054553314,0.0,2022-10-30
579,0.0,119547.87054553314,119547.87054553314,0.0,2022-10-31
580,0.0,119547.87054553314,119547.87054553314,0.0,2022-11-01
581,0.0,119547.87054553314,119547.87054553314,0.0,2022-11-02
582,0.0,119547.87054553314,119547.87054553314,0.0,2022-11-03
583,0.0,119547.87054553314,119547.87054553314,0.0,2022-11-04
584,0.0,119547.87054553314,119547.87054553314,0.0,2022-11-05
585,0.0,119547.87054553314,119547.87054553314,0.0,2022-11-06
586,0.0,119547.87054553314,119547.87054553314,0.0,2022-11-07
587,0.0,119547.87054553314,119547.87054553314,0.0,2022-11-08
588,0.0,119547.87054553314,119547.87054553314,0.0,2022-11-09
589,0.0,119547.87054553314,119547.87054553314,0.0,2022-11-10
590,0.0,119547.87054553314,119547.87054553314,0.0,2022-11-11
591,0.0,119547.87054553314,119547.87054553314,0.0,2022-11-12
592,0.0,119547.87054553314,119547.87054553314,0.0,2022-11-13
593,0.0,119547.87054553314,119547.87054553314,0.0,2022-11-14
594,0.0,119547.87054553314,119547.87054553314,0.0,2022-11-15
595,0.0,119547.87054553314,119547.87054553314,0.0,2022-11-16
596,0.0,119547.87054553314,119547.87054553314,0.0,2022-11-17
597,0.0,119547.87054553314,119547.87054553314,0.0,2022-11-18
598,0.0,119547.87054553314,119547.87054553314,0.0,2022-11-19
599,0.0,119547.87054553314,119547.87054553314,0.0,2022-11-20
600,0.0,119547.87054553314,119547.87054553314,0.0,2022-11-21
601,0.0,119547.87054553314,119547.87054553314,0.0,2022-11-22
602,0.0,119547.87054553314,119547.87054553314,0.0,2022-11-23
603,0.0,119547.87054553314,119547.87054553314,0.0,2022-11-24
604,0.0,119547.87054553314,119547.87054553314,0.0,2022-11-25
605,0.0,119547.87054553314,119547.87054553314,0.0,2022-11-26
606,0.0,119547.87054553314,119547.87054553314,0.0,2022-11-27
607,0.0,119547.87054553314,119547.87054553314,0.0,2022-11-28
608,0.0,119547.87054553314,119547.87054553314,0.0,2022-11-29
609,0.0,119547.87054553314,119547.87054553314,0.0,2022-11-30
610,0.0,119547.87054553314,119547.87054553314,0.0,2022-12-01
611,0.0,119547.87054553314,119547.87054553314,0.0,2022-12-02
612,0.0,119547.87054553314,119547.87054553314,0.0,2022-12-03
613,0.0,119547.87054553314,119547.87054553314,0.0,2022-12-04
614,0.0,119547.87054553314,119547.87054553314,0.0,2022-12-05
615,0.0,119547.87054553314,119547.87054553314,0.0,2022-12-06
616,0.0,119547.87054553314,119547.87054553314,0.0,2022-12-07
617,0.0,119547.87054553314,119547.87054553314,0.0,2022-12-08
618,0.0,119547.87054553314,119547.87054553314,0.0,2022-12-09
619,0.0,119547.87054553314,119547.87054553314,0.0,2022-12-10
620,0.0,119547.87054553314,119547.87054553314,0.0,2022-12-11
621,0.0,119547.87054553314,119547.87054553314,0.0,2022-12-12
622,0.0,119547.87054553314,119547.87054553314,0.0,2022-12-13
623,0.0,119547.87054553314,119547.87054553314,0.0,2022-12-14
624,0.0,119547.87054553314,119547.87054553314,0.0,2022-12-15
625,0.0,119547.87054553314,119547.87054553314,0.0,2022-12-16
626,0.0,119547.87054553314,119547.87054553314,0.0,2022-12-17
627,0.0,119547.87054553314,119547.87054553314,0.0,2022-12-18
628,0.0,119547.87054553314,119547.87054553314,0.0,2022-12-19
629,0.0,119547.87054553314,119547.87054553314,0.0,2022-12-20
630,0.0,119547.87054553314,119547.87054553314,0.0,2022-12-21
631,0.0,119547.87054553314,119547.87054553314,0.0,2022-12-22
632,0.0,119547.87054553314,119547.87054553314,0.0,2022-12-23
633,0.0,119547.87054553314,119547.87054553314,0.0,2022-12-24
634,0.0,119547.87054553314,119547.87054553314,0.0,2022-12-25
635,0.0,119547.87054553314,119547.87054553314,0.0,2022-12-26
636,0.0,119547.87054553314,119547.87054553314,0.0,2022-12-27
637,0.0,119547.87054553314,119547.87054553314,0.0,2022-12-28
638,0.0,119547.87054553314,119547.87054553314,0.0,2022-12-29
639,0.0,119547.87054553314,119547.87054553314,0.0,2022-12-30
640,0.0,119547.87054553314,119547.87054553314,0.0,2022-12-31
641,0.0,119547.87054553314,119547.87054553314,0.0,2023-01-01
642,0.0,119547.87054553314,119547.87054553314,0.0,2023-01-02
643,0.0,119547.87054553314,119547.87054553314,0.0,2023-01-03
644,0.0,119547.87054553314,119547.87054553314,0.0,2023-01-04
645,0.0,119547.87054553314,119547.87054553314,0.0,2023-01-05
646,0.0,119547.87054553314,119547.87054553314,0.0,2023-01-06
647,0.0,119547.87054553314,119547.87054553314,0.0,2023-01-07
648,0.0,119547.87054553314,119547.87054553314,0.0,2023-01-08
649,0.0,119547.87054553314,119547.87054553314,0.0,2023-01-09
650,0.0,119547.87054553314,119547.87054553314,0.0,2023-01-10
651,0.0,119547.87054553314,119547.87054553314,0.0,2023-01-11
652,0.0,119547.87054553314,119547.87054553314,0.0,2023-01-12
653,0.0,119547.87054553314,119547.87054553314,0.0,2023-01-13
654,0.0,119547.87054553314,119547.87054553314,0.0,2023-01-14
655,0.0,119547.87054553314,119547.87054553314,0.0,2023-01-15
656,0.0,119547.87054553314,119547.87054553314,0.0,2023-01-16
657,0.0,119547.87054553314,119547.87054553314,0.0,2023-01-17
658,0.0,119547.87054553314,119547.87054553314,0.0,2023-01-18
659,0.0,119547.87054553314,119547.87054553314,0.0,2023-01-19
660,0.0,119547.87054553314,119547.87054553314,0.0,2023-01-20
661,0.0,119547.87054553314,119547.87054553314,0.0,2023-01-21
662,0.0,119547.87054553314,119547.87054553314,0.0,2023-01-22
663,0.0,119547.87054553314,119547.87054553314,0.0,2023-01-23
664,0.0,119547.87054553314,119547.87054553314,0.0,2023-01-24
665,0.0,119547.87054553314,119547.87054553314,0.0,2023-01-25
666,0.0,119547.87054553314,119547.87054553314,0.0,2023-01-26
667,0.0,119547.87054553314,119547.87054553314,0.0,2023-01-27
668,0.0,119547.87054553314,119547.87054553314,0.0,2023-01-28
669,0.0,119547.87054553314,119547.87054553314,0.0,2023-01-29
670,0.0,119547.87054553314,119547.87054553314,0.0,2023-01-30
671,0.0,119547.87054553314,119547.87054553314,0.0,2023-01-31
672,0.0,119547.87054553314,119547.87054553314,0.0,2023-02-01
673,0.0,119547.87054553314,119547.87054553314,0.0,2023-02-02
674,0.0,119547.87054553314,119547.87054553314,0.0,2023-02-03
675,0.0,119547.87054553314,119547.87054553314,0.0,2023-02-04
676,0.0,119547.87054553314,119547.87054553314,0.0,2023-02-05
677,0.0,119547.87054553314,119547.87054553314,0.0,2023-02-06
678,0.0,119547.87054553314,119547.87054553314,0.0,2023-02-07
679,0.0,119547.87054553314,119547.87054553314,0.0,2023-02-08
680,0.0,119547.87054553314,119547.87054553314,0.0,2023-02-09
681,0.0,119547.87054553314,119547.87054553314,0.0,2023-02-10
682,0.0,119547.87054553314,119547.87054553314,0.0,2023-02-11
683,0.0,119547.87054553314,119547.87054553314,0.0,2023-02-12
684,0.0,119547.87054553314,119547.87054553314,0.0,2023-02-13
685,4.846570222622318,11847.193971062341,119440.27746204217,2.0,2023-02-14
686,0.0,129617.52217821515,129617.52217821515,-2.0,2023-02-15
687,0.0,129617.52217821515,129617.52217821515,0.0,2023-02-16
688,0.0,129617.52217821515,129617.52217821515,0.0,2023-02-17
689,0.0,129617.52217821515,129617.52217821515,0.0,2023-02-18
690,0.0,129617.52217821515,129617.52217821515,0.0,2023-02-19
691,0.0,129617.52217821515,129617.52217821515,0.0,2023-02-20
692,0.0,129617.52217821515,129617.52217821515,0.0,2023-02-21
693,0.0,129617.52217821515,129617.52217821515,0.0,2023-02-22
694,0.0,129617.52217821515,129617.52217821515,0.0,2023-02-23
695,0.0,129617.52217821515,129617.52217821515,0.0,2023-02-24
696,0.0,129617.52217821515,129617.52217821515,0.0,2023-02-25
697,0.0,129617.52217821515,129617.52217821515,0.0,2023-02-26
698,0.0,129617.52217821515,129617.52217821515,0.0,2023-02-27
699,0.0,129617.52217821515,129617.52217821515,0.0,2023-02-28
700,0.0,129617.52217821515,129617.52217821515,0.0,2023-03-01
701,0.0,129617.52217821515,129617.52217821515,0.0,2023-03-02
702,0.0,129617.52217821515,129617.52217821515,0.0,2023-03-03
703,0.0,129617.52217821515,129617.52217821515,0.0,2023-03-04
704,0.0,129617.52217821515,129617.52217821515,0.0,2023-03-05
705,0.0,129617.52217821515,129617.52217821515,0.0,2023-03-06
706,0.0,129617.52217821515,129617.52217821515,0.0,2023-03-07
707,0.0,129617.52217821515,129617.52217821515,0.0,2023-03-08
708,0.0,129617.52217821515,129617.52217821515,0.0,2023-03-09
709,0.0,129617.52217821515,129617.52217821515,0.0,2023-03-10
710,0.0,129617.52217821515,129617.52217821515,0.0,2023-03-11
711,0.0,129617.52217821515,129617.52217821515,0.0,2023-03-12
712,4.83778243374219,12845.096447861128,129500.86640825476,2.0,2023-03-13
713,0.0,132075.8225029476,132075.8225029476,-2.0,2023-03-14
714,0.0,132075.8225029476,132075.8225029476,0.0,2023-03-15
715,4.754961652234742,13088.71401004211,131956.95426269493,2.0,2023-03-16
716,4.754961652234742,13088.71401004211,143351.5066180277,0.0,2023-03-17
717,4.754961652234742,13088.71401004211,141032.79711793194,0.0,2023-03-18
718,0.0,145965.6282388368,145965.6282388368,-2.0,2023-03-19
719,0.0,145965.6282388368,145965.6282388368,0.0,2023-03-20
720,4.674145830507483,14465.193758468726,145834.25917342186,2.0,2023-03-21
721,0.0,141712.82655345043,141712.82655345043,-2.0,2023-03-22
722,0.0,141712.82655345043,141712.82655345043,0.0,2023-03-23
723,0.0,141712.82655345043,141712.82655345043,0.0,2023-03-24
724,4.644131234922154,14043.741111446958,141585.28500955235,2.0,2023-03-25
725,0.0,143801.14840172665,143801.14840172665,-2.0,2023-03-26
726,0.0,143801.14840172665,143801.14840172665,0.0,2023-03-27
727,0.0,143801.14840172665,143801.14840172665,0.0,2023-03-28
728,0.0,143801.14840172665,143801.14840172665,0.0,2023-03-29
729,0.0,143801.14840172665,143801.14840172665,0.0,2023-03-30
730,0.0,143801.14840172665,143801.14840172665,0.0,2023-03-31
731,0.0,143801.14840172665,143801.14840172665,0.0,2023-04-01
732,0.0,143801.14840172665,143801.14840172665,0.0,2023-04-02
733,0.0,143801.14840172665,143801.14840172665,0.0,2023-04-03
734,0.0,143801.14840172665,143801.14840172665,0.0,2023-04-04
735,0.0,143801.14840172665,143801.14840172665,0.0,2023-04-05
736,0.0,143801.14840172665,143801.14840172665,0.0,2023-04-06
737,0.0,143801.14840172665,143801.14840172665,0.0,2023-04-07
738,0.0,143801.14840172665,143801.14840172665,0.0,2023-04-08
739,0.0,143801.14840172665,143801.14840172665,0.0,2023-04-09
740,0.0,143801.14840172665,143801.14840172665,0.0,2023-04-10
741,0.0,143801.14840172665,143801.14840172665,0.0,2023-04-11
742,0.0,143801.14840172665,143801.14840172665,0.0,2023-04-12
743,0.0,143801.14840172665,143801.14840172665,0.0,2023-04-13
744,0.0,143801.14840172665,143801.14840172665,0.0,2023-04-14
745,0.0,143801.14840172665,143801.14840172665,0.0,2023-04-15
746,0.0,143801.14840172665,143801.14840172665,0.0,2023-04-16
747,0.0,143801.14840172665,143801.14840172665,0.0,2023-04-17
748,0.0,143801.14840172665,143801.14840172665,0.0,2023-04-18
749,0.0,143801.14840172665,143801.14840172665,0.0,2023-04-19
750,0.0,143801.14840172665,143801.14840172665,0.0,2023-04-20
751,0.0,143801.14840172665,143801.14840172665,0.0,2023-04-21
752,0.0,143801.14840172665,143801.14840172665,0.0,2023-04-22
753,4.690765462206476,14250.693806611132,143671.7273681651,2.0,2023-04-23
754,0.0,143168.96676351395,143168.96676351395,-2.0,2023-04-24
755,0.0,143168.96676351395,143168.96676351395,0.0,2023-04-25
756,0.0,143168.96676351395,143168.96676351395,0.0,2023-04-26
757,0.0,143168.96676351395,143168.96676351395,0.0,2023-04-27
758,0.0,143168.96676351395,143168.96676351395,0.0,2023-04-28
759,0.0,143168.96676351395,143168.96676351395,0.0,2023-04-29
760,0.0,143168.96676351395,143168.96676351395,0.0,2023-04-30
761,0.0,143168.96676351395,143168.96676351395,0.0,2023-05-01
762,0.0,143168.96676351395,143168.96676351395,0.0,2023-05-02
763,0.0,143168.96676351395,143168.96676351395,0.0,2023-05-03
764,0.0,143168.96676351395,143168.96676351395,0.0,2023-05-04
765,0.0,143168.96676351395,143168.96676351395,0.0,2023-05-05
766,0.0,143168.96676351395,143168.96676351395,0.0,2023-05-06
767,0.0,143168.96676351395,143168.96676351395,0.0,2023-05-07
768,0.0,143168.96676351395,143168.96676351395,0.0,2023-05-08
769,0.0,143168.96676351395,143168.96676351395,0.0,2023-05-09
770,0.0,143168.96676351395,143168.96676351395,0.0,2023-05-10
771,0.0,143168.96676351395,143168.96676351395,0.0,2023-05-11
772,0.0,143168.96676351395,143168.96676351395,0.0,2023-05-12
773,0.0,143168.96676351395,143168.96676351395,0.0,2023-05-13
774,0.0,143168.96676351395,143168.96676351395,0.0,2023-05-14
775,0.0,143168.96676351395,143168.96676351395,0.0,2023-05-15
776,0.0,143168.96676351395,143168.96676351395,0.0,2023-05-16
777,0.0,143168.96676351395,143168.96676351395,0.0,2023-05-17
778,0.0,143168.96676351395,143168.96676351395,0.0,2023-05-18
779,0.0,143168.96676351395,143168.96676351395,0.0,2023-05-19
780,0.0,143168.96676351395,143168.96676351395,0.0,2023-05-20
781,0.0,143168.96676351395,143168.96676351395,0.0,2023-05-21
782,0.0,143168.96676351395,143168.96676351395,0.0,2023-05-22
783,0.0,143168.96676351395,143168.96676351395,0.0,2023-05-23
784,0.0,143168.96676351395,143168.96676351395,0.0,2023-05-24
785,0.0,143168.96676351395,143168.96676351395,0.0,2023-05-25
786,0.0,143168.96676351395,143168.96676351395,0.0,2023-05-26
787,0.0,143168.96676351395,143168.96676351395,0.0,2023-05-27
788,0.0,143168.96676351395,143168.96676351395,0.0,2023-05-28
789,0.0,143168.96676351395,143168.96676351395,0.0,2023-05-29
790,0.0,143168.96676351395,143168.96676351395,0.0,2023-05-30
791,0.0,143168.96676351395,143168.96676351395,0.0,2023-05-31
792,0.0,143168.96676351395,143168.96676351395,0.0,2023-06-01
793,0.0,143168.96676351395,143168.96676351395,0.0,2023-06-02
794,0.0,143168.96676351395,143168.96676351395,0.0,2023-06-03
795,0.0,143168.96676351395,143168.96676351395,0.0,2023-06-04
796,0.0,143168.96676351395,143168.96676351395,0.0,2023-06-05
797,0.0,143168.96676351395,143168.96676351395,0.0,2023-06-06
798,0.0,143168.96676351395,143168.96676351395,0.0,2023-06-07
799,0.0,143168.96676351395,143168.96676351395,0.0,2023-06-08
800,0.0,143168.96676351395,143168.96676351395,0.0,2023-06-09
801,0.0,143168.96676351395,143168.96676351395,0.0,2023-06-10
802,0.0,143168.96676351395,143168.96676351395,0.0,2023-06-11
803,0.0,143168.96676351395,143168.96676351395,0.0,2023-06-12
804,0.0,143168.96676351395,143168.96676351395,0.0,2023-06-13
805,0.0,143168.96676351395,143168.96676351395,0.0,2023-06-14
806,0.0,143168.96676351395,143168.96676351395,0.0,2023-06-15
807,0.0,143168.96676351395,143168.96676351395,0.0,2023-06-16
808,0.0,143168.96676351395,143168.96676351395,0.0,2023-06-17
809,0.0,143168.96676351395,143168.96676351395,0.0,2023-06-18
810,0.0,143168.96676351395,143168.96676351395,0.0,2023-06-19
811,0.0,143168.96676351395,143168.96676351395,0.0,2023-06-20
812,0.0,143168.96676351395,143168.96676351395,0.0,2023-06-21
813,0.0,143168.96676351395,143168.96676351395,0.0,2023-06-22
814,0.0,143168.96676351395,143168.96676351395,0.0,2023-06-23
815,0.0,143168.96676351395,143168.96676351395,0.0,2023-06-24
816,0.0,143168.96676351395,143168.96676351395,0.0,2023-06-25
817,0.0,143168.96676351395,143168.96676351395,0.0,2023-06-26
818,0.0,143168.96676351395,143168.96676351395,0.0,2023-06-27
819,0.0,143168.96676351395,143168.96676351395,0.0,2023-06-28
820,0.0,143168.96676351395,143168.96676351395,0.0,2023-06-29
821,0.0,143168.96676351395,143168.96676351395,0.0,2023-06-30
822,0.0,143168.96676351395,143168.96676351395,0.0,2023-07-01
823,0.0,143168.96676351395,143168.96676351395,0.0,2023-07-02
824,0.0,143168.96676351395,143168.96676351395,0.0,2023-07-03
825,0.0,143168.96676351395,143168.96676351395,0.0,2023-07-04
826,0.0,143168.96676351395,143168.96676351395,0.0,2023-07-05
827,0.0,143168.96676351395,143168.96676351395,0.0,2023-07-06
828,0.0,143168.96676351395,143168.96676351395,0.0,2023-07-07
829,0.0,143168.96676351395,143168.96676351395,0.0,2023-07-08
830,0.0,143168.96676351395,143168.96676351395,0.0,2023-07-09
831,0.0,143168.96676351395,143168.96676351395,0.0,2023-07-10
832,0.0,143168.96676351395,143168.96676351395,0.0,2023-07-11
833,0.0,143168.96676351395,143168.96676351395,0.0,2023-07-12
834,0.0,143168.96676351395,143168.96676351395,0.0,2023-07-13
835,0.0,143168.96676351395,143168.96676351395,0.0,2023-07-14
836,0.0,143168.96676351395,143168.96676351395,0.0,2023-07-15
837,0.0,143168.96676351395,143168.96676351395,0.0,2023-07-16
838,0.0,143168.96676351395,143168.96676351395,0.0,2023-07-17
839,0.0,143168.96676351395,143168.96676351395,0.0,2023-07-18
840,0.0,143168.96676351395,143168.96676351395,0.0,2023-07-19
841,0.0,143168.96676351395,143168.96676351395,0.0,2023-07-20
842,0.0,143168.96676351395,143168.96676351395,0.0,2023-07-21
843,0.0,143168.96676351395,143168.96676351395,0.0,2023-07-22
844,0.0,143168.96676351395,143168.96676351395,0.0,2023-07-23
845,0.0,143168.96676351395,143168.96676351395,0.0,2023-07-24
846,0.0,143168.96676351395,143168.96676351395,0.0,2023-07-25
847,0.0,143168.96676351395,143168.96676351395,0.0,2023-07-26
848,0.0,143168.96676351395,143168.96676351395,0.0,2023-07-27
849,0.0,143168.96676351395,143168.96676351395,0.0,2023-07-28
850,0.0,143168.96676351395,143168.96676351395,0.0,2023-07-29
851,0.0,143168.96676351395,143168.96676351395,0.0,2023-07-30
852,0.0,143168.96676351395,143168.96676351395,0.0,2023-07-31
853,0.0,143168.96676351395,143168.96676351395,0.0,2023-08-01
854,0.0,143168.96676351395,143168.96676351395,0.0,2023-08-02
855,0.0,143168.96676351395,143168.96676351395,0.0,2023-08-03
856,0.0,143168.96676351395,143168.96676351395,0.0,2023-08-04
857,0.0,143168.96676351395,143168.96676351395,0.0,2023-08-05
858,0.0,143168.96676351395,143168.96676351395,0.0,2023-08-06
859,0.0,143168.96676351395,143168.96676351395,0.0,2023-08-07
860,0.0,143168.96676351395,143168.96676351395,0.0,2023-08-08
861,0.0,143168.96676351395,143168.96676351395,0.0,2023-08-09
862,0.0,143168.96676351395,143168.96676351395,0.0,2023-08-10
863,0.0,143168.96676351395,143168.96676351395,0.0,2023-08-11
864,0.0,143168.96676351395,143168.96676351395,0.0,2023-08-12
865,0.0,143168.96676351395,143168.96676351395,0.0,2023-08-13
866,0.0,143168.96676351395,143168.96676351395,0.0,2023-08-14
867,0.0,143168.96676351395,143168.96676351395,0.0,2023-08-15
868,0.0,143168.96676351395,143168.96676351395,0.0,2023-08-16
869,0.0,143168.96676351395,143168.96676351395,0.0,2023-08-17
870,0.0,143168.96676351395,143168.96676351395,0.0,2023-08-18
871,0.0,143168.96676351395,143168.96676351395,0.0,2023-08-19
872,0.0,143168.96676351395,143168.96676351395,0.0,2023-08-20
873,0.0,143168.96676351395,143168.96676351395,0.0,2023-08-21
874,0.0,143168.96676351395,143168.96676351395,0.0,2023-08-22
875,0.0,143168.96676351395,143168.96676351395,0.0,2023-08-23
876,0.0,143168.96676351395,143168.96676351395,0.0,2023-08-24
877,0.0,143168.96676351395,143168.96676351395,0.0,2023-08-25
878,0.0,143168.96676351395,143168.96676351395,0.0,2023-08-26
879,0.0,143168.96676351395,143168.96676351395,0.0,2023-08-27
880,0.0,143168.96676351395,143168.96676351395,0.0,2023-08-28
881,0.0,143168.96676351395,143168.96676351395,0.0,2023-08-29
882,0.0,143168.96676351395,143168.96676351395,0.0,2023-08-30
883,0.0,143168.96676351395,143168.96676351395,0.0,2023-08-31
884,0.0,143168.96676351395,143168.96676351395,0.0,2023-09-01
885,0.0,143168.96676351395,143168.96676351395,0.0,2023-09-02
886,0.0,143168.96676351395,143168.96676351395,0.0,2023-09-03
887,0.0,143168.96676351395,143168.96676351395,0.0,2023-09-04
888,0.0,143168.96676351395,143168.96676351395,0.0,2023-09-05
889,0.0,143168.96676351395,143168.96676351395,0.0,2023-09-06
890,0.0,143168.96676351395,143168.96676351395,0.0,2023-09-07
891,0.0,143168.96676351395,143168.96676351395,0.0,2023-09-08
892,0.0,143168.96676351395,143168.96676351395,0.0,2023-09-09
893,0.0,143168.96676351395,143168.96676351395,0.0,2023-09-10
894,0.0,143168.96676351395,143168.96676351395,0.0,2023-09-11
895,0.0,143168.96676351395,143168.96676351395,0.0,2023-09-12
896,0.0,143168.96676351395,143168.96676351395,0.0,2023-09-13
897,0.0,143168.96676351395,143168.96676351395,0.0,2023-09-14
898,0.0,143168.96676351395,143168.96676351395,0.0,2023-09-15
899,0.0,143168.96676351395,143168.96676351395,0.0,2023-09-16
900,0.0,143168.96676351395,143168.96676351395,0.0,2023-09-17
901,0.0,143168.96676351395,143168.96676351395,0.0,2023-09-18
902,0.0,143168.96676351395,143168.96676351395,0.0,2023-09-19
903,0.0,143168.96676351395,143168.96676351395,0.0,2023-09-20
904,0.0,143168.96676351395,143168.96676351395,0.0,2023-09-21
905,0.0,143168.96676351395,143168.96676351395,0.0,2023-09-22
906,0.0,143168.96676351395,143168.96676351395,0.0,2023-09-23
907,0.0,143168.96676351395,143168.96676351395,0.0,2023-09-24
908,0.0,143168.96676351395,143168.96676351395,0.0,2023-09-25
909,0.0,143168.96676351395,143168.96676351395,0.0,2023-09-26
910,0.0,143168.96676351395,143168.96676351395,0.0,2023-09-27
911,0.0,143168.96676351395,143168.96676351395,0.0,2023-09-28
912,0.0,143168.96676351395,143168.96676351395,0.0,2023-09-29
913,0.0,143168.96676351395,143168.96676351395,0.0,2023-09-30
914,0.0,143168.96676351395,143168.96676351395,0.0,2023-10-01
915,0.0,143168.96676351395,143168.96676351395,0.0,2023-10-02
916,0.0,143168.96676351395,143168.96676351395,0.0,2023-10-03
917,0.0,143168.96676351395,143168.96676351395,0.0,2023-10-04
918,0.0,143168.96676351395,143168.96676351395,0.0,2023-10-05
919,0.0,143168.96676351395,143168.96676351395,0.0,2023-10-06
920,0.0,143168.96676351395,143168.96676351395,0.0,2023-10-07
921,0.0,143168.96676351395,143168.96676351395,0.0,2023-10-08
922,0.0,143168.96676351395,143168.96676351395,0.0,2023-10-09
923,0.0,143168.96676351395,143168.96676351395,0.0,2023-10-10
924,0.0,143168.96676351395,143168.96676351395,0.0,2023-10-11
925,0.0,143168.96676351395,143168.96676351395,0.0,2023-10-12
926,0.0,143168.96676351395,143168.96676351395,0.0,2023-10-13
927,0.0,143168.96676351395,143168.96676351395,0.0,2023-10-14
928,0.0,143168.96676351395,143168.96676351395,0.0,2023-10-15
929,0.0,143168.96676351395,143168.96676351395,0.0,2023-10-16
930,0.0,143168.96676351395,143168.96676351395,0.0,2023-10-17
931,0.0,143168.96676351395,143168.96676351395,0.0,2023-10-18
932,0.0,143168.96676351395,143168.96676351395,0.0,2023-10-19
933,0.0,143168.96676351395,143168.96676351395,0.0,2023-10-20
934,0.0,143168.96676351395,143168.96676351395,0.0,2023-10-21
935,0.0,143168.96676351395,143168.96676351395,0.0,2023-10-22
936,0.0,143168.96676351395,143168.96676351395,0.0,2023-10-23
937,0.0,143168.96676351395,143168.96676351395,0.0,2023-10-24
938,0.0,143168.96676351395,143168.96676351395,0.0,2023-10-25
939,0.0,143168.96676351395,143168.96676351395,0.0,2023-10-26
940,0.0,143168.96676351395,143168.96676351395,0.0,2023-10-27
941,0.0,143168.96676351395,143168.96676351395,0.0,2023-10-28
942,0.0,143168.96676351395,143168.96676351395,0.0,2023-10-29
943,0.0,143168.96676351395,143168.96676351395,0.0,2023-10-30
944,0.0,143168.96676351395,143168.96676351395,0.0,2023-10-31
945,0.0,143168.96676351395,143168.96676351395,0.0,2023-11-01
946,0.0,143168.96676351395,143168.96676351395,0.0,2023-11-02
947,0.0,143168.96676351395,143168.96676351395,0.0,2023-11-03
948,0.0,143168.96676351395,143168.96676351395,0.0,2023-11-04
949,0.0,143168.96676351395,143168.96676351395,0.0,2023-11-05
950,0.0,143168.96676351395,143168.96676351395,0.0,2023-11-06
951,0.0,143168.96676351395,143168.96676351395,0.0,2023-11-07
952,0.0,143168.96676351395,143168.96676351395,0.0,2023-11-08
953,0.0,143168.96676351395,143168.96676351395,0.0,2023-11-09
954,0.0,143168.96676351395,143168.96676351395,0.0,2023-11-10
955,0.0,143168.96676351395,143168.96676351395,0.0,2023-11-11
956,0.0,143168.96676351395,143168.96676351395,0.0,2023-11-12
957,0.0,143168.96676351395,143168.96676351395,0.0,2023-11-13
958,0.0,143168.96676351395,143168.96676351395,0.0,2023-11-14
959,0.0,143168.96676351395,143168.96676351395,0.0,2023-11-15
960,0.0,143168.96676351395,143168.96676351395,0.0,2023-11-16
961,0.0,143168.96676351395,143168.96676351395,0.0,2023-11-17
962,0.0,143168.96676351395,143168.96676351395,0.0,2023-11-18
963,0.0,143168.96676351395,143168.96676351395,0.0,2023-11-19
964,0.0,143168.96676351395,143168.96676351395,0.0,2023-11-20
965,0.0,143168.96676351395,143168.96676351395,0.0,2023-11-21
966,0.0,143168.96676351395,143168.96676351395,0.0,2023-11-22
967,0.0,143168.96676351395,143168.96676351395,0.0,2023-11-23
968,0.0,143168.96676351395,143168.96676351395,0.0,2023-11-24
969,0.0,143168.96676351395,143168.96676351395,0.0,2023-11-25
970,0.0,143168.96676351395,143168.96676351395,0.0,2023-11-26
971,0.0,143168.96676351395,143168.96676351395,0.0,2023-11-27
972,0.0,143168.96676351395,143168.96676351395,0.0,2023-11-28
973,0.0,143168.96676351395,143168.96676351395,0.0,2023-11-29
974,0.0,143168.96676351395,143168.96676351395,0.0,2023-11-30
975,0.0,143168.96676351395,143168.96676351395,0.0,2023-12-01
976,0.0,143168.96676351395,143168.96676351395,0.0,2023-12-02
977,0.0,143168.96676351395,143168.96676351395,0.0,2023-12-03
978,0.0,143168.96676351395,143168.96676351395,0.0,2023-12-04
979,0.0,143168.96676351395,143168.96676351395,0.0,2023-12-05
980,0.0,143168.96676351395,143168.96676351395,0.0,2023-12-06
981,0.0,143168.96676351395,143168.96676351395,0.0,2023-12-07
982,0.0,143168.96676351395,143168.96676351395,0.0,2023-12-08
983,0.0,143168.96676351395,143168.96676351395,0.0,2023-12-09
984,0.0,143168.96676351395,143168.96676351395,0.0,2023-12-10
985,0.0,143168.96676351395,143168.96676351395,0.0,2023-12-11
986,0.0,143168.96676351395,143168.96676351395,0.0,2023-12-12
987,0.0,143168.96676351395,143168.96676351395,0.0,2023-12-13
988,0.0,143168.96676351395,143168.96676351395,0.0,2023-12-14
989,0.0,143168.96676351395,143168.96676351395,0.0,2023-12-15
990,0.0,143168.96676351395,143168.96676351395,0.0,2023-12-16
991,0.0,143168.96676351395,143168.96676351395,0.0,2023-12-17
992,0.0,143168.96676351395,143168.96676351395,0.0,2023-12-18
993,0.0,143168.96676351395,143168.96676351395,0.0,2023-12-19
994,0.0,143168.96676351395,143168.96676351395,0.0,2023-12-20
995,0.0,143168.96676351395,143168.96676351395,0.0,2023-12-21
996,0.0,143168.96676351395,143168.96676351395,0.0,2023-12-22
997,0.0,143168.96676351395,143168.96676351395,0.0,2023-12-23
998,0.0,143168.96676351395,143168.96676351395,0.0,2023-12-24
999,0.0,143168.96676351395,143168.96676351395,0.0,2023-12-25
1000,0.0,143168.96676351395,143168.96676351395,0.0,2023-12-26
1001,0.0,143168.96676351395,143168.96676351395,0.0,2023-12-27
1002,0.0,143168.96676351395,143168.96676351395,0.0,2023-12-28
1003,0.0,143168.96676351395,143168.96676351395,0.0,2023-12-29
1004,0.0,143168.96676351395,143168.96676351395,0.0,2023-12-30
1005,0.0,143168.96676351395,143168.96676351395,0.0,2023-12-31
1006,0.0,143168.96676351395,143168.96676351395,0.0,2024-01-01
1007,0.0,143168.96676351395,143168.96676351395,0.0,2024-01-02
1008,0.0,143168.96676351395,143168.96676351395,0.0,2024-01-03
1009,0.0,143168.96676351395,143168.96676351395,0.0,2024-01-04
1010,0.0,143168.96676351395,143168.96676351395,0.0,2024-01-05
1011,0.0,143168.96676351395,143168.96676351395,0.0,2024-01-06
1012,0.0,143168.96676351395,143168.96676351395,0.0,2024-01-07
1013,0.0,143168.96676351395,143168.96676351395,0.0,2024-01-08
1014,0.0,143168.96676351395,143168.96676351395,0.0,2024-01-09
1015,0.0,143168.96676351395,143168.96676351395,0.0,2024-01-10
1016,0.0,143168.96676351395,143168.96676351395,0.0,2024-01-11
1017,0.0,143168.96676351395,143168.96676351395,0.0,2024-01-12
1018,0.0,143168.96676351395,143168.96676351395,0.0,2024-01-13
1019,0.0,143168.96676351395,143168.96676351395,0.0,2024-01-14
1020,0.0,143168.96676351395,143168.96676351395,0.0,2024-01-15
1021,0.0,143168.96676351395,143168.96676351395,0.0,2024-01-16
1022,0.0,143168.96676351395,143168.96676351395,0.0,2024-01-17
1023,0.0,143168.96676351395,143168.96676351395,0.0,2024-01-18
1024,0.0,143168.96676351395,143168.96676351395,0.0,2024-01-19
1025,0.0,143168.96676351395,143168.96676351395,0.0,2024-01-20
1026,0.0,143168.96676351395,143168.96676351395,0.0,2024-01-21
1027,0.0,143168.96676351395,143168.96676351395,0.0,2024-01-22
1028,0.0,143168.96676351395,143168.96676351395,0.0,2024-01-23
1029,3.214480624294312,14188.044606264244,143040.11469342682,2.0,2024-01-24
1030,0.0,142513.73998741474,142513.73998741474,-2.0,2024-01-25
1031,0.0,142513.73998741474,142513.73998741474,0.0,2024-01-26
1032,0.0,142513.73998741474,142513.73998741474,0.0,2024-01-27
1033,0.0,142513.73998741474,142513.73998741474,0.0,2024-01-28
1034,0.0,142513.73998741474,142513.73998741474,0.0,2024-01-29
1035,0.0,142513.73998741474,142513.73998741474,0.0,2024-01-30
1036,0.0,142513.73998741474,142513.73998741474,0.0,2024-01-31
1037,0.0,142513.73998741474,142513.73998741474,0.0,2024-02-01
1038,0.0,142513.73998741474,142513.73998741474,0.0,2024-02-02
1039,0.0,142513.73998741474,142513.73998741474,0.0,2024-02-03
1040,0.0,142513.73998741474,142513.73998741474,0.0,2024-02-04
1041,0.0,142513.73998741474,142513.73998741474,0.0,2024-02-05
1042,0.0,142513.73998741474,142513.73998741474,0.0,2024-02-06
1043,0.0,142513.73998741474,142513.73998741474,0.0,2024-02-07
1044,0.0,142513.73998741474,142513.73998741474,0.0,2024-02-08
1045,0.0,142513.73998741474,142513.73998741474,0.0,2024-02-09
1046,0.0,142513.73998741474,142513.73998741474,0.0,2024-02-10
1047,0.0,142513.73998741474,142513.73998741474,0.0,2024-02-11
1048,0.0,142513.73998741474,142513.73998741474,0.0,2024-02-12
1049,0.0,142513.73998741474,142513.73998741474,0.0,2024-02-13
1050,0.0,142513.73998741474,142513.73998741474,0.0,2024-02-14
1051,0.0,142513.73998741474,142513.73998741474,0.0,2024-02-15
1052,0.0,142513.73998741474,142513.73998741474,0.0,2024-02-16
1053,0.0,142513.73998741474,142513.73998741474,0.0,2024-02-17
1054,0.0,142513.73998741474,142513.73998741474,0.0,2024-02-18
1055,0.0,142513.73998741474,142513.73998741474,0.0,2024-02-19
1056,0.0,142513.73998741474,142513.73998741474,0.0,2024-02-20
1057,0.0,142513.73998741474,142513.73998741474,0.0,2024-02-21
1058,0.0,142513.73998741474,142513.73998741474,0.0,2024-02-22
1059,0.0,142513.73998741474,142513.73998741474,0.0,2024-02-23
1060,0.0,142513.73998741474,142513.73998741474,0.0,2024-02-24
1061,0.0,142513.73998741474,142513.73998741474,0.0,2024-02-25
1062,0.0,142513.73998741474,142513.73998741474,0.0,2024-02-26
1063,0.0,142513.73998741474,142513.73998741474,0.0,2024-02-27
1064,0.0,142513.73998741474,142513.73998741474,0.0,2024-02-28
1065,0.0,142513.73998741474,142513.73998741474,0.0,2024-02-29
1066,0.0,142513.73998741474,142513.73998741474,0.0,2024-03-01
1067,0.0,142513.73998741474,142513.73998741474,0.0,2024-03-02
1068,0.0,142513.73998741474,142513.73998741474,0.0,2024-03-03
1069,0.0,142513.73998741474,142513.73998741474,0.0,2024-03-04
1070,0.0,142513.73998741474,142513.73998741474,0.0,2024-03-05
1071,0.0,142513.73998741474,142513.73998741474,0.0,2024-03-06
1072,0.0,142513.73998741474,142513.73998741474,0.0,2024-03-07
1073,0.0,142513.73998741474,142513.73998741474,0.0,2024-03-08
1074,0.0,142513.73998741474,142513.73998741474,0.0,2024-03-09
1075,0.0,142513.73998741474,142513.73998741474,0.0,2024-03-10
1076,0.0,142513.73998741474,142513.73998741474,0.0,2024-03-11
1077,0.0,142513.73998741474,142513.73998741474,0.0,2024-03-12
1078,0.0,142513.73998741474,142513.73998741474,0.0,2024-03-13
1079,0.0,142513.73998741474,142513.73998741474,0.0,2024-03-14
1080,0.0,142513.73998741474,142513.73998741474,0.0,2024-03-15
1081,0.0,142513.73998741474,142513.73998741474,0.0,2024-03-16
1082,0.0,142513.73998741474,142513.73998741474,0.0,2024-03-17
1083,0.0,142513.73998741474,142513.73998741474,0.0,2024-03-18
1084,0.0,142513.73998741474,142513.73998741474,0.0,2024-03-19
1085,0.0,142513.73998741474,142513.73998741474,0.0,2024-03-20
1086,0.0,142513.73998741474,142513.73998741474,0.0,2024-03-21
1087,0.0,142513.73998741474,142513.73998741474,0.0,2024-03-22
1088,0.0,142513.73998741474,142513.73998741474,0.0,2024-03-23
1089,0.0,142513.73998741474,142513.73998741474,0.0,2024-03-24
1090,0.0,142513.73998741474,142513.73998741474,0.0,2024-03-25
1091,0.0,142513.73998741474,142513.73998741474,0.0,2024-03-26
1092,0.0,142513.73998741474,142513.73998741474,0.0,2024-03-27
1093,0.0,142513.73998741474,142513.73998741474,0.0,2024-03-28
1094,0.0,142513.73998741474,142513.73998741474,0.0,2024-03-29
1095,0.0,142513.73998741474,142513.73998741474,0.0,2024-03-30
1096,0.0,142513.73998741474,142513.73998741474,0.0,2024-03-31
1097,0.0,142513.73998741474,142513.73998741474,0.0,2024-04-01
1098,0.0,142513.73998741474,142513.73998741474,0.0,2024-04-02
1099,0.0,142513.73998741474,142513.73998741474,0.0,2024-04-03
1100,1.8727771182085635,14123.111632752814,142385.47762142608,2.0,2024-04-04
1101,0.0,141009.00400619215,141009.00400619215,-2.0,2024-04-05
1102,0.0,141009.00400619215,141009.00400619215,0.0,2024-04-06
1103,0.0,141009.00400619215,141009.00400619215,0.0,2024-04-07
1104,0.0,141009.00400619215,141009.00400619215,0.0,2024-04-08
1105,0.0,141009.00400619215,141009.00400619215,0.0,2024-04-09
1106,0.0,141009.00400619215,141009.00400619215,0.0,2024-04-10
1107,0.0,141009.00400619215,141009.00400619215,0.0,2024-04-11
1108,0.0,141009.00400619215,141009.00400619215,0.0,2024-04-12
1109,0.0,141009.00400619215,141009.00400619215,0.0,2024-04-13
1110,0.0,141009.00400619215,141009.00400619215,0.0,2024-04-14
1111,0.0,141009.00400619215,141009.00400619215,0.0,2024-04-15
1112,0.0,141009.00400619215,141009.00400619215,0.0,2024-04-16
1113,0.0,141009.00400619215,141009.00400619215,0.0,2024-04-17
1114,0.0,141009.00400619215,141009.00400619215,0.0,2024-04-18
1115,0.0,141009.00400619215,141009.00400619215,0.0,2024-04-19
1116,0.0,141009.00400619215,141009.00400619215,0.0,2024-04-20
1117,0.0,141009.00400619215,141009.00400619215,0.0,2024-04-21
1118,0.0,141009.00400619215,141009.00400619215,0.0,2024-04-22
1119,0.0,141009.00400619215,141009.00400619215,0.0,2024-04-23
1120,0.0,141009.00400619215,141009.00400619215,0.0,2024-04-24
1121,0.0,141009.00400619215,141009.00400619215,0.0,2024-04-25
1122,0.0,141009.00400619215,141009.00400619215,0.0,2024-04-26
1123,0.0,141009.00400619215,141009.00400619215,0.0,2024-04-27
1124,0.0,141009.00400619215,141009.00400619215,0.0,2024-04-28
1125,0.0,141009.00400619215,141009.00400619215,0.0,2024-04-29
1126,0.0,141009.00400619215,141009.00400619215,0.0,2024-04-30
1127,0.0,141009.00400619215,141009.00400619215,0.0,2024-05-01
1128,0.0,141009.00400619215,141009.00400619215,0.0,2024-05-02
1129,0.0,141009.00400619215,141009.00400619215,0.0,2024-05-03
1130,0.0,141009.00400619215,141009.00400619215,0.0,2024-05-04
1131,0.0,141009.00400619215,141009.00400619215,0.0,2024-05-05
1132,0.0,141009.00400619215,141009.00400619215,0.0,2024-05-06
1133,0.0,141009.00400619215,141009.00400619215,0.0,2024-05-07
1134,0.0,141009.00400619215,141009.00400619215,0.0,2024-05-08
1135,0.0,141009.00400619215,141009.00400619215,0.0,2024-05-09
1136,0.0,141009.00400619215,141009.00400619215,0.0,2024-05-10
1137,0.0,141009.00400619215,141009.00400619215,0.0,2024-05-11
1138,0.0,141009.00400619215,141009.00400619215,0.0,2024-05-12
1139,0.0,141009.00400619215,141009.00400619215,0.0,2024-05-13
1140,0.0,141009.00400619215,141009.00400619215,0.0,2024-05-14
1141,0.0,141009.00400619215,141009.00400619215,0.0,2024-05-15
1142,0.0,141009.00400619215,141009.00400619215,0.0,2024-05-16
1143,0.0,141009.00400619215,141009.00400619215,0.0,2024-05-17
1144,0.0,141009.00400619215,141009.00400619215,0.0,2024-05-18
1145,0.0,141009.00400619215,141009.00400619215,0.0,2024-05-19
1146,0.0,141009.00400619215,141009.00400619215,0.0,2024-05-20
1147,0.0,141009.00400619215,141009.00400619215,0.0,2024-05-21
1148,0.0,141009.00400619215,141009.00400619215,0.0,2024-05-22
1149,0.0,141009.00400619215,141009.00400619215,0.0,2024-05-23
1150,0.0,141009.00400619215,141009.00400619215,0.0,2024-05-24
1151,0.0,141009.00400619215,141009.00400619215,0.0,2024-05-25
1152,0.0,141009.00400619215,141009.00400619215,0.0,2024-05-26
1153,0.0,141009.00400619215,141009.00400619215,0.0,2024-05-27
1154,0.0,141009.00400619215,141009.00400619215,0.0,2024-05-28
1155,0.0,141009.00400619215,141009.00400619215,0.0,2024-05-29
1156,0.0,141009.00400619215,141009.00400619215,0.0,2024-05-30
1157,0.0,141009.00400619215,141009.00400619215,0.0,2024-05-31
1158,0.0,141009.00400619215,141009.00400619215,0.0,2024-06-01
1159,0.0,141009.00400619215,141009.00400619215,0.0,2024-06-02
1160,0.0,141009.00400619215,141009.00400619215,0.0,2024-06-03
1161,0.0,141009.00400619215,141009.00400619215,0.0,2024-06-04
1162,0.0,141009.00400619215,141009.00400619215,0.0,2024-06-05
1163,0.0,141009.00400619215,141009.00400619215,0.0,2024-06-06
1164,0.0,141009.00400619215,141009.00400619215,0.0,2024-06-07
1165,0.0,141009.00400619215,141009.00400619215,0.0,2024-06-08
1166,0.0,141009.00400619215,141009.00400619215,0.0,2024-06-09
1167,0.0,141009.00400619215,141009.00400619215,0.0,2024-06-10
1168,0.0,141009.00400619215,141009.00400619215,0.0,2024-06-11
1169,0.0,141009.00400619215,141009.00400619215,0.0,2024-06-12
1170,0.0,141009.00400619215,141009.00400619215,0.0,2024-06-13
1171,0.0,141009.00400619215,141009.00400619215,0.0,2024-06-14
1172,0.0,141009.00400619215,141009.00400619215,0.0,2024-06-15
1173,0.0,141009.00400619215,141009.00400619215,0.0,2024-06-16
1174,0.0,141009.00400619215,141009.00400619215,0.0,2024-06-17
1175,0.0,141009.00400619215,141009.00400619215,0.0,2024-06-18
1176,0.0,141009.00400619215,141009.00400619215,0.0,2024-06-19
1177,0.0,141009.00400619215,141009.00400619215,0.0,2024-06-20
1178,0.0,141009.00400619215,141009.00400619215,0.0,2024-06-21
1179,0.0,141009.00400619215,141009.00400619215,0.0,2024-06-22
1180,0.0,141009.00400619215,141009.00400619215,0.0,2024-06-23
1181,0.0,141009.00400619215,141009.00400619215,0.0,2024-06-24
1182,0.0,141009.00400619215,141009.00400619215,0.0,2024-06-25
1183,0.0,141009.00400619215,141009.00400619215,0.0,2024-06-26
1184,0.0,141009.00400619215,141009.00400619215,0.0,2024-06-27
1185,0.0,141009.00400619215,141009.00400619215,0.0,2024-06-28
1186,0.0,141009.00400619215,141009.00400619215,0.0,2024-06-29
1187,0.0,141009.00400619215,141009.00400619215,0.0,2024-06-30
1188,0.0,141009.00400619215,141009.00400619215,0.0,2024-07-01
1189,0.0,141009.00400619215,141009.00400619215,0.0,2024-07-02
1190,0.0,141009.00400619215,141009.00400619215,0.0,2024-07-03
1191,0.0,141009.00400619215,141009.00400619215,0.0,2024-07-04
1192,0.0,141009.00400619215,141009.00400619215,0.0,2024-07-05
1193,0.0,141009.00400619215,141009.00400619215,0.0,2024-07-06
1194,0.0,141009.00400619215,141009.00400619215,0.0,2024-07-07
1195,0.0,141009.00400619215,141009.00400619215,0.0,2024-07-08
1196,0.0,141009.00400619215,141009.00400619215,0.0,2024-07-09
1197,0.0,141009.00400619215,141009.00400619215,0.0,2024-07-10
1198,0.0,141009.00400619215,141009.00400619215,0.0,2024-07-11
1199,0.0,141009.00400619215,141009.00400619215,0.0,2024-07-12
1200,0.0,141009.00400619215,141009.00400619215,0.0,2024-07-13
1201,0.0,141009.00400619215,141009.00400619215,0.0,2024-07-14
1202,0.0,141009.00400619215,141009.00400619215,0.0,2024-07-15
1203,0.0,141009.00400619215,141009.00400619215,0.0,2024-07-16
1204,0.0,141009.00400619215,141009.00400619215,0.0,2024-07-17
1205,0.0,141009.00400619215,141009.00400619215,0.0,2024-07-18
1206,0.0,141009.00400619215,141009.00400619215,0.0,2024-07-19
1207,0.0,141009.00400619215,141009.00400619215,0.0,2024-07-20
1208,0.0,141009.00400619215,141009.00400619215,0.0,2024-07-21
1209,0.0,141009.00400619215,141009.00400619215,0.0,2024-07-22
1210,0.0,141009.00400619215,141009.00400619215,0.0,2024-07-23
1211,0.0,141009.00400619215,141009.00400619215,0.0,2024-07-24
1212,0.0,141009.00400619215,141009.00400619215,0.0,2024-07-25
1213,0.0,141009.00400619215,141009.00400619215,0.0,2024-07-26
1214,0.0,141009.00400619215,141009.00400619215,0.0,2024-07-27
1215,0.0,141009.00400619215,141009.00400619215,0.0,2024-07-28
1216,0.0,141009.00400619215,141009.00400619215,0.0,2024-07-29
1217,0.0,141009.00400619215,141009.00400619215,0.0,2024-07-30
1218,0.0,141009.00400619215,141009.00400619215,0.0,2024-07-31
1219,0.0,141009.00400619215,141009.00400619215,0.0,2024-08-01
1220,0.0,141009.00400619215,141009.00400619215,0.0,2024-08-02
1221,0.0,141009.00400619215,141009.00400619215,0.0,2024-08-03
1222,0.0,141009.00400619215,141009.00400619215,0.0,2024-08-04
1223,0.0,141009.00400619215,141009.00400619215,0.0,2024-08-05
1224,0.0,141009.00400619215,141009.00400619215,0.0,2024-08-06
1225,0.0,141009.00400619215,141009.00400619215,0.0,2024-08-07
1226,2.0573245822199326,13973.992297013654,140882.0959025866,2.0,2024-08-08
1227,0.0,139012.32116450425,139012.32116450425,-2.0,2024-08-09
1228,0.0,139012.32116450425,139012.32116450425,0.0,2024-08-10
1229,0.0,139012.32116450425,139012.32116450425,0.0,2024-08-11
1230,0.0,139012.32116450425,139012.32116450425,0.0,2024-08-12
1231,0.0,139012.32116450425,139012.32116450425,0.0,2024-08-13
1232,0.0,139012.32116450425,139012.32116450425,0.0,2024-08-14
1233,0.0,139012.32116450425,139012.32116450425,0.0,2024-08-15
1234,0.0,139012.32116450425,139012.32116450425,0.0,2024-08-16
1235,0.0,139012.32116450425,139012.32116450425,0.0,2024-08-17
1236,0.0,139012.32116450425,139012.32116450425,0.0,2024-08-18
1237,0.0,139012.32116450425,139012.32116450425,0.0,2024-08-19
1238,0.0,139012.32116450425,139012.32116450425,0.0,2024-08-20
1239,0.0,139012.32116450425,139012.32116450425,0.0,2024-08-21
1240,0.0,139012.32116450425,139012.32116450425,0.0,2024-08-22
1241,0.0,139012.32116450425,139012.32116450425,0.0,2024-08-23
1242,0.0,139012.32116450425,139012.32116450425,0.0,2024-08-24
1243,0.0,139012.32116450425,139012.32116450425,0.0,2024-08-25
1244,0.0,139012.32116450425,139012.32116450425,0.0,2024-08-26
1245,0.0,139012.32116450425,139012.32116450425,0.0,2024-08-27
1246,0.0,139012.32116450425,139012.32116450425,0.0,2024-08-28
1247,0.0,139012.32116450425,139012.32116450425,0.0,2024-08-29
1248,0.0,139012.32116450425,139012.32116450425,0.0,2024-08-30
1249,0.0,139012.32116450425,139012.32116450425,0.0,2024-08-31
1250,0.0,139012.32116450425,139012.32116450425,0.0,2024-09-01
1251,0.0,139012.32116450425,139012.32116450425,0.0,2024-09-02
1252,0.0,139012.32116450425,139012.32116450425,0.0,2024-09-03
1253,0.0,139012.32116450425,139012.32116450425,0.0,2024-09-04
1254,0.0,139012.32116450425,139012.32116450425,0.0,2024-09-05
1255,0.0,139012.32116450425,139012.32116450425,0.0,2024-09-06
1256,0.0,139012.32116450425,139012.32116450425,0.0,2024-09-07
1257,0.0,139012.32116450425,139012.32116450425,0.0,2024-09-08
1258,0.0,139012.32116450425,139012.32116450425,0.0,2024-09-09
1259,0.0,139012.32116450425,139012.32116450425,0.0,2024-09-10
1260,0.0,139012.32116450425,139012.32116450425,0.0,2024-09-11
1261,0.0,139012.32116450425,139012.32116450425,0.0,2024-09-12
1262,0.0,139012.32116450425,139012.32116450425,0.0,2024-09-13
1263,0.0,139012.32116450425,139012.32116450425,0.0,2024-09-14
1264,0.0,139012.32116450425,139012.32116450425,0.0,2024-09-15
1265,0.0,139012.32116450425,139012.32116450425,0.0,2024-09-16
1266,0.0,139012.32116450425,139012.32116450425,0.0,2024-09-17
1267,0.0,139012.32116450425,139012.32116450425,0.0,2024-09-18
1268,0.0,139012.32116450425,139012.32116450425,0.0,2024-09-19
1269,0.0,139012.32116450425,139012.32116450425,0.0,2024-09-20
1270,0.0,139012.32116450425,139012.32116450425,0.0,2024-09-21
1271,0.0,139012.32116450425,139012.32116450425,0.0,2024-09-22
1272,0.0,139012.32116450425,139012.32116450425,0.0,2024-09-23
1273,0.0,139012.32116450425,139012.32116450425,0.0,2024-09-24
1274,0.0,139012.32116450425,139012.32116450425,0.0,2024-09-25
1275,0.0,139012.32116450425,139012.32116450425,0.0,2024-09-26
1276,0.0,139012.32116450425,139012.32116450425,0.0,2024-09-27
1277,0.0,139012.32116450425,139012.32116450425,0.0,2024-09-28
1278,0.0,139012.32116450425,139012.32116450425,0.0,2024-09-29
1279,0.0,139012.32116450425,139012.32116450425,0.0,2024-09-30
1280,0.0,139012.32116450425,139012.32116450425,0.0,2024-10-01
1281,0.0,139012.32116450425,139012.32116450425,0.0,2024-10-02
1282,0.0,139012.32116450425,139012.32116450425,0.0,2024-10-03
1283,0.0,139012.32116450425,139012.32116450425,0.0,2024-10-04
1284,0.0,139012.32116450425,139012.32116450425,0.0,2024-10-05
1285,0.0,139012.32116450425,139012.32116450425,0.0,2024-10-06
1286,0.0,139012.32116450425,139012.32116450425,0.0,2024-10-07
1287,0.0,139012.32116450425,139012.32116450425,0.0,2024-10-08
1288,0.0,139012.32116450425,139012.32116450425,0.0,2024-10-09
1289,0.0,139012.32116450425,139012.32116450425,0.0,2024-10-10
1290,0.0,139012.32116450425,139012.32116450425,0.0,2024-10-11
1291,0.0,139012.32116450425,139012.32116450425,0.0,2024-10-12
1292,0.0,139012.32116450425,139012.32116450425,0.0,2024-10-13
1293,0.0,139012.32116450425,139012.32116450425,0.0,2024-10-14
1294,0.0,139012.32116450425,139012.32116450425,0.0,2024-10-15
1295,0.0,139012.32116450425,139012.32116450425,0.0,2024-10-16
1296,0.0,139012.32116450425,139012.32116450425,0.0,2024-10-17
1297,0.0,139012.32116450425,139012.32116450425,0.0,2024-10-18
1298,0.0,139012.32116450425,139012.32116450425,0.0,2024-10-19
1299,0.0,139012.32116450425,139012.32116450425,0.0,2024-10-20
1300,0.0,139012.32116450425,139012.32116450425,0.0,2024-10-21
1301,0.0,139012.32116450425,139012.32116450425,0.0,2024-10-22
1302,0.0,139012.32116450425,139012.32116450425,0.0,2024-10-23
1303,0.0,139012.32116450425,139012.32116450425,0.0,2024-10-24
1304,0.0,139012.32116450425,139012.32116450425,0.0,2024-10-25
1305,0.0,139012.32116450425,139012.32116450425,0.0,2024-10-26
1306,0.0,139012.32116450425,139012.32116450425,0.0,2024-10-27
1307,0.0,139012.32116450425,139012.32116450425,0.0,2024-10-28
1308,0.0,139012.32116450425,139012.32116450425,0.0,2024-10-29
1309,0.0,139012.32116450425,139012.32116450425,0.0,2024-10-30
1310,0.0,139012.32116450425,139012.32116450425,0.0,2024-10-31
1311,0.0,139012.32116450425,139012.32116450425,0.0,2024-11-01
1312,0.0,139012.32116450425,139012.32116450425,0.0,2024-11-02
1313,0.0,139012.32116450425,139012.32116450425,0.0,2024-11-03
1314,0.0,139012.32116450425,139012.32116450425,0.0,2024-11-04
1315,0.0,139012.32116450425,139012.32116450425,0.0,2024-11-05
1316,0.0,139012.32116450425,139012.32116450425,0.0,2024-11-06
1317,1.6492824813352154,13776.12102740239,138887.2100754562,2.0,2024-11-07
1318,0.0,139836.174592409,139836.174592409,-2.0,2024-11-08
1319,1.641324023163627,13857.764902107738,139710.32203527584,2.0,2024-11-09
1320,0.0,145639.07982885375,145639.07982885375,-2.0,2024-11-10
1321,1.4786028633696982,14432.832811039407,145508.00465700778,2.0,2024-11-11
1322,0.0,144348.8805423346,144348.8805423346,-2.0,2024-11-12
1323,1.4374960441371212,14304.974061745364,144218.96654984652,2.0,2024-11-13
1324,1.4374960441371212,14304.974061745364,139835.1642386855,0.0,2024-11-14
1325,1.4374960441371212,14304.974061745364,145163.21457635888,0.0,2024-11-15
1326,0.0,144393.09487316065,144393.09487316065,-2.0,2024-11-16
1327,0.0,144393.09487316065,144393.09487316065,0.0,2024-11-17
1328,0.0,144393.09487316065,144393.09487316065,0.0,2024-11-18
1329,1.407785432080525,14309.355701930224,144263.14108777483,2.0,2024-11-19
1330,0.0,146911.86606530758,146911.86606530758,-2.0,2024-11-20
1331,1.3448388180896353,14558.965927071986,146779.64538584882,2.0,2024-11-21
1332,0.0,147419.7725251937,147419.7725251937,-2.0,2024-11-22
1333,1.3583959774990102,14609.2994572467,147287.09472992102,2.0,2024-11-23
1334,0.0,147463.33296970592,147463.33296970592,-2.0,2024-11-24
1335,0.0,147463.33296970592,147463.33296970592,0.0,2024-11-25
1336,0.0,147463.33296970592,147463.33296970592,0.0,2024-11-26
1337,0.0,147463.33296970592,147463.33296970592,0.0,2024-11-27
1338,0.0,147463.33296970592,147463.33296970592,0.0,2024-11-28
1339,0.0,147463.33296970592,147463.33296970592,0.0,2024-11-29
1340,0.0,147463.33296970592,147463.33296970592,0.0,2024-11-30
1341,0.0,147463.33296970592,147463.33296970592,0.0,2024-12-01
1342,0.0,147463.33296970592,147463.33296970592,0.0,2024-12-02
1343,0.0,147463.33296970592,147463.33296970592,0.0,2024-12-03
1344,0.0,147463.33296970592,147463.33296970592,0.0,2024-12-04
1345,1.3689838280769884,14613.616297297849,147330.6159700332,2.0,2024-12-05
