Threshold,Sharpe_Ratio
1000000,0.0866
2000000,0.0431
3000000,0.0384
4000000,0.0911
5000000,-0.0419
6000000,-0.0385
7000000,-0.0695
8000000,-0.0287
9000000,-0.0229
10000000,-0.0247
11000000,-0.1133
12000000,-0.1290
13000000,-0.1119
14000000,-0.1214
15000000,-0.1160
16000000,-0.1265
17000000,-0.1690
18000000,-0.2744
19000000,-0.2878
20000000,-0.2927
21000000,-0.2174
22000000,-0.2790
23000000,-0.3154
24000000,-0.3154
25000000,-0.3211
26000000,-0.3377
27000000,-0.3429
28000000,-0.3570
29000000,-0.3449
30000000,-0.3447
31000000,-0.3283
32000000,-0.3920
33000000,-0.3920
34000000,-0.3363
35000000,-0.3520
36000000,-0.3485
37000000,-0.3289
38000000,-0.3201
39000000,-0.3462
40000000,-0.3552
41000000,-0.3581
42000000,-0.3144
43000000,-0.2894
44000000,-0.2681
45000000,-0.2923
46000000,-0.2700
47000000,-0.2752
48000000,-0.2752
49000000,-0.3077
50000000,-0.3257
51000000,-0.3451
52000000,-0.3723
53000000,-0.3773
54000000,-0.4239
55000000,-0.3849
56000000,-0.3596
57000000,-0.3479
58000000,-0.3875
59000000,-0.3607
60000000,-0.4423
61000000,-0.4642
62000000,-0.4804
63000000,-0.4928
64000000,-0.4974
65000000,-0.4733
66000000,-0.3653
67000000,-0.3591
68000000,-0.3418
69000000,-0.3410
70000000,-0.3773
71000000,-0.3918
72000000,-0.4059
73000000,-0.3768
74000000,-0.4155
75000000,-0.3969
76000000,-0.3936
77000000,-0.3936
78000000,-0.3756
79000000,-0.3818
80000000,-0.3999
81000000,-0.3999
82000000,-0.3863
83000000,-0.3797
84000000,-0.3947
85000000,-0.4140
86000000,-0.4140
87000000,-0.4070
88000000,-0.4254
89000000,-0.4193
90000000,-0.3965
91000000,-0.4843
92000000,-0.4843
93000000,-0.4862
94000000,-0.4862
95000000,-0.5045
96000000,-0.4700
97000000,-0.3813
98000000,-0.3904
99000000,-0.3982
100000000,-0.3982
101000000,-0.4072
102000000,-0.4066
103000000,-0.3922
104000000,-0.4035
105000000,-0.4035
106000000,-0.4262
107000000,-0.4112
108000000,-0.4006
109000000,-0.4508
110000000,-0.4994
111000000,-0.4994
112000000,-0.4544
113000000,-0.4544
114000000,-0.4505
115000000,-0.4379
116000000,-0.4351
117000000,-0.4369
118000000,-0.4196
119000000,-0.4451
120000000,-0.4443
121000000,-0.4598
122000000,-0.4636
123000000,-0.4020
124000000,-0.3954
125000000,-0.3967
126000000,-0.3606
127000000,-0.3330
128000000,-0.3429
129000000,-0.3737
130000000,-0.3920
131000000,-0.3716
132000000,-0.3616
133000000,-0.3360
134000000,-0.3215
135000000,-0.2840
136000000,-0.2840
137000000,-0.2840
138000000,-0.2756
139000000,-0.2610
140000000,-0.2571
141000000,-0.1880
142000000,-0.1982
143000000,-0.1982
144000000,0.0086
145000000,0.0089
146000000,0.0618
147000000,0.0264
148000000,0.0238
149000000,0.0216
150000000,-0.0470
151000000,-0.0733
152000000,-0.0733
153000000,-0.0545
154000000,-0.0633
155000000,-0.0633
156000000,-0.0780
157000000,-0.1094
158000000,-0.1094
159000000,-0.1188
160000000,-0.1188
161000000,-0.1188
162000000,-0.0030
163000000,0.0122
164000000,-0.0052
165000000,-0.0065
166000000,0.0059
167000000,0.0059
168000000,0.0113
169000000,0.0201
170000000,0.0201
171000000,0.0291
172000000,0.0027
173000000,0.0027
174000000,-0.0587
175000000,-0.0735
176000000,-0.0735
177000000,-0.0735
178000000,-0.0751
179000000,-0.0635
180000000,-0.0464
181000000,-0.0715
182000000,-0.0495
183000000,0.0387
184000000,0.0387
185000000,0.0387
186000000,0.0633
187000000,0.0545
188000000,-0.0161
189000000,-0.0594
190000000,-0.0329
191000000,-0.0283
192000000,0.0276
193000000,0.0490
194000000,0.0490
195000000,0.0490
196000000,0.0360
197000000,0.0677
198000000,0.0677
199000000,0.0677
200000000,0.0326
201000000,0.0326
202000000,0.0326
203000000,0.0445
204000000,0.0358
205000000,-0.0785
206000000,-0.0785
207000000,-0.0875
208000000,-0.0651
209000000,-0.0319
210000000,-0.0261
211000000,0.0231
212000000,0.0231
213000000,0.0743
214000000,0.0743
215000000,0.0743
216000000,0.0627
217000000,0.0340
218000000,0.0053
219000000,0.0053
220000000,0.0008
221000000,-0.0137
222000000,-0.0139
223000000,-0.0059
224000000,0.0151
225000000,0.0166
226000000,0.0196
227000000,-0.0222
228000000,-0.0222
229000000,-0.0145
230000000,-0.0145
231000000,-0.0197
232000000,-0.0197
233000000,-0.0197
234000000,-0.0197
235000000,-0.0197
236000000,0.0449
237000000,0.0449
238000000,0.0292
239000000,0.0292
240000000,0.0267
241000000,0.0449
242000000,0.0449
243000000,0.0374
244000000,0.0425
245000000,0.0425
246000000,0.0493
247000000,0.0476
248000000,0.0476
249000000,0.0476
250000000,0.0493
251000000,0.0493
252000000,0.0493
253000000,0.0647
254000000,0.1275
255000000,0.1265
256000000,0.1265
257000000,0.1265
258000000,0.1169
259000000,0.1109
260000000,0.1200
261000000,0.1200
262000000,0.1118
263000000,0.1316
264000000,0.1316
265000000,0.1316
266000000,0.0325
267000000,0.0466
268000000,0.0540
269000000,0.0628
270000000,0.0628
271000000,0.0652
272000000,0.0652
273000000,0.0744
274000000,0.0744
275000000,0.0744
276000000,0.0718
277000000,0.0504
278000000,0.0537
279000000,0.0556
280000000,0.0556
281000000,0.0461
282000000,0.0040
283000000,-0.0490
284000000,-0.0490
285000000,-0.0490
286000000,-0.0127
287000000,-0.0429
288000000,-0.1371
289000000,-0.1371
290000000,-0.1666
291000000,-0.1525
292000000,-0.1523
293000000,-0.1523
294000000,-0.1467
295000000,-0.1171
296000000,-0.1285
297000000,-0.1489
298000000,-0.0978
299000000,-0.0976
300000000,-0.0997
301000000,-0.0874
302000000,-0.1192
303000000,-0.0308
304000000,-0.0308
305000000,0.0063
306000000,0.0063
307000000,0.0063
308000000,0.0063
309000000,0.0063
310000000,-0.0240
311000000,-0.0434
312000000,-0.0442
313000000,-0.0442
314000000,-0.0846
315000000,-0.0846
316000000,-0.0207
317000000,-0.0207
318000000,0.0506
319000000,0.0506
320000000,0.0506
321000000,0.0435
322000000,0.0583
323000000,0.0583
324000000,0.0722
325000000,0.0722
326000000,0.0899
327000000,0.0899
328000000,0.0899
329000000,0.1018
330000000,0.0938
331000000,0.0938
332000000,0.1192
333000000,0.1443
334000000,0.1443
335000000,0.1443
336000000,0.1269
337000000,0.1271
338000000,0.1271
339000000,0.2327
340000000,0.2447
341000000,0.2447
342000000,0.2447
343000000,0.2278
344000000,0.2278
345000000,0.2535
346000000,0.2471
347000000,0.2471
348000000,0.2471
349000000,0.2471
350000000,0.2830
351000000,0.2830
352000000,0.2430
353000000,0.2430
354000000,0.2416
355000000,0.2174
356000000,0.2543
357000000,0.2543
358000000,0.2754
359000000,0.2748
360000000,0.1666
361000000,0.1771
362000000,0.1851
363000000,0.1851
364000000,0.1851
365000000,0.1851
366000000,0.1851
367000000,0.1857
368000000,0.1857
369000000,0.1936
370000000,0.1865
371000000,0.2144
372000000,0.2144
373000000,0.1596
374000000,0.1286
375000000,0.0282
376000000,0.0282
377000000,0.0282
378000000,0.0282
379000000,0.0282
380000000,0.0282
381000000,0.0282
382000000,-0.0439
383000000,-0.0439
384000000,-0.0439
385000000,-0.0439
386000000,-0.0161
387000000,-0.0161
388000000,-0.0161
389000000,-0.0621
390000000,-0.0621
391000000,-0.0621
392000000,-0.0942
393000000,-0.0677
394000000,-0.0677
395000000,-0.0677
396000000,-0.0677
397000000,-0.0677
398000000,-0.0677
399000000,-0.2100
400000000,-0.2100
401000000,-0.2241
402000000,-0.2241
403000000,-0.2241
404000000,-0.2030
405000000,-0.1499
406000000,-0.1097
407000000,-0.1097
408000000,-0.1097
409000000,-0.1097
410000000,-0.1097
411000000,-0.1180
412000000,-0.1180
413000000,-0.1180
414000000,-0.1180
415000000,-0.1246
416000000,-0.1109
417000000,-0.1109
418000000,-0.1109
419000000,-0.1109
420000000,-0.1000
421000000,-0.1000
422000000,-0.1000
423000000,-0.0566
424000000,-0.0688
425000000,-0.0688
426000000,-0.0688
427000000,-0.0688
428000000,0.0232
429000000,0.0232
430000000,0.0232
431000000,0.0232
432000000,0.0232
433000000,0.0232
434000000,-0.0112
435000000,-0.0112
436000000,-0.0112
437000000,-0.0112
438000000,-0.0112
439000000,-0.0112
440000000,0.0102
441000000,0.0102
442000000,0.0102
443000000,0.0102
444000000,-0.0135
445000000,-0.0135
446000000,-0.0395
447000000,-0.0395
448000000,-0.0384
449000000,-0.0384
450000000,-0.0384
451000000,0.0996
452000000,0.2541
453000000,0.2541
454000000,0.2541
455000000,0.2071
456000000,0.2071
457000000,0.2071
458000000,0.3064
459000000,0.3064
460000000,0.3064
461000000,0.3064
462000000,0.3064
463000000,0.3166
464000000,0.3166
465000000,0.3166
466000000,0.3166
467000000,0.3166
468000000,0.3560
469000000,0.3560
470000000,0.3560
471000000,0.3560
472000000,0.3560
473000000,0.3428
474000000,0.3428
475000000,0.3428
476000000,0.3428
477000000,0.3428
478000000,0.3986
479000000,0.3986
480000000,0.3767
481000000,0.4263
482000000,0.4263
483000000,0.4263
484000000,0.4511
485000000,0.4511
486000000,0.4428
487000000,0.4428
488000000,0.4428
489000000,0.4428
490000000,0.4428
491000000,0.4428
492000000,0.4796
493000000,0.5528
494000000,0.5967
495000000,0.6139
496000000,0.6139
497000000,0.6139
498000000,0.6139
499000000,0.6139
500000000,0.5222
501000000,0.5000
502000000,0.5000
503000000,0.5000
504000000,0.5000
505000000,0.5000
506000000,0.5000
507000000,0.5000
508000000,0.5000
509000000,0.5000
510000000,0.5000
511000000,0.5000
512000000,0.5000
513000000,0.5164
514000000,0.4690
515000000,0.4690
516000000,0.4690
517000000,0.4777
518000000,0.4777
519000000,0.4777
520000000,0.4777
521000000,0.4777
522000000,0.4483
523000000,0.4296
524000000,0.4296
525000000,0.4296
526000000,0.4296
527000000,0.4296
528000000,0.4296
529000000,0.4296
530000000,0.4171
531000000,0.4171
532000000,0.4563
533000000,0.4563
534000000,0.4563
535000000,0.4192
536000000,0.4192
537000000,0.4192
538000000,0.4192
539000000,0.4192
540000000,0.4192
541000000,0.4274
542000000,0.4274
543000000,0.4274
544000000,0.4274
545000000,0.4274
546000000,0.4274
547000000,0.4432
548000000,0.4432
549000000,0.4259
550000000,0.4664
551000000,0.4664
552000000,0.4664
553000000,0.3438
554000000,0.3438
555000000,0.3072
556000000,0.3072
557000000,0.3072
558000000,0.2826
559000000,0.2687
560000000,0.2687
561000000,0.2687
562000000,0.2687
563000000,0.2687
564000000,0.3265
565000000,0.3265
566000000,0.3265
567000000,0.3265
568000000,0.3265
569000000,0.3265
570000000,0.3265
571000000,0.3265
572000000,0.3265
573000000,0.3265
574000000,0.3265
575000000,0.3265
576000000,0.4566
577000000,0.4566
578000000,0.4566
579000000,0.4009
580000000,0.4009
581000000,0.4009
582000000,0.4009
583000000,0.4009
584000000,0.4009
585000000,0.4009
586000000,0.4834
587000000,0.4834
588000000,0.5023
589000000,0.5023
590000000,0.4787
591000000,0.4787
592000000,0.4787
593000000,0.4787
594000000,0.4160
595000000,0.4160
596000000,0.4160
597000000,0.4233
598000000,0.4233
599000000,0.4233
600000000,0.4233
601000000,0.4233
602000000,0.4910
603000000,0.4910
604000000,0.4910
605000000,0.4910
606000000,0.4910
607000000,0.4910
608000000,0.4910
609000000,0.4910
610000000,0.4910
611000000,0.4910
612000000,0.5531
613000000,0.5531
614000000,0.5531
615000000,0.6773
616000000,0.6773
617000000,0.6773
618000000,0.6773
619000000,0.6760
620000000,0.6760
621000000,0.6760
622000000,0.6088
623000000,0.5180
624000000,0.5180
625000000,0.5180
626000000,0.5180
627000000,0.5180
628000000,0.5861
629000000,0.5856
630000000,0.5856
631000000,0.5856
632000000,0.5257
633000000,0.5257
634000000,0.5257
635000000,0.5257
636000000,0.5257
637000000,0.5257
638000000,0.5257
639000000,0.5257
640000000,0.5257
641000000,0.5257
642000000,0.5257
643000000,0.5257
644000000,0.5257
645000000,0.5257
646000000,0.5257
647000000,0.5257
648000000,0.5257
649000000,0.5257
650000000,0.5597
651000000,0.5597
652000000,0.5597
653000000,0.5597
654000000,0.5597
655000000,0.5597
656000000,0.8442
657000000,0.8442
658000000,0.8442
659000000,0.8442
660000000,0.8442
661000000,0.8442
662000000,0.8442
663000000,0.8161
664000000,0.8161
665000000,0.8243
666000000,0.8243
667000000,0.8243
668000000,0.8287
669000000,0.8287
670000000,0.8287
671000000,0.8287
672000000,0.7828
673000000,0.7828
674000000,0.8289
675000000,0.8289
676000000,0.8674
677000000,0.8674
678000000,0.8277
679000000,0.8277
680000000,0.8277
681000000,0.8277
682000000,0.8277
683000000,0.8277
684000000,0.8277
685000000,0.8277
686000000,0.8277
687000000,0.8277
688000000,0.8758
689000000,0.8758
690000000,0.8758
691000000,0.8758
692000000,0.8758
693000000,0.8758
694000000,0.8650
695000000,0.8858
696000000,0.8858
697000000,0.8561
698000000,0.8561
699000000,0.8561
700000000,0.8561
701000000,0.8561
702000000,0.7186
703000000,0.7186
704000000,0.7186
705000000,0.7186
706000000,0.6666
707000000,0.6666
708000000,0.6687
709000000,0.6687
710000000,0.6687
711000000,0.6687
712000000,0.6687
713000000,0.6687
714000000,0.6687
715000000,0.6687
716000000,0.6306
717000000,0.6306
718000000,0.6306
719000000,0.6306
720000000,0.6306
721000000,0.6306
722000000,0.6306
723000000,0.6306
724000000,0.6306
725000000,0.6306
726000000,0.6306
727000000,0.6306
728000000,0.6306
729000000,0.6306
730000000,0.6515
731000000,0.6515
732000000,0.6515
733000000,0.6515
734000000,0.6515
735000000,0.6515
736000000,0.6515
737000000,0.6515
738000000,0.6515
739000000,0.6515
740000000,0.6515
741000000,0.6515
742000000,0.6515
743000000,0.6515
744000000,0.6515
745000000,0.6515
746000000,0.4934
747000000,0.4934
748000000,0.4934
749000000,0.4934
750000000,0.4934
751000000,0.4934
752000000,0.4934
753000000,0.4382
754000000,0.3981
755000000,0.3981
756000000,0.3981
757000000,0.3981
758000000,0.3981
759000000,0.3981
760000000,0.3981
761000000,0.3981
762000000,0.3981
763000000,0.3981
764000000,0.3981
765000000,0.3981
766000000,0.3981
767000000,0.3981
768000000,0.3981
769000000,0.3981
770000000,0.3981
771000000,0.3981
772000000,0.3981
773000000,0.4119
774000000,0.4119
775000000,0.4119
776000000,0.4119
777000000,0.4119
778000000,0.4119
779000000,0.4119
780000000,0.4119
781000000,0.4119
782000000,0.4119
783000000,0.4119
784000000,0.4119
785000000,0.4119
786000000,0.4119
787000000,0.4119
788000000,0.4119
789000000,0.4119
790000000,0.4119
791000000,0.4119
792000000,0.4119
793000000,0.4119
794000000,0.4119
795000000,0.4235
796000000,0.4235
797000000,0.4235
798000000,0.4235
799000000,0.4235
800000000,0.4235
801000000,0.4235
802000000,0.4235
803000000,0.4235
804000000,0.4235
805000000,0.4235
806000000,0.4235
807000000,0.4235
808000000,0.4235
809000000,0.4235
810000000,0.4235
811000000,0.4235
812000000,0.3649
813000000,0.3649
814000000,0.3649
815000000,0.3649
816000000,0.3649
817000000,0.3649
818000000,0.3649
819000000,0.3649
820000000,0.3649
821000000,0.3649
822000000,0.3649
823000000,0.3649
824000000,0.3649
825000000,0.3649
826000000,0.3649
827000000,0.3649
828000000,0.3649
829000000,0.3649
830000000,0.3649
831000000,0.3649
832000000,0.3649
833000000,0.3649
834000000,0.3649
835000000,0.3649
836000000,0.3649
837000000,0.3649
838000000,0.3649
839000000,0.3649
840000000,0.3649
841000000,0.3649
842000000,0.3764
843000000,0.3764
844000000,0.3764
845000000,0.3764
846000000,0.3764
847000000,0.3764
848000000,0.3764
849000000,0.3764
850000000,0.3764
851000000,0.3764
852000000,0.3764
853000000,0.3764
854000000,0.3764
855000000,0.3764
856000000,0.3764
857000000,0.3764
858000000,0.3764
859000000,0.3764
860000000,0.3764
861000000,0.3764
862000000,0.3764
863000000,0.3764
864000000,0.3764
865000000,0.3764
866000000,0.3764
867000000,0.3764
868000000,0.3764
869000000,0.3764
870000000,0.3764
871000000,0.3764
872000000,0.3764
873000000,0.3764
874000000,0.3764
875000000,0.3764
876000000,0.3764
877000000,0.3764
878000000,0.3764
879000000,0.3764
880000000,0.3764
881000000,0.3764
882000000,0.3764
883000000,0.3764
884000000,0.3764
885000000,0.3764
886000000,0.3764
887000000,0.3764
888000000,0.3764
889000000,0.3764
890000000,0.3764
891000000,0.3764
892000000,0.3689
893000000,0.3801
894000000,0.3801
895000000,0.3801
896000000,0.3801
897000000,0.3801
898000000,0.3801
899000000,0.3801
900000000,0.3801
901000000,0.3801
902000000,0.4046
903000000,0.4046
904000000,0.4046
905000000,0.4046
906000000,0.4046
907000000,0.4046
908000000,0.4046
909000000,0.4046
910000000,0.4046
911000000,0.4046
912000000,0.4046
913000000,0.4046
914000000,0.4046
915000000,0.4046
916000000,0.4046
917000000,0.4046
918000000,0.4046
919000000,0.4046
920000000,0.4046
921000000,0.5399
922000000,0.5399
923000000,0.5798
924000000,0.5798
925000000,0.5798
926000000,0.5798
927000000,0.5798
928000000,0.5798
929000000,0.5798
930000000,0.5798
931000000,0.5798
932000000,0.5798
933000000,0.4820
934000000,0.4820
935000000,0.4820
936000000,0.5318
937000000,0.5318
938000000,0.5318
939000000,0.5318
940000000,0.4479
941000000,0.4479
942000000,0.4450
943000000,0.4450
944000000,0.4450
945000000,0.4450
946000000,0.4450
947000000,0.4450
948000000,0.4019
949000000,0.4019
950000000,0.4019
951000000,0.4019
952000000,0.4019
953000000,0.4019
954000000,0.4019
955000000,0.4019
956000000,0.4019
957000000,0.4019
958000000,0.4019
959000000,0.4019
960000000,0.4019
961000000,0.4019
962000000,0.4019
963000000,0.4019
964000000,0.4019
965000000,0.4019
966000000,0.4019
967000000,0.4224
968000000,0.4224
969000000,0.4224
970000000,0.4224
971000000,0.4224
972000000,0.4224
973000000,0.4224
974000000,0.4224
975000000,0.4224
976000000,0.4224
977000000,0.4224
978000000,0.4224
979000000,0.4224
980000000,0.4224
981000000,0.4224
982000000,0.4224
983000000,0.4224
984000000,0.4224
985000000,0.3581
986000000,0.3581
987000000,0.3581
988000000,0.3581
989000000,0.3581
990000000,0.3581
991000000,0.3581
992000000,0.3581
993000000,0.3581
994000000,0.3581
995000000,0.3581
996000000,0.3581
997000000,0.3581
998000000,0.3581
999000000,0.3581
1000000000,0.3581
1001000000,0.3581
1002000000,0.3581
1003000000,0.3581
1004000000,0.3581
1005000000,0.3581
1006000000,0.3581
1007000000,0.3581
1008000000,0.3581
1009000000,0.3581
1010000000,0.3581
1011000000,0.3581
1012000000,0.3581
1013000000,0.3581
1014000000,0.3581
1015000000,0.3581
1016000000,0.3581
1017000000,0.3781
1018000000,0.3781
1019000000,0.3781
1020000000,0.3781
1021000000,0.3781
1022000000,0.3781
1023000000,0.3781
1024000000,0.3781
1025000000,0.3781
1026000000,0.5507
1027000000,0.5507
1028000000,0.5507
1029000000,0.5507
1030000000,0.5507
1031000000,0.5507
1032000000,0.5507
1033000000,0.5507
1034000000,0.5507
1035000000,0.5507
1036000000,0.5507
1037000000,0.5507
1038000000,0.5507
1039000000,0.5507
1040000000,0.5507
1041000000,0.5507
1042000000,0.5507
1043000000,0.5507
1044000000,0.5507
1045000000,0.5507
1046000000,0.5507
1047000000,0.5507
1048000000,0.5507
1049000000,0.5507
1050000000,0.5507
1051000000,0.5507
1052000000,0.6949
1053000000,0.6949
1054000000,0.6911
1055000000,0.6911
1056000000,0.6911
1057000000,0.6911
1058000000,0.6911
1059000000,0.6911
1060000000,0.7886
1061000000,0.6362
1062000000,0.6362
1063000000,0.6362
1064000000,0.6362
1065000000,0.6362
1066000000,0.5897
1067000000,0.5897
1068000000,0.5897
1069000000,0.5897
1070000000,0.5897
1071000000,0.5897
1072000000,0.5897
1073000000,0.6259
1074000000,0.6259
1075000000,0.6259
1076000000,0.6259
1077000000,0.6259
1078000000,0.6259
1079000000,0.6259
1080000000,0.6259
1081000000,0.6259
1082000000,0.6259
1083000000,0.6259
1084000000,0.6259
1085000000,0.6259
1086000000,0.6646
1087000000,0.6646
1088000000,0.6646
1089000000,0.6646
1090000000,0.6646
1091000000,0.6646
1092000000,0.6454
1093000000,0.6454
1094000000,0.6454
1095000000,0.6454
1096000000,0.6454
1097000000,0.6454
1098000000,0.6454
1099000000,0.6454
1100000000,0.6952
1101000000,0.6952
1102000000,0.6952
1103000000,0.6952
1104000000,0.6952
1105000000,0.6952
1106000000,0.6952
1107000000,0.6952
1108000000,0.6952
1109000000,0.6952
1110000000,0.6952
1111000000,0.6952
1112000000,0.6952
1113000000,0.6952
1114000000,0.6952
1115000000,0.6952
1116000000,0.6952
1117000000,0.6952
1118000000,0.6952
1119000000,0.6952
1120000000,0.6952
1121000000,0.6952
1122000000,0.6952
1123000000,0.6952
1124000000,0.6952
1125000000,0.6952
1126000000,0.6952
1127000000,0.6952
1128000000,0.6952
1129000000,0.6952
1130000000,0.7302
1131000000,0.7302
1132000000,0.7302
1133000000,0.7302
1134000000,0.7302
1135000000,0.7302
1136000000,0.7302
1137000000,0.7302
1138000000,0.7302
1139000000,0.7302
1140000000,0.7302
1141000000,0.7302
1142000000,0.7292
1143000000,0.7292
1144000000,0.7292
1145000000,0.7292
1146000000,0.7292
1147000000,0.7292
1148000000,0.7292
1149000000,0.7292
1150000000,0.7292
1151000000,0.7292
1152000000,0.7292
1153000000,0.7292
1154000000,0.7292
1155000000,0.7292
1156000000,0.7292
1157000000,0.7292
1158000000,0.7292
1159000000,0.7292
1160000000,0.7292
1161000000,0.7292
1162000000,0.7292
1163000000,0.6711
1164000000,0.6711
1165000000,0.6711
1166000000,0.6711
1167000000,0.6711
1168000000,0.6711
1169000000,0.6711
1170000000,0.6711
1171000000,0.6711
1172000000,0.6711
1173000000,0.6711
1174000000,0.6711
1175000000,0.6711
1176000000,0.6711
1177000000,0.6711
1178000000,0.6711
1179000000,0.6711
1180000000,0.6711
1181000000,0.6711
1182000000,0.6711
1183000000,0.6711
1184000000,0.6711
1185000000,0.6711
1186000000,0.6711
1187000000,0.6711
1188000000,0.6711
1189000000,0.6711
1190000000,0.6711
1191000000,0.6711
1192000000,0.6711
1193000000,0.6711
1194000000,0.6711
1195000000,0.6711
1196000000,0.6711
1197000000,0.6711
1198000000,0.6711
1199000000,0.6711
1200000000,0.6711
1201000000,0.6711
1202000000,0.6711
1203000000,0.6711
1204000000,0.6711
1205000000,0.6711
1206000000,0.6711
1207000000,0.5585
1208000000,0.5585
1209000000,0.5585
1210000000,0.5585
1211000000,0.5585
1212000000,0.5585
1213000000,0.5585
1214000000,0.5585
1215000000,0.5585
1216000000,0.5585
1217000000,0.5585
1218000000,0.5585
1219000000,0.3225
1220000000,0.3225
1221000000,0.3225
1222000000,0.3225
1223000000,0.3225
1224000000,0.3225
1225000000,0.3225
1226000000,0.3225
1227000000,0.3225
1228000000,0.3225
1229000000,0.3225
1230000000,0.3225
1231000000,0.3225
1232000000,0.3225
1233000000,0.3225
1234000000,0.3225
1235000000,0.3225
1236000000,0.3225
1237000000,0.3225
1238000000,0.3225
1239000000,0.3225
1240000000,0.3225
1241000000,0.3225
1242000000,0.3225
1243000000,0.3225
1244000000,0.3225
1245000000,0.3225
1246000000,0.3225
1247000000,0.3225
1248000000,0.3225
1249000000,0.3225
1250000000,0.3225
1251000000,0.3225
1252000000,0.3225
1253000000,0.3225
1254000000,0.3225
1255000000,0.3225
1256000000,0.3225
1257000000,0.3225
1258000000,0.3225
1259000000,0.3225
1260000000,0.3225
1261000000,0.3225
1262000000,0.3225
1263000000,0.3225
1264000000,0.3225
1265000000,0.3225
1266000000,0.3225
1267000000,0.3225
1268000000,0.3225
1269000000,0.3225
1270000000,0.3225
1271000000,0.3225
1272000000,0.3225
1273000000,0.3225
1274000000,0.3225
1275000000,0.3225
1276000000,0.3225
1277000000,0.3225
1278000000,0.3225
1279000000,0.3225
1280000000,0.3225
1281000000,0.3225
1282000000,0.3225
1283000000,0.3225
1284000000,0.3225
1285000000,0.3225
1286000000,0.3225
1287000000,0.3225
1288000000,0.3225
1289000000,0.3225
1290000000,0.3225
1291000000,0.3225
1292000000,0.3225
1293000000,0.3225
1294000000,0.3225
1295000000,0.3225
1296000000,0.3225
1297000000,0.3225
1298000000,0.3225
1299000000,0.3225
1300000000,0.3225
1301000000,0.3225
1302000000,0.3225
1303000000,0.3225
1304000000,0.3225
1305000000,0.3225
1306000000,0.3225
1307000000,0.3225
1308000000,0.3225
1309000000,0.3225
1310000000,0.3225
1311000000,0.3225
1312000000,0.3225
1313000000,0.3225
1314000000,0.3225
1315000000,0.3715
1316000000,0.3715
1317000000,0.3715
1318000000,0.3715
1319000000,0.3715
1320000000,0.3715
1321000000,0.3715
1322000000,0.3715
1323000000,0.3715
1324000000,0.3715
1325000000,0.3715
1326000000,0.3715
1327000000,0.3715
1328000000,0.3715
1329000000,0.3715
1330000000,0.3715
1331000000,0.3715
1332000000,0.3715
1333000000,0.3715
1334000000,0.3715
1335000000,0.3715
1336000000,0.3715
1337000000,0.3715
1338000000,0.3715
1339000000,0.3715
1340000000,0.3715
1341000000,0.3715
1342000000,0.3715
1343000000,0.3715
1344000000,0.3715
1345000000,0.3715
1346000000,0.3715
1347000000,0.3715
1348000000,0.3715
1349000000,0.3715
1350000000,0.3715
1351000000,0.5250
1352000000,0.5250
1353000000,0.5250
1354000000,0.5250
1355000000,0.5250
1356000000,0.5250
1357000000,0.5250
1358000000,0.5250
1359000000,0.5250
1360000000,0.5250
1361000000,0.5250
1362000000,0.5250
1363000000,0.5250
1364000000,0.5250
1365000000,0.5250
1366000000,0.5250
1367000000,0.5250
1368000000,0.5250
1369000000,0.5250
1370000000,0.5250
1371000000,0.5250
1372000000,0.5250
1373000000,0.5250
1374000000,0.5250
1375000000,0.1400
1376000000,-0.5210
1377000000,-0.5210
1378000000,-0.5210
1379000000,-0.5210
1380000000,-0.5210
1381000000,-0.5210
1382000000,-0.5210
1383000000,-0.5210
1384000000,-0.5210
1385000000,-0.5210
1386000000,-0.5210
1387000000,-0.5210
1388000000,-0.5210
1389000000,-0.5210
1390000000,-0.5210
1391000000,-0.5210
1392000000,-0.5210
1393000000,-0.5210
1394000000,-0.5210
1395000000,-0.5210
1396000000,-0.5210
1397000000,-0.5210
1398000000,-0.5210
1399000000,-0.5210
1400000000,-0.5210
1401000000,-0.5210
1402000000,-0.5210
1403000000,-0.5210
1404000000,-0.5210
1405000000,-0.5210
1406000000,-0.5210
1407000000,-0.5210
1408000000,-0.5210
1409000000,-0.5210
1410000000,-0.5210
1411000000,-0.5210
1412000000,-0.5210
1413000000,-0.5210
1414000000,-0.5210
1415000000,-0.5210
1416000000,-0.5210
1417000000,-0.5210
1418000000,-0.5210
1419000000,-0.5210
1420000000,-0.5210
1421000000,-0.5210
1422000000,-0.5210
1423000000,-0.5210
1424000000,-0.5210
1425000000,-0.5210
1426000000,-0.5210
1427000000,-0.5210
1428000000,-0.5210
1429000000,-0.5210
1430000000,-0.5210
1431000000,-0.5210
1432000000,-0.5210
1433000000,-0.5210
1434000000,-0.5210
1435000000,-0.5210
1436000000,-0.5210
1437000000,-0.5210
1438000000,-0.5210
1439000000,-0.5210
1440000000,-0.5210
1441000000,-0.5210
1442000000,-0.5210
1443000000,-0.5359
1444000000,-0.5359
1445000000,-0.5359
1446000000,-0.5359
1447000000,-0.5359
1448000000,-0.5359
1449000000,-0.5359
1450000000,-0.5359
1451000000,-0.5359
1452000000,-0.5359
1453000000,-0.5359
1454000000,-0.5359
1455000000,-0.5359
1456000000,-0.5359
1457000000,-0.5359
1458000000,-0.5359
1459000000,-0.5359
1460000000,-0.5359
1461000000,-0.5359
1462000000,-0.5359
1463000000,-0.5359
1464000000,-0.5359
1465000000,-0.5359
1466000000,-0.5359
1467000000,-0.5359
1468000000,-0.5359
1469000000,-0.5359
1470000000,-0.5359
1471000000,-0.5359
1472000000,-0.5359
1473000000,-0.5359
1474000000,-0.5359
1475000000,-0.5359
1476000000,-0.5359
1477000000,-0.5359
1478000000,-0.5359
1479000000,-0.5359
1480000000,-0.5359
1481000000,-0.5359
1482000000,-0.5359
1483000000,-0.5359
1484000000,-0.5359
1485000000,-0.5359
1486000000,-0.5359
1487000000,-0.5359
1488000000,-0.5359
1489000000,-0.5359
1490000000,-0.5359
1491000000,-0.5359
1492000000,-0.5359
1493000000,-0.5359
1494000000,-0.5359
1495000000,-0.5359
1496000000,-0.5359
1497000000,-0.5359
1498000000,-0.5359
1499000000,-0.5359
