,holdings,total,cost_basis,signal,Date,return_rate
0,0.0,0.0,0.0,0,2021-03-31,0.0
1,0.0,0.0,0.0,0,2021-04-01,0.0
2,0.0,0.0,0.0,0,2021-04-02,0.0
3,0.1749288448394558,0.0,10000.0,1,2021-04-03,0.0
4,0.0,160.85813709156355,0.0,0,2021-04-04,0.016085813709156356
5,0.0,160.85813709156355,0.0,0,2021-04-05,0.016085813709156356
6,0.0,160.85813709156355,0.0,0,2021-04-06,0.016085813709156356
7,0.0,160.85813709156355,0.0,0,2021-04-07,0.016085813709156356
8,0.0,160.85813709156355,0.0,0,2021-04-08,0.016085813709156356
9,0.1716476431894778,160.85813709156355,10000.0,1,2021-04-09,0.016085813709156356
10,0.0,399.5802357074044,0.0,0,2021-04-10,0.03995802357074044
11,0.0,399.5802357074044,0.0,0,2021-04-11,0.03995802357074044
12,0.0,399.5802357074044,0.0,0,2021-04-12,0.03995802357074044
13,0.0,399.5802357074044,0.0,0,2021-04-13,0.03995802357074044
14,0.158515000986347,399.5802357074044,10000.000000000002,1,2021-04-14,0.03995802357074044
15,0.0,391.3709309253554,0.0,0,2021-04-15,0.03913709309253554
16,0.0,391.3709309253554,0.0,0,2021-04-16,0.03913709309253554
17,0.0,391.3709309253554,0.0,0,2021-04-17,0.03913709309253554
18,0.17773870316407678,391.3709309253554,10000.000000000002,1,2021-04-18,0.03913709309253554
19,0.0,259.7666513199456,0.0,0,2021-04-19,0.02597666513199456
20,0.0,259.7666513199456,0.0,0,2021-04-20,0.02597666513199456
21,0.0,259.7666513199456,0.0,0,2021-04-21,0.02597666513199456
22,0.0,259.7666513199456,0.0,0,2021-04-22,0.02597666513199456
23,0.0,259.7666513199456,0.0,0,2021-04-23,0.02597666513199456
24,0.0,259.7666513199456,0.0,0,2021-04-24,0.02597666513199456
25,0.0,259.7666513199456,0.0,0,2021-04-25,0.02597666513199456
26,0.18481061246849279,259.7666513199456,10000.0,1,2021-04-26,0.02597666513199456
27,0.0,406.2390951765683,0.0,0,2021-04-27,0.04062390951765683
28,0.0,406.2390951765683,0.0,0,2021-04-28,0.04062390951765683
29,0.18635104023993918,406.2390951765683,10000.0,1,2021-04-29,0.04062390951765683
30,0.0,1136.1343024869457,0.0,0,2021-04-30,0.11361343024869457
31,0.0,1136.1343024869457,0.0,0,2021-05-01,0.11361343024869457
32,0.0,1136.1343024869457,0.0,0,2021-05-02,0.11361343024869457
33,0.0,1136.1343024869457,0.0,0,2021-05-03,0.11361343024869457
34,0.0,1136.1343024869457,0.0,0,2021-05-04,0.11361343024869457
35,0.0,1136.1343024869457,0.0,0,2021-05-05,0.11361343024869457
36,0.0,1136.1343024869457,0.0,0,2021-05-06,0.11361343024869457
37,0.1741267293331986,1136.1343024869457,10000.000000000002,1,2021-05-07,0.11361343024869457
38,0.1741267293331986,1136.1343024869457,10000.000000000002,1,2021-05-08,0.11361343024869457
39,0.0,1257.1488526264147,0.0,0,2021-05-09,0.12571488526264146
40,0.0,1257.1488526264147,0.0,0,2021-05-10,0.12571488526264146
41,0.0,1257.1488526264147,0.0,0,2021-05-11,0.12571488526264146
42,0.0,1257.1488526264147,0.0,0,2021-05-12,0.12571488526264146
43,0.20092279172421923,1257.1488526264147,10000.0,1,2021-05-13,0.12571488526264146
44,0.0,1251.413577937612,0.0,0,2021-05-14,0.1251413577937612
45,0.0,1251.413577937612,0.0,0,2021-05-15,0.1251413577937612
46,0.0,1251.413577937612,0.0,0,2021-05-16,0.1251413577937612
47,0.0,1251.413577937612,0.0,0,2021-05-17,0.1251413577937612
48,0.0,1251.413577937612,0.0,0,2021-05-18,0.1251413577937612
49,0.0,1251.413577937612,0.0,0,2021-05-19,0.1251413577937612
50,0.0,1251.413577937612,0.0,0,2021-05-20,0.1251413577937612
51,0.2679058112582366,1251.413577937612,10000.000000000002,1,2021-05-21,0.1251413577937612
52,0.0,1264.3579073957262,0.0,0,2021-05-22,0.12643579073957262
53,0.2879803192892835,1264.3579073957262,10000.000000000002,1,2021-05-23,0.12643579073957262
54,0.0,2414.5919254404635,0.0,0,2021-05-24,0.24145919254404635
55,0.0,2414.5919254404635,0.0,0,2021-05-25,0.24145919254404635
56,0.0,2414.5919254404635,0.0,0,2021-05-26,0.24145919254404635
57,0.0,2414.5919254404635,0.0,0,2021-05-27,0.24145919254404635
58,0.0,2414.5919254404635,0.0,0,2021-05-28,0.24145919254404635
59,0.0,2414.5919254404635,0.0,0,2021-05-29,0.24145919254404635
60,0.0,2414.5919254404635,0.0,0,2021-05-30,0.24145919254404635
61,0.0,2414.5919254404635,0.0,0,2021-05-31,0.24145919254404635
62,0.0,2414.5919254404635,0.0,0,2021-06-01,0.24145919254404635
63,0.0,2414.5919254404635,0.0,0,2021-06-02,0.24145919254404635
64,0.0,2414.5919254404635,0.0,0,2021-06-03,0.24145919254404635
65,0.0,2414.5919254404635,0.0,0,2021-06-04,0.24145919254404635
66,0.0,2414.5919254404635,0.0,0,2021-06-05,0.24145919254404635
67,0.0,2414.5919254404635,0.0,0,2021-06-06,0.24145919254404635
68,0.0,2414.5919254404635,0.0,0,2021-06-07,0.24145919254404635
69,0.0,2414.5919254404635,0.0,0,2021-06-08,0.24145919254404635
70,0.0,2414.5919254404635,0.0,0,2021-06-09,0.24145919254404635
71,0.0,2414.5919254404635,0.0,0,2021-06-10,0.24145919254404635
72,0.0,2414.5919254404635,0.0,0,2021-06-11,0.24145919254404635
73,0.0,2414.5919254404635,0.0,0,2021-06-12,0.24145919254404635
74,0.0,2414.5919254404635,0.0,0,2021-06-13,0.24145919254404635
75,0.0,2414.5919254404635,0.0,0,2021-06-14,0.24145919254404635
76,0.0,2414.5919254404635,0.0,0,2021-06-15,0.24145919254404635
77,0.0,2414.5919254404635,0.0,0,2021-06-16,0.24145919254404635
78,0.0,2414.5919254404635,0.0,0,2021-06-17,0.24145919254404635
79,0.0,2414.5919254404635,0.0,0,2021-06-18,0.24145919254404635
80,0.0,2414.5919254404635,0.0,0,2021-06-19,0.24145919254404635
81,0.0,2414.5919254404635,0.0,0,2021-06-20,0.24145919254404635
82,0.0,2414.5919254404635,0.0,0,2021-06-21,0.24145919254404635
83,0.0,2414.5919254404635,0.0,0,2021-06-22,0.24145919254404635
84,0.2963361605950086,2414.5919254404635,10000.0,1,2021-06-23,0.24145919254404635
85,0.0,2665.9853483167844,0.0,0,2021-06-24,0.26659853483167845
86,0.0,2665.9853483167844,0.0,0,2021-06-25,0.26659853483167845
87,0.0,2665.9853483167844,0.0,0,2021-06-26,0.26659853483167845
88,0.28760611452366014,2665.9853483167844,10000.000000000002,1,2021-06-27,0.26659853483167845
89,0.0,2567.094670511482,0.0,0,2021-06-28,0.2567094670511482
90,0.0,2567.094670511482,0.0,0,2021-06-29,0.2567094670511482
91,0.0,2567.094670511482,0.0,0,2021-06-30,0.2567094670511482
92,0.0,2567.094670511482,0.0,0,2021-07-01,0.2567094670511482
93,0.0,2567.094670511482,0.0,0,2021-07-02,0.2567094670511482
94,0.0,2567.094670511482,0.0,0,2021-07-03,0.2567094670511482
95,0.0,2567.094670511482,0.0,0,2021-07-04,0.2567094670511482
96,-0.29682304674334986,2567.094670511482,10000.0,-1,2021-07-05,0.2567094670511482
97,0.2916431047229367,2724.372141011754,10000.0,1,2021-07-06,0.27243721410117544
98,0.0,2580.284518347611,0.0,0,2021-07-07,0.2580284518347611
99,0.0,2580.284518347611,0.0,0,2021-07-08,0.2580284518347611
100,0.0,2580.284518347611,0.0,0,2021-07-09,0.2580284518347611
101,0.0,2580.284518347611,0.0,0,2021-07-10,0.2580284518347611
102,0.0,2580.284518347611,0.0,0,2021-07-11,0.2580284518347611
103,0.0,2580.284518347611,0.0,0,2021-07-12,0.2580284518347611
104,0.0,2580.284518347611,0.0,0,2021-07-13,0.2580284518347611
105,0.0,2580.284518347611,0.0,0,2021-07-14,0.2580284518347611
106,0.0,2580.284518347611,0.0,0,2021-07-15,0.2580284518347611
107,0.0,2580.284518347611,0.0,0,2021-07-16,0.2580284518347611
108,0.0,2580.284518347611,0.0,0,2021-07-17,0.2580284518347611
109,0.0,2580.284518347611,0.0,0,2021-07-18,0.2580284518347611
110,0.0,2580.284518347611,0.0,0,2021-07-19,0.2580284518347611
111,0.0,2580.284518347611,0.0,0,2021-07-20,0.2580284518347611
112,0.0,2580.284518347611,0.0,0,2021-07-21,0.2580284518347611
113,0.0,2580.284518347611,0.0,0,2021-07-22,0.2580284518347611
114,0.0,2580.284518347611,0.0,0,2021-07-23,0.2580284518347611
115,0.0,2580.284518347611,0.0,0,2021-07-24,0.2580284518347611
116,0.0,2580.284518347611,0.0,0,2021-07-25,0.2580284518347611
117,0.0,2580.284518347611,0.0,0,2021-07-26,0.2580284518347611
118,0.0,2580.284518347611,0.0,0,2021-07-27,0.2580284518347611
119,0.0,2580.284518347611,0.0,0,2021-07-28,0.2580284518347611
120,0.0,2580.284518347611,0.0,0,2021-07-29,0.2580284518347611
121,0.0,2580.284518347611,0.0,0,2021-07-30,0.2580284518347611
122,0.0,2580.284518347611,0.0,0,2021-07-31,0.2580284518347611
123,0.0,2580.284518347611,0.0,0,2021-08-01,0.2580284518347611
124,0.0,2580.284518347611,0.0,0,2021-08-02,0.2580284518347611
125,0.0,2580.284518347611,0.0,0,2021-08-03,0.2580284518347611
126,0.0,2580.284518347611,0.0,0,2021-08-04,0.2580284518347611
127,-0.24472364121029427,2580.284518347611,10000.000000000002,-1,2021-08-05,0.2580284518347611
128,0.0,3063.4688396048223,0.0,0,2021-08-06,0.3063468839604822
129,0.0,3063.4688396048223,0.0,0,2021-08-07,0.3063468839604822
130,0.0,3063.4688396048223,0.0,0,2021-08-08,0.3063468839604822
131,0.0,3063.4688396048223,0.0,0,2021-08-09,0.3063468839604822
132,0.0,3063.4688396048223,0.0,0,2021-08-10,0.3063468839604822
133,0.0,3063.4688396048223,0.0,0,2021-08-11,0.3063468839604822
134,0.0,3063.4688396048223,0.0,0,2021-08-12,0.3063468839604822
135,0.0,3063.4688396048223,0.0,0,2021-08-13,0.3063468839604822
136,0.0,3063.4688396048223,0.0,0,2021-08-14,0.3063468839604822
137,0.0,3063.4688396048223,0.0,0,2021-08-15,0.3063468839604822
138,0.0,3063.4688396048223,0.0,0,2021-08-16,0.3063468839604822
139,0.0,3063.4688396048223,0.0,0,2021-08-17,0.3063468839604822
140,0.0,3063.4688396048223,0.0,0,2021-08-18,0.3063468839604822
141,0.0,3063.4688396048223,0.0,0,2021-08-19,0.3063468839604822
142,0.0,3063.4688396048223,0.0,0,2021-08-20,0.3063468839604822
143,0.0,3063.4688396048223,0.0,0,2021-08-21,0.3063468839604822
144,0.0,3063.4688396048223,0.0,0,2021-08-22,0.3063468839604822
145,0.0,3063.4688396048223,0.0,0,2021-08-23,0.3063468839604822
146,0.0,3063.4688396048223,0.0,0,2021-08-24,0.3063468839604822
147,0.0,3063.4688396048223,0.0,0,2021-08-25,0.3063468839604822
148,0.0,3063.4688396048223,0.0,0,2021-08-26,0.3063468839604822
149,0.0,3063.4688396048223,0.0,0,2021-08-27,0.3063468839604822
150,0.0,3063.4688396048223,0.0,0,2021-08-28,0.3063468839604822
151,0.0,3063.4688396048223,0.0,0,2021-08-29,0.3063468839604822
152,0.0,3063.4688396048223,0.0,0,2021-08-30,0.3063468839604822
153,0.0,3063.4688396048223,0.0,0,2021-08-31,0.3063468839604822
154,0.0,3063.4688396048223,0.0,0,2021-09-01,0.3063468839604822
155,0.0,3063.4688396048223,0.0,0,2021-09-02,0.3063468839604822
156,0.0,3063.4688396048223,0.0,0,2021-09-03,0.3063468839604822
157,0.0,3063.4688396048223,0.0,0,2021-09-04,0.3063468839604822
158,0.0,3063.4688396048223,0.0,0,2021-09-05,0.3063468839604822
159,0.0,3063.4688396048223,0.0,0,2021-09-06,0.3063468839604822
160,0.0,3063.4688396048223,0.0,0,2021-09-07,0.3063468839604822
161,0.0,3063.4688396048223,0.0,0,2021-09-08,0.3063468839604822
162,0.21510938344080746,3063.4688396048223,10000.000000000002,1,2021-09-09,0.3063468839604822
163,0.0,2692.0343811218445,0.0,0,2021-09-10,0.26920343811218445
164,0.0,2692.0343811218445,0.0,0,2021-09-11,0.26920343811218445
165,0.0,2692.0343811218445,0.0,0,2021-09-12,0.26920343811218445
166,0.22207093565346941,2692.0343811218445,10000.000000000002,1,2021-09-13,0.26920343811218445
167,-0.21226252092927592,3133.2199710253917,10000.0,-1,2021-09-14,0.31332199710253916
168,0.0,3347.5815539248615,0.0,0,2021-09-15,0.33475815539248616
169,0.0,3347.5815539248615,0.0,0,2021-09-16,0.33475815539248616
170,0.0,3347.5815539248615,0.0,0,2021-09-17,0.33475815539248616
171,0.0,3347.5815539248615,0.0,0,2021-09-18,0.33475815539248616
172,0.0,3347.5815539248615,0.0,0,2021-09-19,0.33475815539248616
173,0.0,3347.5815539248615,0.0,0,2021-09-20,0.33475815539248616
174,0.0,3347.5815539248615,0.0,0,2021-09-21,0.33475815539248616
175,-0.22965505156807167,3347.5815539248615,10000.000000000002,-1,2021-09-22,0.33475815539248616
176,0.22244449179721548,3651.1048493062044,10000.0,1,2021-09-23,0.3651104849306204
177,0.0,3155.0439085064118,0.0,0,2021-09-24,0.3155043908506412
178,0.0,3155.0439085064118,0.0,0,2021-09-25,0.3155043908506412
179,0.0,3155.0439085064118,0.0,0,2021-09-26,0.3155043908506412
180,0.0,3155.0439085064118,0.0,0,2021-09-27,0.3155043908506412
181,-0.24374490269006358,3155.0439085064118,10000.000000000002,-1,2021-09-28,0.3155043908506412
182,0.0,3276.3653750497742,0.0,0,2021-09-29,0.3276365375049774
183,0.22772926221074574,3276.3653750497742,10000.000000000002,1,2021-09-30,0.3276365375049774
184,0.0,4217.703158586684,0.0,0,2021-10-01,0.4217703158586684
185,0.0,4217.703158586684,0.0,0,2021-10-02,0.4217703158586684
186,0.0,4217.703158586684,0.0,0,2021-10-03,0.4217703158586684
187,0.0,4217.703158586684,0.0,0,2021-10-04,0.4217703158586684
188,0.0,4217.703158586684,0.0,0,2021-10-05,0.4217703158586684
189,0.0,4217.703158586684,0.0,0,2021-10-06,0.4217703158586684
190,0.0,4217.703158586684,0.0,0,2021-10-07,0.4217703158586684
191,0.0,4217.703158586684,0.0,0,2021-10-08,0.4217703158586684
192,0.0,4217.703158586684,0.0,0,2021-10-09,0.4217703158586684
193,0.0,4217.703158586684,0.0,0,2021-10-10,0.4217703158586684
194,0.0,4217.703158586684,0.0,0,2021-10-11,0.4217703158586684
195,0.0,4217.703158586684,0.0,0,2021-10-12,0.4217703158586684
196,0.0,4217.703158586684,0.0,0,2021-10-13,0.4217703158586684
197,0.0,4217.703158586684,0.0,0,2021-10-14,0.4217703158586684
198,0.0,4217.703158586684,0.0,0,2021-10-15,0.4217703158586684
199,0.0,4217.703158586684,0.0,0,2021-10-16,0.4217703158586684
200,0.0,4217.703158586684,0.0,0,2021-10-17,0.4217703158586684
201,0.0,4217.703158586684,0.0,0,2021-10-18,0.4217703158586684
202,0.0,4217.703158586684,0.0,0,2021-10-19,0.4217703158586684
203,0.0,4217.703158586684,0.0,0,2021-10-20,0.4217703158586684
204,0.0,4217.703158586684,0.0,0,2021-10-21,0.4217703158586684
205,0.0,4217.703158586684,0.0,0,2021-10-22,0.4217703158586684
206,0.0,4217.703158586684,0.0,0,2021-10-23,0.4217703158586684
207,0.0,4217.703158586684,0.0,0,2021-10-24,0.4217703158586684
208,0.0,4217.703158586684,0.0,0,2021-10-25,0.4217703158586684
209,0.0,4217.703158586684,0.0,0,2021-10-26,0.4217703158586684
210,0.0,4217.703158586684,0.0,0,2021-10-27,0.4217703158586684
211,0.0,4217.703158586684,0.0,0,2021-10-28,0.4217703158586684
212,0.0,4217.703158586684,0.0,0,2021-10-29,0.4217703158586684
213,0.0,4217.703158586684,0.0,0,2021-10-30,0.4217703158586684
214,0.0,4217.703158586684,0.0,0,2021-10-31,0.4217703158586684
215,0.0,4217.703158586684,0.0,0,2021-11-01,0.4217703158586684
216,0.0,4217.703158586684,0.0,0,2021-11-02,0.4217703158586684
217,0.0,4217.703158586684,0.0,0,2021-11-03,0.4217703158586684
218,0.0,4217.703158586684,0.0,0,2021-11-04,0.4217703158586684
219,0.0,4217.703158586684,0.0,0,2021-11-05,0.4217703158586684
220,0.16235449688965087,4217.703158586684,10000.0,1,2021-11-06,0.4217703158586684
221,0.0,4469.919798448895,0.0,0,2021-11-07,0.4469919798448895
222,0.14779573920157577,4469.919798448895,10000.0,1,2021-11-08,0.4469919798448895
223,0.0,4344.719432748527,0.0,0,2021-11-09,0.43447194327485267
224,0.0,4344.719432748527,0.0,0,2021-11-10,0.43447194327485267
225,0.0,4344.719432748527,0.0,0,2021-11-11,0.43447194327485267
226,0.0,4344.719432748527,0.0,0,2021-11-12,0.43447194327485267
227,0.0,4344.719432748527,0.0,0,2021-11-13,0.43447194327485267
228,0.0,4344.719432748527,0.0,0,2021-11-14,0.43447194327485267
229,0.0,4344.719432748527,0.0,0,2021-11-15,0.43447194327485267
230,0.0,4344.719432748527,0.0,0,2021-11-16,0.43447194327485267
231,0.0,4344.719432748527,0.0,0,2021-11-17,0.43447194327485267
232,0.17542179252497891,4344.719432748527,10000.0,1,2021-11-18,0.43447194327485267
233,0.0,4507.990361265029,0.0,0,2021-11-19,0.45079903612650285
234,0.0,4507.990361265029,0.0,0,2021-11-20,0.45079903612650285
235,0.0,4507.990361265029,0.0,0,2021-11-21,0.45079903612650285
236,0.0,4507.990361265029,0.0,0,2021-11-22,0.45079903612650285
237,0.0,4507.990361265029,0.0,0,2021-11-23,0.45079903612650285
238,0.0,4507.990361265029,0.0,0,2021-11-24,0.45079903612650285
239,0.0,4507.990361265029,0.0,0,2021-11-25,0.45079903612650285
240,0.0,4507.990361265029,0.0,0,2021-11-26,0.45079903612650285
241,0.0,4507.990361265029,0.0,0,2021-11-27,0.45079903612650285
242,0.0,4507.990361265029,0.0,0,2021-11-28,0.45079903612650285
243,0.0,4507.990361265029,0.0,0,2021-11-29,0.45079903612650285
244,0.0,4507.990361265029,0.0,0,2021-11-30,0.45079903612650285
245,0.0,4507.990361265029,0.0,0,2021-12-01,0.45079903612650285
246,0.17669918346897243,4507.990361265029,10000.0,1,2021-12-02,0.45079903612650285
247,0.0,3960.319077070204,0.0,0,2021-12-03,0.3960319077070204
248,0.0,3960.319077070204,0.0,0,2021-12-04,0.3960319077070204
249,0.0,3960.319077070204,0.0,0,2021-12-05,0.3960319077070204
250,0.19785190492451402,3960.319077070204,10000.0,1,2021-12-06,0.3960319077070204
251,0.0,3949.43097157006,0.0,0,2021-12-07,0.39494309715700604
252,0.1977371637175573,3949.43097157006,10000.0,1,2021-12-08,0.39494309715700604
253,0.0,3332.167426750273,0.0,0,2021-12-09,0.3332167426750273
254,0.0,3332.167426750273,0.0,0,2021-12-10,0.3332167426750273
255,0.0,3332.167426750273,0.0,0,2021-12-11,0.3332167426750273
256,0.0,3332.167426750273,0.0,0,2021-12-12,0.3332167426750273
257,0.0,3332.167426750273,0.0,0,2021-12-13,0.3332167426750273
258,0.0,3332.167426750273,0.0,0,2021-12-14,0.3332167426750273
259,0.0,3332.167426750273,0.0,0,2021-12-15,0.3332167426750273
260,0.0,3332.167426750273,0.0,0,2021-12-16,0.3332167426750273
261,0.0,3332.167426750273,0.0,0,2021-12-17,0.3332167426750273
262,0.0,3332.167426750273,0.0,0,2021-12-18,0.3332167426750273
263,0.0,3332.167426750273,0.0,0,2021-12-19,0.3332167426750273
264,0.0,3332.167426750273,0.0,0,2021-12-20,0.3332167426750273
265,0.20413283812621225,3332.167426750273,10000.0,1,2021-12-21,0.3332167426750273
266,0.0,3230.779467319515,0.0,0,2021-12-22,0.3230779467319515
267,0.0,3230.779467319515,0.0,0,2021-12-23,0.3230779467319515
268,0.0,3230.779467319515,0.0,0,2021-12-24,0.3230779467319515
269,0.0,3230.779467319515,0.0,0,2021-12-25,0.3230779467319515
270,0.0,3230.779467319515,0.0,0,2021-12-26,0.3230779467319515
271,0.0,3230.779467319515,0.0,0,2021-12-27,0.3230779467319515
272,0.0,3230.779467319515,0.0,0,2021-12-28,0.3230779467319515
273,0.0,3230.779467319515,0.0,0,2021-12-29,0.3230779467319515
274,0.0,3230.779467319515,0.0,0,2021-12-30,0.3230779467319515
275,0.0,3230.779467319515,0.0,0,2021-12-31,0.3230779467319515
276,0.0,3230.779467319515,0.0,0,2022-01-01,0.3230779467319515
277,0.21105595673090832,3230.779467319515,10000.000000000002,1,2022-01-02,0.3230779467319515
278,0.0,3013.909889821187,0.0,0,2022-01-03,0.3013909889821187
279,0.0,3013.909889821187,0.0,0,2022-01-04,0.3013909889821187
280,0.0,3013.909889821187,0.0,0,2022-01-05,0.3013909889821187
281,0.0,3013.909889821187,0.0,0,2022-01-06,0.3013909889821187
282,0.0,3013.909889821187,0.0,0,2022-01-07,0.3013909889821187
283,0.0,3013.909889821187,0.0,0,2022-01-08,0.3013909889821187
284,0.0,3013.909889821187,0.0,0,2022-01-09,0.3013909889821187
285,0.0,3013.909889821187,0.0,0,2022-01-10,0.3013909889821187
286,0.0,3013.909889821187,0.0,0,2022-01-11,0.3013909889821187
287,0.0,3013.909889821187,0.0,0,2022-01-12,0.3013909889821187
288,0.0,3013.909889821187,0.0,0,2022-01-13,0.3013909889821187
289,0.0,3013.909889821187,0.0,0,2022-01-14,0.3013909889821187
290,0.0,3013.909889821187,0.0,0,2022-01-15,0.3013909889821187
291,0.0,3013.909889821187,0.0,0,2022-01-16,0.3013909889821187
292,0.0,3013.909889821187,0.0,0,2022-01-17,0.3013909889821187
293,0.0,3013.909889821187,0.0,0,2022-01-18,0.3013909889821187
294,0.0,3013.909889821187,0.0,0,2022-01-19,0.3013909889821187
295,0.0,3013.909889821187,0.0,0,2022-01-20,0.3013909889821187
296,0.0,3013.909889821187,0.0,0,2022-01-21,0.3013909889821187
297,0.0,3013.909889821187,0.0,0,2022-01-22,0.3013909889821187
298,0.0,3013.909889821187,0.0,0,2022-01-23,0.3013909889821187
299,0.0,3013.909889821187,0.0,0,2022-01-24,0.3013909889821187
300,0.270034729934963,3013.909889821187,10000.000000000002,1,2022-01-25,0.3013909889821187
301,0.0,2933.8404152336334,0.0,0,2022-01-26,0.29338404152336334
302,0.0,2933.8404152336334,0.0,0,2022-01-27,0.29338404152336334
303,0.0,2933.8404152336334,0.0,0,2022-01-28,0.29338404152336334
304,0.0,2933.8404152336334,0.0,0,2022-01-29,0.29338404152336334
305,0.0,2933.8404152336334,0.0,0,2022-01-30,0.29338404152336334
306,0.0,2933.8404152336334,0.0,0,2022-01-31,0.29338404152336334
307,0.0,2933.8404152336334,0.0,0,2022-02-01,0.29338404152336334
308,0.0,2933.8404152336334,0.0,0,2022-02-02,0.29338404152336334
309,0.0,2933.8404152336334,0.0,0,2022-02-03,0.29338404152336334
310,0.0,2933.8404152336334,0.0,0,2022-02-04,0.29338404152336334
311,0.0,2933.8404152336334,0.0,0,2022-02-05,0.29338404152336334
312,0.0,2933.8404152336334,0.0,0,2022-02-06,0.29338404152336334
313,0.0,2933.8404152336334,0.0,0,2022-02-07,0.29338404152336334
314,0.0,2933.8404152336334,0.0,0,2022-02-08,0.29338404152336334
315,0.0,2933.8404152336334,0.0,0,2022-02-09,0.29338404152336334
316,0.0,2933.8404152336334,0.0,0,2022-02-10,0.29338404152336334
317,0.0,2933.8404152336334,0.0,0,2022-02-11,0.29338404152336334
318,0.0,2933.8404152336334,0.0,0,2022-02-12,0.29338404152336334
319,0.0,2933.8404152336334,0.0,0,2022-02-13,0.29338404152336334
320,0.0,2933.8404152336334,0.0,0,2022-02-14,0.29338404152336334
321,0.0,2933.8404152336334,0.0,0,2022-02-15,0.29338404152336334
322,0.0,2933.8404152336334,0.0,0,2022-02-16,0.29338404152336334
323,0.0,2933.8404152336334,0.0,0,2022-02-17,0.29338404152336334
324,0.0,2933.8404152336334,0.0,0,2022-02-18,0.29338404152336334
325,0.0,2933.8404152336334,0.0,0,2022-02-19,0.29338404152336334
326,0.0,2933.8404152336334,0.0,0,2022-02-20,0.29338404152336334
327,0.0,2933.8404152336334,0.0,0,2022-02-21,0.29338404152336334
328,0.0,2933.8404152336334,0.0,0,2022-02-22,0.29338404152336334
329,0.0,2933.8404152336334,0.0,0,2022-02-23,0.29338404152336334
330,0.0,2933.8404152336334,0.0,0,2022-02-24,0.29338404152336334
331,0.0,2933.8404152336334,0.0,0,2022-02-25,0.29338404152336334
332,0.0,2933.8404152336334,0.0,0,2022-02-26,0.29338404152336334
333,0.0,2933.8404152336334,0.0,0,2022-02-27,0.29338404152336334
334,0.0,2933.8404152336334,0.0,0,2022-02-28,0.29338404152336334
335,0.0,2933.8404152336334,0.0,0,2022-03-01,0.29338404152336334
336,0.0,2933.8404152336334,0.0,0,2022-03-02,0.29338404152336334
337,0.0,2933.8404152336334,0.0,0,2022-03-03,0.29338404152336334
338,0.0,2933.8404152336334,0.0,0,2022-03-04,0.29338404152336334
339,0.0,2933.8404152336334,0.0,0,2022-03-05,0.29338404152336334
340,0.0,2933.8404152336334,0.0,0,2022-03-06,0.29338404152336334
341,0.0,2933.8404152336334,0.0,0,2022-03-07,0.29338404152336334
342,0.0,2933.8404152336334,0.0,0,2022-03-08,0.29338404152336334
343,0.0,2933.8404152336334,0.0,0,2022-03-09,0.29338404152336334
344,0.0,2933.8404152336334,0.0,0,2022-03-10,0.29338404152336334
345,0.0,2933.8404152336334,0.0,0,2022-03-11,0.29338404152336334
346,0.0,2933.8404152336334,0.0,0,2022-03-12,0.29338404152336334
347,0.0,2933.8404152336334,0.0,0,2022-03-13,0.29338404152336334
348,0.0,2933.8404152336334,0.0,0,2022-03-14,0.29338404152336334
349,0.0,2933.8404152336334,0.0,0,2022-03-15,0.29338404152336334
350,0.0,2933.8404152336334,0.0,0,2022-03-16,0.29338404152336334
351,0.0,2933.8404152336334,0.0,0,2022-03-17,0.29338404152336334
352,0.0,2933.8404152336334,0.0,0,2022-03-18,0.29338404152336334
353,0.0,2933.8404152336334,0.0,0,2022-03-19,0.29338404152336334
354,0.0,2933.8404152336334,0.0,0,2022-03-20,0.29338404152336334
355,0.0,2933.8404152336334,0.0,0,2022-03-21,0.29338404152336334
356,0.0,2933.8404152336334,0.0,0,2022-03-22,0.29338404152336334
357,0.0,2933.8404152336334,0.0,0,2022-03-23,0.29338404152336334
358,0.0,2933.8404152336334,0.0,0,2022-03-24,0.29338404152336334
359,0.0,2933.8404152336334,0.0,0,2022-03-25,0.29338404152336334
360,0.0,2933.8404152336334,0.0,0,2022-03-26,0.29338404152336334
361,0.0,2933.8404152336334,0.0,0,2022-03-27,0.29338404152336334
362,0.0,2933.8404152336334,0.0,0,2022-03-28,0.29338404152336334
363,0.0,2933.8404152336334,0.0,0,2022-03-29,0.29338404152336334
364,0.0,2933.8404152336334,0.0,0,2022-03-30,0.29338404152336334
365,0.0,2933.8404152336334,0.0,0,2022-03-31,0.29338404152336334
366,0.0,2933.8404152336334,0.0,0,2022-04-01,0.29338404152336334
367,0.0,2933.8404152336334,0.0,0,2022-04-02,0.29338404152336334
368,0.0,2933.8404152336334,0.0,0,2022-04-03,0.29338404152336334
369,0.0,2933.8404152336334,0.0,0,2022-04-04,0.29338404152336334
370,0.0,2933.8404152336334,0.0,0,2022-04-05,0.29338404152336334
371,0.0,2933.8404152336334,0.0,0,2022-04-06,0.29338404152336334
372,0.0,2933.8404152336334,0.0,0,2022-04-07,0.29338404152336334
373,0.0,2933.8404152336334,0.0,0,2022-04-08,0.29338404152336334
374,0.0,2933.8404152336334,0.0,0,2022-04-09,0.29338404152336334
375,0.0,2933.8404152336334,0.0,0,2022-04-10,0.29338404152336334
376,0.0,2933.8404152336334,0.0,0,2022-04-11,0.29338404152336334
377,0.0,2933.8404152336334,0.0,0,2022-04-12,0.29338404152336334
378,0.0,2933.8404152336334,0.0,0,2022-04-13,0.29338404152336334
379,0.0,2933.8404152336334,0.0,0,2022-04-14,0.29338404152336334
380,0.0,2933.8404152336334,0.0,0,2022-04-15,0.29338404152336334
381,0.0,2933.8404152336334,0.0,0,2022-04-16,0.29338404152336334
382,0.0,2933.8404152336334,0.0,0,2022-04-17,0.29338404152336334
383,0.0,2933.8404152336334,0.0,0,2022-04-18,0.29338404152336334
384,0.0,2933.8404152336334,0.0,0,2022-04-19,0.29338404152336334
385,0.0,2933.8404152336334,0.0,0,2022-04-20,0.29338404152336334
386,0.0,2933.8404152336334,0.0,0,2022-04-21,0.29338404152336334
387,0.0,2933.8404152336334,0.0,0,2022-04-22,0.29338404152336334
388,0.0,2933.8404152336334,0.0,0,2022-04-23,0.29338404152336334
389,0.0,2933.8404152336334,0.0,0,2022-04-24,0.29338404152336334
390,0.0,2933.8404152336334,0.0,0,2022-04-25,0.29338404152336334
391,0.0,2933.8404152336334,0.0,0,2022-04-26,0.29338404152336334
392,0.0,2933.8404152336334,0.0,0,2022-04-27,0.29338404152336334
393,0.0,2933.8404152336334,0.0,0,2022-04-28,0.29338404152336334
394,0.0,2933.8404152336334,0.0,0,2022-04-29,0.29338404152336334
395,0.0,2933.8404152336334,0.0,0,2022-04-30,0.29338404152336334
396,0.0,2933.8404152336334,0.0,0,2022-05-01,0.29338404152336334
397,0.0,2933.8404152336334,0.0,0,2022-05-02,0.29338404152336334
398,0.0,2933.8404152336334,0.0,0,2022-05-03,0.29338404152336334
399,0.0,2933.8404152336334,0.0,0,2022-05-04,0.29338404152336334
400,0.0,2933.8404152336334,0.0,0,2022-05-05,0.29338404152336334
401,0.0,2933.8404152336334,0.0,0,2022-05-06,0.29338404152336334
402,0.0,2933.8404152336334,0.0,0,2022-05-07,0.29338404152336334
403,0.0,2933.8404152336334,0.0,0,2022-05-08,0.29338404152336334
404,0.0,2933.8404152336334,0.0,0,2022-05-09,0.29338404152336334
405,0.0,2933.8404152336334,0.0,0,2022-05-10,0.29338404152336334
406,0.0,2933.8404152336334,0.0,0,2022-05-11,0.29338404152336334
407,-0.34447454766265645,2933.8404152336334,10000.0,-1,2022-05-12,0.29338404152336334
408,0.0,3022.4736277139327,0.0,0,2022-05-13,0.30224736277139325
409,-0.3323726664972676,3022.4736277139327,10000.000000000002,-1,2022-05-14,0.30224736277139325
410,-0.3323726664972676,3022.4736277139327,10000.000000000002,-1,2022-05-15,0.30224736277139325
411,0.0,2951.768061075605,0.0,0,2022-05-16,0.29517680610756053
412,0.0,2951.768061075605,0.0,0,2022-05-17,0.29517680610756053
413,-0.3482465109220444,2951.768061075605,10000.0,-1,2022-05-18,0.29517680610756053
414,0.0,3510.3235638525202,0.0,0,2022-05-19,0.35103235638525204
415,0.0,3510.3235638525202,0.0,0,2022-05-20,0.35103235638525204
416,-0.33961588123814324,3510.3235638525202,10000.000000000002,-1,2022-05-21,0.35103235638525204
417,0.0,3798.616404824823,0.0,0,2022-05-22,0.3798616404824823
418,0.0,3798.616404824823,0.0,0,2022-05-23,0.3798616404824823
419,0.0,3798.616404824823,0.0,0,2022-05-24,0.3798616404824823
420,0.0,3798.616404824823,0.0,0,2022-05-25,0.3798616404824823
421,0.0,3798.616404824823,0.0,0,2022-05-26,0.3798616404824823
422,0.0,3798.616404824823,0.0,0,2022-05-27,0.3798616404824823
423,0.0,3798.616404824823,0.0,0,2022-05-28,0.3798616404824823
424,0.0,3798.616404824823,0.0,0,2022-05-29,0.3798616404824823
425,0.0,3798.616404824823,0.0,0,2022-05-30,0.3798616404824823
426,0.0,3798.616404824823,0.0,0,2022-05-31,0.3798616404824823
427,0.0,3798.616404824823,0.0,0,2022-06-01,0.3798616404824823
428,0.0,3798.616404824823,0.0,0,2022-06-02,0.3798616404824823
429,0.0,3798.616404824823,0.0,0,2022-06-03,0.3798616404824823
430,0.0,3798.616404824823,0.0,0,2022-06-04,0.3798616404824823
431,0.0,3798.616404824823,0.0,0,2022-06-05,0.3798616404824823
432,0.0,3798.616404824823,0.0,0,2022-06-06,0.3798616404824823
433,0.0,3798.616404824823,0.0,0,2022-06-07,0.3798616404824823
434,0.0,3798.616404824823,0.0,0,2022-06-08,0.3798616404824823
435,0.0,3798.616404824823,0.0,0,2022-06-09,0.3798616404824823
436,0.0,3798.616404824823,0.0,0,2022-06-10,0.3798616404824823
437,0.0,3798.616404824823,0.0,0,2022-06-11,0.3798616404824823
438,0.0,3798.616404824823,0.0,0,2022-06-12,0.3798616404824823
439,0.0,3798.616404824823,0.0,0,2022-06-13,0.3798616404824823
440,0.0,3798.616404824823,0.0,0,2022-06-14,0.3798616404824823
441,0.0,3798.616404824823,0.0,0,2022-06-15,0.3798616404824823
442,0.0,3798.616404824823,0.0,0,2022-06-16,0.3798616404824823
443,0.0,3798.616404824823,0.0,0,2022-06-17,0.3798616404824823
444,-0.5271267037382208,3798.616404824823,10000.000000000002,-1,2022-06-18,0.3798616404824823
445,0.0,4643.710362430171,0.0,0,2022-06-19,0.46437103624301707
446,0.0,4643.710362430171,0.0,0,2022-06-20,0.46437103624301707
447,0.0,4643.710362430171,0.0,0,2022-06-21,0.46437103624301707
448,0.0,4643.710362430171,0.0,0,2022-06-22,0.46437103624301707
449,0.0,4643.710362430171,0.0,0,2022-06-23,0.46437103624301707
450,0.0,4643.710362430171,0.0,0,2022-06-24,0.46437103624301707
451,0.0,4643.710362430171,0.0,0,2022-06-25,0.46437103624301707
452,0.0,4643.710362430171,0.0,0,2022-06-26,0.46437103624301707
453,0.0,4643.710362430171,0.0,0,2022-06-27,0.46437103624301707
454,0.0,4643.710362430171,0.0,0,2022-06-28,0.46437103624301707
455,0.0,4643.710362430171,0.0,0,2022-06-29,0.46437103624301707
456,0.0,4643.710362430171,0.0,0,2022-06-30,0.46437103624301707
457,0.0,4643.710362430171,0.0,0,2022-07-01,0.46437103624301707
458,0.0,4643.710362430171,0.0,0,2022-07-02,0.46437103624301707
459,0.0,4643.710362430171,0.0,0,2022-07-03,0.46437103624301707
460,0.0,4643.710362430171,0.0,0,2022-07-04,0.46437103624301707
461,0.0,4643.710362430171,0.0,0,2022-07-05,0.46437103624301707
462,0.0,4643.710362430171,0.0,0,2022-07-06,0.46437103624301707
463,0.0,4643.710362430171,0.0,0,2022-07-07,0.46437103624301707
464,0.0,4643.710362430171,0.0,0,2022-07-08,0.46437103624301707
465,0.0,4643.710362430171,0.0,0,2022-07-09,0.46437103624301707
466,0.0,4643.710362430171,0.0,0,2022-07-10,0.46437103624301707
467,0.0,4643.710362430171,0.0,0,2022-07-11,0.46437103624301707
468,0.0,4643.710362430171,0.0,0,2022-07-12,0.46437103624301707
469,0.0,4643.710362430171,0.0,0,2022-07-13,0.46437103624301707
470,0.0,4643.710362430171,0.0,0,2022-07-14,0.46437103624301707
471,0.0,4643.710362430171,0.0,0,2022-07-15,0.46437103624301707
472,0.0,4643.710362430171,0.0,0,2022-07-16,0.46437103624301707
473,0.0,4643.710362430171,0.0,0,2022-07-17,0.46437103624301707
474,0.0,4643.710362430171,0.0,0,2022-07-18,0.46437103624301707
475,0.0,4643.710362430171,0.0,0,2022-07-19,0.46437103624301707
476,0.0,4643.710362430171,0.0,0,2022-07-20,0.46437103624301707
477,0.0,4643.710362430171,0.0,0,2022-07-21,0.46437103624301707
478,0.0,4643.710362430171,0.0,0,2022-07-22,0.46437103624301707
479,0.0,4643.710362430171,0.0,0,2022-07-23,0.46437103624301707
480,0.0,4643.710362430171,0.0,0,2022-07-24,0.46437103624301707
481,0.0,4643.710362430171,0.0,0,2022-07-25,0.46437103624301707
482,0.0,4643.710362430171,0.0,0,2022-07-26,0.46437103624301707
483,0.0,4643.710362430171,0.0,0,2022-07-27,0.46437103624301707
484,0.0,4643.710362430171,0.0,0,2022-07-28,0.46437103624301707
485,0.0,4643.710362430171,0.0,0,2022-07-29,0.46437103624301707
486,0.0,4643.710362430171,0.0,0,2022-07-30,0.46437103624301707
487,0.0,4643.710362430171,0.0,0,2022-07-31,0.46437103624301707
488,0.0,4643.710362430171,0.0,0,2022-08-01,0.46437103624301707
489,0.0,4643.710362430171,0.0,0,2022-08-02,0.46437103624301707
490,0.0,4643.710362430171,0.0,0,2022-08-03,0.46437103624301707
491,0.0,4643.710362430171,0.0,0,2022-08-04,0.46437103624301707
492,0.0,4643.710362430171,0.0,0,2022-08-05,0.46437103624301707
493,0.0,4643.710362430171,0.0,0,2022-08-06,0.46437103624301707
494,0.0,4643.710362430171,0.0,0,2022-08-07,0.46437103624301707
495,0.0,4643.710362430171,0.0,0,2022-08-08,0.46437103624301707
496,0.0,4643.710362430171,0.0,0,2022-08-09,0.46437103624301707
497,0.0,4643.710362430171,0.0,0,2022-08-10,0.46437103624301707
498,0.0,4643.710362430171,0.0,0,2022-08-11,0.46437103624301707
499,0.0,4643.710362430171,0.0,0,2022-08-12,0.46437103624301707
500,0.0,4643.710362430171,0.0,0,2022-08-13,0.46437103624301707
501,0.0,4643.710362430171,0.0,0,2022-08-14,0.46437103624301707
502,0.0,4643.710362430171,0.0,0,2022-08-15,0.46437103624301707
503,0.0,4643.710362430171,0.0,0,2022-08-16,0.46437103624301707
504,0.0,4643.710362430171,0.0,0,2022-08-17,0.46437103624301707
505,0.0,4643.710362430171,0.0,0,2022-08-18,0.46437103624301707
506,0.0,4643.710362430171,0.0,0,2022-08-19,0.46437103624301707
507,0.0,4643.710362430171,0.0,0,2022-08-20,0.46437103624301707
508,0.0,4643.710362430171,0.0,0,2022-08-21,0.46437103624301707
509,0.0,4643.710362430171,0.0,0,2022-08-22,0.46437103624301707
510,0.0,4643.710362430171,0.0,0,2022-08-23,0.46437103624301707
511,0.0,4643.710362430171,0.0,0,2022-08-24,0.46437103624301707
512,0.0,4643.710362430171,0.0,0,2022-08-25,0.46437103624301707
513,0.0,4643.710362430171,0.0,0,2022-08-26,0.46437103624301707
514,0.0,4643.710362430171,0.0,0,2022-08-27,0.46437103624301707
515,0.0,4643.710362430171,0.0,0,2022-08-28,0.46437103624301707
516,0.0,4643.710362430171,0.0,0,2022-08-29,0.46437103624301707
517,0.0,4643.710362430171,0.0,0,2022-08-30,0.46437103624301707
518,0.0,4643.710362430171,0.0,0,2022-08-31,0.46437103624301707
519,0.0,4643.710362430171,0.0,0,2022-09-01,0.46437103624301707
520,0.0,4643.710362430171,0.0,0,2022-09-02,0.46437103624301707
521,0.0,4643.710362430171,0.0,0,2022-09-03,0.46437103624301707
522,0.0,4643.710362430171,0.0,0,2022-09-04,0.46437103624301707
523,0.0,4643.710362430171,0.0,0,2022-09-05,0.46437103624301707
524,0.0,4643.710362430171,0.0,0,2022-09-06,0.46437103624301707
525,0.0,4643.710362430171,0.0,0,2022-09-07,0.46437103624301707
526,0.0,4643.710362430171,0.0,0,2022-09-08,0.46437103624301707
527,0.0,4643.710362430171,0.0,0,2022-09-09,0.46437103624301707
528,0.0,4643.710362430171,0.0,0,2022-09-10,0.46437103624301707
529,0.0,4643.710362430171,0.0,0,2022-09-11,0.46437103624301707
530,0.0,4643.710362430171,0.0,0,2022-09-12,0.46437103624301707
531,0.0,4643.710362430171,0.0,0,2022-09-13,0.46437103624301707
532,0.0,4643.710362430171,0.0,0,2022-09-14,0.46437103624301707
533,0.0,4643.710362430171,0.0,0,2022-09-15,0.46437103624301707
534,0.0,4643.710362430171,0.0,0,2022-09-16,0.46437103624301707
535,0.0,4643.710362430171,0.0,0,2022-09-17,0.46437103624301707
536,0.0,4643.710362430171,0.0,0,2022-09-18,0.46437103624301707
537,0.0,4643.710362430171,0.0,0,2022-09-19,0.46437103624301707
538,0.0,4643.710362430171,0.0,0,2022-09-20,0.46437103624301707
539,0.0,4643.710362430171,0.0,0,2022-09-21,0.46437103624301707
540,0.0,4643.710362430171,0.0,0,2022-09-22,0.46437103624301707
541,0.0,4643.710362430171,0.0,0,2022-09-23,0.46437103624301707
542,0.0,4643.710362430171,0.0,0,2022-09-24,0.46437103624301707
543,0.0,4643.710362430171,0.0,0,2022-09-25,0.46437103624301707
544,0.0,4643.710362430171,0.0,0,2022-09-26,0.46437103624301707
545,0.0,4643.710362430171,0.0,0,2022-09-27,0.46437103624301707
546,0.0,4643.710362430171,0.0,0,2022-09-28,0.46437103624301707
547,0.0,4643.710362430171,0.0,0,2022-09-29,0.46437103624301707
548,0.0,4643.710362430171,0.0,0,2022-09-30,0.46437103624301707
549,0.0,4643.710362430171,0.0,0,2022-10-01,0.46437103624301707
550,0.0,4643.710362430171,0.0,0,2022-10-02,0.46437103624301707
551,0.0,4643.710362430171,0.0,0,2022-10-03,0.46437103624301707
552,0.0,4643.710362430171,0.0,0,2022-10-04,0.46437103624301707
553,0.0,4643.710362430171,0.0,0,2022-10-05,0.46437103624301707
554,0.0,4643.710362430171,0.0,0,2022-10-06,0.46437103624301707
555,0.0,4643.710362430171,0.0,0,2022-10-07,0.46437103624301707
556,0.0,4643.710362430171,0.0,0,2022-10-08,0.46437103624301707
557,0.0,4643.710362430171,0.0,0,2022-10-09,0.46437103624301707
558,0.0,4643.710362430171,0.0,0,2022-10-10,0.46437103624301707
559,0.0,4643.710362430171,0.0,0,2022-10-11,0.46437103624301707
560,0.0,4643.710362430171,0.0,0,2022-10-12,0.46437103624301707
561,0.0,4643.710362430171,0.0,0,2022-10-13,0.46437103624301707
562,0.0,4643.710362430171,0.0,0,2022-10-14,0.46437103624301707
563,0.0,4643.710362430171,0.0,0,2022-10-15,0.46437103624301707
564,0.0,4643.710362430171,0.0,0,2022-10-16,0.46437103624301707
565,0.0,4643.710362430171,0.0,0,2022-10-17,0.46437103624301707
566,0.0,4643.710362430171,0.0,0,2022-10-18,0.46437103624301707
567,0.0,4643.710362430171,0.0,0,2022-10-19,0.46437103624301707
568,0.0,4643.710362430171,0.0,0,2022-10-20,0.46437103624301707
569,0.0,4643.710362430171,0.0,0,2022-10-21,0.46437103624301707
570,0.0,4643.710362430171,0.0,0,2022-10-22,0.46437103624301707
571,0.0,4643.710362430171,0.0,0,2022-10-23,0.46437103624301707
572,0.0,4643.710362430171,0.0,0,2022-10-24,0.46437103624301707
573,0.0,4643.710362430171,0.0,0,2022-10-25,0.46437103624301707
574,0.0,4643.710362430171,0.0,0,2022-10-26,0.46437103624301707
575,0.0,4643.710362430171,0.0,0,2022-10-27,0.46437103624301707
576,0.0,4643.710362430171,0.0,0,2022-10-28,0.46437103624301707
577,0.0,4643.710362430171,0.0,0,2022-10-29,0.46437103624301707
578,0.0,4643.710362430171,0.0,0,2022-10-30,0.46437103624301707
579,0.0,4643.710362430171,0.0,0,2022-10-31,0.46437103624301707
580,0.0,4643.710362430171,0.0,0,2022-11-01,0.46437103624301707
581,0.0,4643.710362430171,0.0,0,2022-11-02,0.46437103624301707
582,0.0,4643.710362430171,0.0,0,2022-11-03,0.46437103624301707
583,0.0,4643.710362430171,0.0,0,2022-11-04,0.46437103624301707
584,0.0,4643.710362430171,0.0,0,2022-11-05,0.46437103624301707
585,0.0,4643.710362430171,0.0,0,2022-11-06,0.46437103624301707
586,0.0,4643.710362430171,0.0,0,2022-11-07,0.46437103624301707
587,0.0,4643.710362430171,0.0,0,2022-11-08,0.46437103624301707
588,0.0,4643.710362430171,0.0,0,2022-11-09,0.46437103624301707
589,-0.568145263236209,4643.710362430171,10000.0,-1,2022-11-10,0.46437103624301707
590,0.0,4342.116432488092,0.0,0,2022-11-11,0.4342116432488092
591,0.0,4342.116432488092,0.0,0,2022-11-12,0.4342116432488092
592,-0.6123761087829956,4342.116432488092,10000.000000000002,-1,2022-11-13,0.4342116432488092
593,0.0,4519.466500002489,0.0,0,2022-11-14,0.45194665000024886
594,0.0,4519.466500002489,0.0,0,2022-11-15,0.45194665000024886
595,0.0,4519.466500002489,0.0,0,2022-11-16,0.45194665000024886
596,0.0,4519.466500002489,0.0,0,2022-11-17,0.45194665000024886
597,0.0,4519.466500002489,0.0,0,2022-11-18,0.45194665000024886
598,0.0,4519.466500002489,0.0,0,2022-11-19,0.45194665000024886
599,0.0,4519.466500002489,0.0,0,2022-11-20,0.45194665000024886
600,0.0,4519.466500002489,0.0,0,2022-11-21,0.45194665000024886
601,0.0,4519.466500002489,0.0,0,2022-11-22,0.45194665000024886
602,0.0,4519.466500002489,0.0,0,2022-11-23,0.45194665000024886
603,0.0,4519.466500002489,0.0,0,2022-11-24,0.45194665000024886
604,0.0,4519.466500002489,0.0,0,2022-11-25,0.45194665000024886
605,0.0,4519.466500002489,0.0,0,2022-11-26,0.45194665000024886
606,0.0,4519.466500002489,0.0,0,2022-11-27,0.45194665000024886
607,0.0,4519.466500002489,0.0,0,2022-11-28,0.45194665000024886
608,0.0,4519.466500002489,0.0,0,2022-11-29,0.45194665000024886
609,0.0,4519.466500002489,0.0,0,2022-11-30,0.45194665000024886
610,0.0,4519.466500002489,0.0,0,2022-12-01,0.45194665000024886
611,0.0,4519.466500002489,0.0,0,2022-12-02,0.45194665000024886
612,0.0,4519.466500002489,0.0,0,2022-12-03,0.45194665000024886
613,0.0,4519.466500002489,0.0,0,2022-12-04,0.45194665000024886
614,0.0,4519.466500002489,0.0,0,2022-12-05,0.45194665000024886
615,0.0,4519.466500002489,0.0,0,2022-12-06,0.45194665000024886
616,0.0,4519.466500002489,0.0,0,2022-12-07,0.45194665000024886
617,0.0,4519.466500002489,0.0,0,2022-12-08,0.45194665000024886
618,0.0,4519.466500002489,0.0,0,2022-12-09,0.45194665000024886
619,0.0,4519.466500002489,0.0,0,2022-12-10,0.45194665000024886
620,0.0,4519.466500002489,0.0,0,2022-12-11,0.45194665000024886
621,0.0,4519.466500002489,0.0,0,2022-12-12,0.45194665000024886
622,0.0,4519.466500002489,0.0,0,2022-12-13,0.45194665000024886
623,0.0,4519.466500002489,0.0,0,2022-12-14,0.45194665000024886
624,0.0,4519.466500002489,0.0,0,2022-12-15,0.45194665000024886
625,0.0,4519.466500002489,0.0,0,2022-12-16,0.45194665000024886
626,0.0,4519.466500002489,0.0,0,2022-12-17,0.45194665000024886
627,0.0,4519.466500002489,0.0,0,2022-12-18,0.45194665000024886
628,0.0,4519.466500002489,0.0,0,2022-12-19,0.45194665000024886
629,0.0,4519.466500002489,0.0,0,2022-12-20,0.45194665000024886
630,0.0,4519.466500002489,0.0,0,2022-12-21,0.45194665000024886
631,0.0,4519.466500002489,0.0,0,2022-12-22,0.45194665000024886
632,0.0,4519.466500002489,0.0,0,2022-12-23,0.45194665000024886
633,0.0,4519.466500002489,0.0,0,2022-12-24,0.45194665000024886
634,0.0,4519.466500002489,0.0,0,2022-12-25,0.45194665000024886
635,0.0,4519.466500002489,0.0,0,2022-12-26,0.45194665000024886
636,0.0,4519.466500002489,0.0,0,2022-12-27,0.45194665000024886
637,0.0,4519.466500002489,0.0,0,2022-12-28,0.45194665000024886
638,0.0,4519.466500002489,0.0,0,2022-12-29,0.45194665000024886
639,0.0,4519.466500002489,0.0,0,2022-12-30,0.45194665000024886
640,0.0,4519.466500002489,0.0,0,2022-12-31,0.45194665000024886
641,0.0,4519.466500002489,0.0,0,2023-01-01,0.45194665000024886
642,0.0,4519.466500002489,0.0,0,2023-01-02,0.45194665000024886
643,0.0,4519.466500002489,0.0,0,2023-01-03,0.45194665000024886
644,0.0,4519.466500002489,0.0,0,2023-01-04,0.45194665000024886
645,0.0,4519.466500002489,0.0,0,2023-01-05,0.45194665000024886
646,0.0,4519.466500002489,0.0,0,2023-01-06,0.45194665000024886
647,0.0,4519.466500002489,0.0,0,2023-01-07,0.45194665000024886
648,0.0,4519.466500002489,0.0,0,2023-01-08,0.45194665000024886
649,0.0,4519.466500002489,0.0,0,2023-01-09,0.45194665000024886
650,0.0,4519.466500002489,0.0,0,2023-01-10,0.45194665000024886
651,0.0,4519.466500002489,0.0,0,2023-01-11,0.45194665000024886
652,0.0,4519.466500002489,0.0,0,2023-01-12,0.45194665000024886
653,0.0,4519.466500002489,0.0,0,2023-01-13,0.45194665000024886
654,0.0,4519.466500002489,0.0,0,2023-01-14,0.45194665000024886
655,0.0,4519.466500002489,0.0,0,2023-01-15,0.45194665000024886
656,0.0,4519.466500002489,0.0,0,2023-01-16,0.45194665000024886
657,0.0,4519.466500002489,0.0,0,2023-01-17,0.45194665000024886
658,0.0,4519.466500002489,0.0,0,2023-01-18,0.45194665000024886
659,0.0,4519.466500002489,0.0,0,2023-01-19,0.45194665000024886
660,0.0,4519.466500002489,0.0,0,2023-01-20,0.45194665000024886
661,0.0,4519.466500002489,0.0,0,2023-01-21,0.45194665000024886
662,0.0,4519.466500002489,0.0,0,2023-01-22,0.45194665000024886
663,0.0,4519.466500002489,0.0,0,2023-01-23,0.45194665000024886
664,0.0,4519.466500002489,0.0,0,2023-01-24,0.45194665000024886
665,0.0,4519.466500002489,0.0,0,2023-01-25,0.45194665000024886
666,0.0,4519.466500002489,0.0,0,2023-01-26,0.45194665000024886
667,0.0,4519.466500002489,0.0,0,2023-01-27,0.45194665000024886
668,0.0,4519.466500002489,0.0,0,2023-01-28,0.45194665000024886
669,0.0,4519.466500002489,0.0,0,2023-01-29,0.45194665000024886
670,0.0,4519.466500002489,0.0,0,2023-01-30,0.45194665000024886
671,0.0,4519.466500002489,0.0,0,2023-01-31,0.45194665000024886
672,0.0,4519.466500002489,0.0,0,2023-02-01,0.45194665000024886
673,0.0,4519.466500002489,0.0,0,2023-02-02,0.45194665000024886
674,0.0,4519.466500002489,0.0,0,2023-02-03,0.45194665000024886
675,0.0,4519.466500002489,0.0,0,2023-02-04,0.45194665000024886
676,0.0,4519.466500002489,0.0,0,2023-02-05,0.45194665000024886
677,0.0,4519.466500002489,0.0,0,2023-02-06,0.45194665000024886
678,0.0,4519.466500002489,0.0,0,2023-02-07,0.45194665000024886
679,0.0,4519.466500002489,0.0,0,2023-02-08,0.45194665000024886
680,0.0,4519.466500002489,0.0,0,2023-02-09,0.45194665000024886
681,0.0,4519.466500002489,0.0,0,2023-02-10,0.45194665000024886
682,0.0,4519.466500002489,0.0,0,2023-02-11,0.45194665000024886
683,0.0,4519.466500002489,0.0,0,2023-02-12,0.45194665000024886
684,0.0,4519.466500002489,0.0,0,2023-02-13,0.45194665000024886
685,0.44955413913118036,4519.466500002489,10000.000000000002,1,2023-02-14,0.45194665000024886
686,0.0,5432.584838197767,0.0,0,2023-02-15,0.5432584838197767
687,0.0,5432.584838197767,0.0,0,2023-02-16,0.5432584838197767
688,0.0,5432.584838197767,0.0,0,2023-02-17,0.5432584838197767
689,0.0,5432.584838197767,0.0,0,2023-02-18,0.5432584838197767
690,0.0,5432.584838197767,0.0,0,2023-02-19,0.5432584838197767
691,0.0,5432.584838197767,0.0,0,2023-02-20,0.5432584838197767
692,0.0,5432.584838197767,0.0,0,2023-02-21,0.5432584838197767
693,0.0,5432.584838197767,0.0,0,2023-02-22,0.5432584838197767
694,0.0,5432.584838197767,0.0,0,2023-02-23,0.5432584838197767
695,0.0,5432.584838197767,0.0,0,2023-02-24,0.5432584838197767
696,0.0,5432.584838197767,0.0,0,2023-02-25,0.5432584838197767
697,0.0,5432.584838197767,0.0,0,2023-02-26,0.5432584838197767
698,0.0,5432.584838197767,0.0,0,2023-02-27,0.5432584838197767
699,0.0,5432.584838197767,0.0,0,2023-02-28,0.5432584838197767
700,0.0,5432.584838197767,0.0,0,2023-03-01,0.5432584838197767
701,0.0,5432.584838197767,0.0,0,2023-03-02,0.5432584838197767
702,0.0,5432.584838197767,0.0,0,2023-03-03,0.5432584838197767
703,0.0,5432.584838197767,0.0,0,2023-03-04,0.5432584838197767
704,0.0,5432.584838197767,0.0,0,2023-03-05,0.5432584838197767
705,0.0,5432.584838197767,0.0,0,2023-03-06,0.5432584838197767
706,0.0,5432.584838197767,0.0,0,2023-03-07,0.5432584838197767
707,0.0,5432.584838197767,0.0,0,2023-03-08,0.5432584838197767
708,0.0,5432.584838197767,0.0,0,2023-03-09,0.5432584838197767
709,0.0,5432.584838197767,0.0,0,2023-03-10,0.5432584838197767
710,0.0,5432.584838197767,0.0,0,2023-03-11,0.5432584838197767
711,0.0,5432.584838197767,0.0,0,2023-03-12,0.5432584838197767
712,0.4138776302736039,5432.584838197767,10000.0,1,2023-03-13,0.5432584838197767
713,0.0,5622.704815749459,0.0,0,2023-03-14,0.562270481574946
714,0.0,5622.704815749459,0.0,0,2023-03-15,0.562270481574946
715,0.3992206803711998,5622.704815749459,10000.0,1,2023-03-16,0.562270481574946
716,0.3992206803711998,5622.704815749459,10000.0,1,2023-03-17,0.562270481574946
717,0.3992206803711998,5622.704815749459,10000.0,1,2023-03-18,0.562270481574946
718,0.0,6767.729480046104,0.0,0,2023-03-19,0.6767729480046104
719,0.0,6767.729480046104,0.0,0,2023-03-20,0.6767729480046104
720,0.3550920856349295,6767.729480046104,10000.000000000002,1,2023-03-21,0.6767729480046104
721,0.0,6424.98972197902,0.0,0,2023-03-22,0.642498972197902
722,0.0,6424.98972197902,0.0,0,2023-03-23,0.642498972197902
723,0.0,6424.98972197902,0.0,0,2023-03-24,0.642498972197902
724,0.0,6424.98972197902,0.0,0,2023-03-25,0.642498972197902
725,0.0,6424.98972197902,0.0,0,2023-03-26,0.642498972197902
726,0.0,6424.98972197902,0.0,0,2023-03-27,0.642498972197902
727,0.0,6424.98972197902,0.0,0,2023-03-28,0.642498972197902
728,0.0,6424.98972197902,0.0,0,2023-03-29,0.642498972197902
729,0.0,6424.98972197902,0.0,0,2023-03-30,0.642498972197902
730,0.0,6424.98972197902,0.0,0,2023-03-31,0.642498972197902
731,0.0,6424.98972197902,0.0,0,2023-04-01,0.642498972197902
732,0.0,6424.98972197902,0.0,0,2023-04-02,0.642498972197902
733,0.0,6424.98972197902,0.0,0,2023-04-03,0.642498972197902
734,0.0,6424.98972197902,0.0,0,2023-04-04,0.642498972197902
735,0.0,6424.98972197902,0.0,0,2023-04-05,0.642498972197902
736,0.0,6424.98972197902,0.0,0,2023-04-06,0.642498972197902
737,0.0,6424.98972197902,0.0,0,2023-04-07,0.642498972197902
738,0.0,6424.98972197902,0.0,0,2023-04-08,0.642498972197902
739,0.0,6424.98972197902,0.0,0,2023-04-09,0.642498972197902
740,0.0,6424.98972197902,0.0,0,2023-04-10,0.642498972197902
741,0.0,6424.98972197902,0.0,0,2023-04-11,0.642498972197902
742,0.0,6424.98972197902,0.0,0,2023-04-12,0.642498972197902
743,0.0,6424.98972197902,0.0,0,2023-04-13,0.642498972197902
744,0.0,6424.98972197902,0.0,0,2023-04-14,0.642498972197902
745,0.0,6424.98972197902,0.0,0,2023-04-15,0.642498972197902
746,0.0,6424.98972197902,0.0,0,2023-04-16,0.642498972197902
747,0.0,6424.98972197902,0.0,0,2023-04-17,0.642498972197902
748,0.0,6424.98972197902,0.0,0,2023-04-18,0.642498972197902
749,0.0,6424.98972197902,0.0,0,2023-04-19,0.642498972197902
750,0.0,6424.98972197902,0.0,0,2023-04-20,0.642498972197902
751,0.0,6424.98972197902,0.0,0,2023-04-21,0.642498972197902
752,0.0,6424.98972197902,0.0,0,2023-04-22,0.642498972197902
753,0.36171848238349086,6424.98972197902,10000.0,1,2023-04-23,0.642498972197902
754,0.0,6356.309098052203,0.0,0,2023-04-24,0.6356309098052203
755,0.0,6356.309098052203,0.0,0,2023-04-25,0.6356309098052203
756,0.0,6356.309098052203,0.0,0,2023-04-26,0.6356309098052203
757,0.0,6356.309098052203,0.0,0,2023-04-27,0.6356309098052203
758,0.0,6356.309098052203,0.0,0,2023-04-28,0.6356309098052203
759,0.0,6356.309098052203,0.0,0,2023-04-29,0.6356309098052203
760,0.0,6356.309098052203,0.0,0,2023-04-30,0.6356309098052203
761,0.0,6356.309098052203,0.0,0,2023-05-01,0.6356309098052203
762,0.0,6356.309098052203,0.0,0,2023-05-02,0.6356309098052203
763,0.0,6356.309098052203,0.0,0,2023-05-03,0.6356309098052203
764,0.0,6356.309098052203,0.0,0,2023-05-04,0.6356309098052203
765,0.0,6356.309098052203,0.0,0,2023-05-05,0.6356309098052203
766,0.0,6356.309098052203,0.0,0,2023-05-06,0.6356309098052203
767,0.0,6356.309098052203,0.0,0,2023-05-07,0.6356309098052203
768,0.0,6356.309098052203,0.0,0,2023-05-08,0.6356309098052203
769,0.0,6356.309098052203,0.0,0,2023-05-09,0.6356309098052203
770,0.0,6356.309098052203,0.0,0,2023-05-10,0.6356309098052203
771,0.0,6356.309098052203,0.0,0,2023-05-11,0.6356309098052203
772,0.0,6356.309098052203,0.0,0,2023-05-12,0.6356309098052203
773,0.0,6356.309098052203,0.0,0,2023-05-13,0.6356309098052203
774,0.0,6356.309098052203,0.0,0,2023-05-14,0.6356309098052203
775,0.0,6356.309098052203,0.0,0,2023-05-15,0.6356309098052203
776,0.0,6356.309098052203,0.0,0,2023-05-16,0.6356309098052203
777,0.0,6356.309098052203,0.0,0,2023-05-17,0.6356309098052203
778,0.0,6356.309098052203,0.0,0,2023-05-18,0.6356309098052203
779,0.0,6356.309098052203,0.0,0,2023-05-19,0.6356309098052203
780,0.0,6356.309098052203,0.0,0,2023-05-20,0.6356309098052203
781,0.0,6356.309098052203,0.0,0,2023-05-21,0.6356309098052203
782,0.0,6356.309098052203,0.0,0,2023-05-22,0.6356309098052203
783,0.0,6356.309098052203,0.0,0,2023-05-23,0.6356309098052203
784,0.0,6356.309098052203,0.0,0,2023-05-24,0.6356309098052203
785,0.0,6356.309098052203,0.0,0,2023-05-25,0.6356309098052203
786,0.0,6356.309098052203,0.0,0,2023-05-26,0.6356309098052203
787,0.0,6356.309098052203,0.0,0,2023-05-27,0.6356309098052203
788,0.0,6356.309098052203,0.0,0,2023-05-28,0.6356309098052203
789,0.0,6356.309098052203,0.0,0,2023-05-29,0.6356309098052203
790,0.0,6356.309098052203,0.0,0,2023-05-30,0.6356309098052203
791,0.0,6356.309098052203,0.0,0,2023-05-31,0.6356309098052203
792,0.0,6356.309098052203,0.0,0,2023-06-01,0.6356309098052203
793,0.0,6356.309098052203,0.0,0,2023-06-02,0.6356309098052203
794,0.0,6356.309098052203,0.0,0,2023-06-03,0.6356309098052203
795,0.0,6356.309098052203,0.0,0,2023-06-04,0.6356309098052203
796,0.0,6356.309098052203,0.0,0,2023-06-05,0.6356309098052203
797,0.0,6356.309098052203,0.0,0,2023-06-06,0.6356309098052203
798,0.0,6356.309098052203,0.0,0,2023-06-07,0.6356309098052203
799,0.0,6356.309098052203,0.0,0,2023-06-08,0.6356309098052203
800,0.0,6356.309098052203,0.0,0,2023-06-09,0.6356309098052203
801,0.0,6356.309098052203,0.0,0,2023-06-10,0.6356309098052203
802,0.0,6356.309098052203,0.0,0,2023-06-11,0.6356309098052203
803,0.0,6356.309098052203,0.0,0,2023-06-12,0.6356309098052203
804,0.0,6356.309098052203,0.0,0,2023-06-13,0.6356309098052203
805,0.0,6356.309098052203,0.0,0,2023-06-14,0.6356309098052203
806,0.0,6356.309098052203,0.0,0,2023-06-15,0.6356309098052203
807,0.0,6356.309098052203,0.0,0,2023-06-16,0.6356309098052203
808,0.0,6356.309098052203,0.0,0,2023-06-17,0.6356309098052203
809,0.0,6356.309098052203,0.0,0,2023-06-18,0.6356309098052203
810,0.0,6356.309098052203,0.0,0,2023-06-19,0.6356309098052203
811,0.0,6356.309098052203,0.0,0,2023-06-20,0.6356309098052203
812,0.0,6356.309098052203,0.0,0,2023-06-21,0.6356309098052203
813,0.0,6356.309098052203,0.0,0,2023-06-22,0.6356309098052203
814,0.0,6356.309098052203,0.0,0,2023-06-23,0.6356309098052203
815,0.0,6356.309098052203,0.0,0,2023-06-24,0.6356309098052203
816,0.0,6356.309098052203,0.0,0,2023-06-25,0.6356309098052203
817,0.0,6356.309098052203,0.0,0,2023-06-26,0.6356309098052203
818,0.0,6356.309098052203,0.0,0,2023-06-27,0.6356309098052203
819,0.0,6356.309098052203,0.0,0,2023-06-28,0.6356309098052203
820,0.0,6356.309098052203,0.0,0,2023-06-29,0.6356309098052203
821,0.0,6356.309098052203,0.0,0,2023-06-30,0.6356309098052203
822,0.0,6356.309098052203,0.0,0,2023-07-01,0.6356309098052203
823,0.0,6356.309098052203,0.0,0,2023-07-02,0.6356309098052203
824,0.0,6356.309098052203,0.0,0,2023-07-03,0.6356309098052203
825,0.0,6356.309098052203,0.0,0,2023-07-04,0.6356309098052203
826,0.0,6356.309098052203,0.0,0,2023-07-05,0.6356309098052203
827,0.0,6356.309098052203,0.0,0,2023-07-06,0.6356309098052203
828,0.0,6356.309098052203,0.0,0,2023-07-07,0.6356309098052203
829,0.0,6356.309098052203,0.0,0,2023-07-08,0.6356309098052203
830,0.0,6356.309098052203,0.0,0,2023-07-09,0.6356309098052203
831,0.0,6356.309098052203,0.0,0,2023-07-10,0.6356309098052203
832,0.0,6356.309098052203,0.0,0,2023-07-11,0.6356309098052203
833,0.0,6356.309098052203,0.0,0,2023-07-12,0.6356309098052203
834,0.0,6356.309098052203,0.0,0,2023-07-13,0.6356309098052203
835,0.0,6356.309098052203,0.0,0,2023-07-14,0.6356309098052203
836,0.0,6356.309098052203,0.0,0,2023-07-15,0.6356309098052203
837,0.0,6356.309098052203,0.0,0,2023-07-16,0.6356309098052203
838,0.0,6356.309098052203,0.0,0,2023-07-17,0.6356309098052203
839,0.0,6356.309098052203,0.0,0,2023-07-18,0.6356309098052203
840,0.0,6356.309098052203,0.0,0,2023-07-19,0.6356309098052203
841,0.0,6356.309098052203,0.0,0,2023-07-20,0.6356309098052203
842,0.0,6356.309098052203,0.0,0,2023-07-21,0.6356309098052203
843,0.0,6356.309098052203,0.0,0,2023-07-22,0.6356309098052203
844,0.0,6356.309098052203,0.0,0,2023-07-23,0.6356309098052203
845,0.0,6356.309098052203,0.0,0,2023-07-24,0.6356309098052203
846,0.0,6356.309098052203,0.0,0,2023-07-25,0.6356309098052203
847,0.0,6356.309098052203,0.0,0,2023-07-26,0.6356309098052203
848,0.0,6356.309098052203,0.0,0,2023-07-27,0.6356309098052203
849,0.0,6356.309098052203,0.0,0,2023-07-28,0.6356309098052203
850,0.0,6356.309098052203,0.0,0,2023-07-29,0.6356309098052203
851,0.0,6356.309098052203,0.0,0,2023-07-30,0.6356309098052203
852,0.0,6356.309098052203,0.0,0,2023-07-31,0.6356309098052203
853,0.0,6356.309098052203,0.0,0,2023-08-01,0.6356309098052203
854,0.0,6356.309098052203,0.0,0,2023-08-02,0.6356309098052203
855,0.0,6356.309098052203,0.0,0,2023-08-03,0.6356309098052203
856,0.0,6356.309098052203,0.0,0,2023-08-04,0.6356309098052203
857,0.0,6356.309098052203,0.0,0,2023-08-05,0.6356309098052203
858,0.0,6356.309098052203,0.0,0,2023-08-06,0.6356309098052203
859,0.0,6356.309098052203,0.0,0,2023-08-07,0.6356309098052203
860,0.0,6356.309098052203,0.0,0,2023-08-08,0.6356309098052203
861,0.0,6356.309098052203,0.0,0,2023-08-09,0.6356309098052203
862,0.0,6356.309098052203,0.0,0,2023-08-10,0.6356309098052203
863,0.0,6356.309098052203,0.0,0,2023-08-11,0.6356309098052203
864,0.0,6356.309098052203,0.0,0,2023-08-12,0.6356309098052203
865,0.0,6356.309098052203,0.0,0,2023-08-13,0.6356309098052203
866,0.0,6356.309098052203,0.0,0,2023-08-14,0.6356309098052203
867,0.0,6356.309098052203,0.0,0,2023-08-15,0.6356309098052203
868,0.0,6356.309098052203,0.0,0,2023-08-16,0.6356309098052203
869,0.0,6356.309098052203,0.0,0,2023-08-17,0.6356309098052203
870,0.0,6356.309098052203,0.0,0,2023-08-18,0.6356309098052203
871,0.0,6356.309098052203,0.0,0,2023-08-19,0.6356309098052203
872,0.0,6356.309098052203,0.0,0,2023-08-20,0.6356309098052203
873,0.0,6356.309098052203,0.0,0,2023-08-21,0.6356309098052203
874,0.0,6356.309098052203,0.0,0,2023-08-22,0.6356309098052203
875,0.0,6356.309098052203,0.0,0,2023-08-23,0.6356309098052203
876,0.0,6356.309098052203,0.0,0,2023-08-24,0.6356309098052203
877,0.0,6356.309098052203,0.0,0,2023-08-25,0.6356309098052203
878,0.0,6356.309098052203,0.0,0,2023-08-26,0.6356309098052203
879,0.0,6356.309098052203,0.0,0,2023-08-27,0.6356309098052203
880,0.0,6356.309098052203,0.0,0,2023-08-28,0.6356309098052203
881,0.0,6356.309098052203,0.0,0,2023-08-29,0.6356309098052203
882,0.0,6356.309098052203,0.0,0,2023-08-30,0.6356309098052203
883,0.0,6356.309098052203,0.0,0,2023-08-31,0.6356309098052203
884,0.0,6356.309098052203,0.0,0,2023-09-01,0.6356309098052203
885,0.0,6356.309098052203,0.0,0,2023-09-02,0.6356309098052203
886,0.0,6356.309098052203,0.0,0,2023-09-03,0.6356309098052203
887,0.0,6356.309098052203,0.0,0,2023-09-04,0.6356309098052203
888,0.0,6356.309098052203,0.0,0,2023-09-05,0.6356309098052203
889,0.0,6356.309098052203,0.0,0,2023-09-06,0.6356309098052203
890,0.0,6356.309098052203,0.0,0,2023-09-07,0.6356309098052203
891,0.0,6356.309098052203,0.0,0,2023-09-08,0.6356309098052203
892,0.0,6356.309098052203,0.0,0,2023-09-09,0.6356309098052203
893,0.0,6356.309098052203,0.0,0,2023-09-10,0.6356309098052203
894,0.0,6356.309098052203,0.0,0,2023-09-11,0.6356309098052203
895,0.0,6356.309098052203,0.0,0,2023-09-12,0.6356309098052203
896,0.0,6356.309098052203,0.0,0,2023-09-13,0.6356309098052203
897,0.0,6356.309098052203,0.0,0,2023-09-14,0.6356309098052203
898,0.0,6356.309098052203,0.0,0,2023-09-15,0.6356309098052203
899,0.0,6356.309098052203,0.0,0,2023-09-16,0.6356309098052203
900,0.0,6356.309098052203,0.0,0,2023-09-17,0.6356309098052203
901,0.0,6356.309098052203,0.0,0,2023-09-18,0.6356309098052203
902,0.0,6356.309098052203,0.0,0,2023-09-19,0.6356309098052203
903,0.0,6356.309098052203,0.0,0,2023-09-20,0.6356309098052203
904,0.0,6356.309098052203,0.0,0,2023-09-21,0.6356309098052203
905,0.0,6356.309098052203,0.0,0,2023-09-22,0.6356309098052203
906,0.0,6356.309098052203,0.0,0,2023-09-23,0.6356309098052203
907,0.0,6356.309098052203,0.0,0,2023-09-24,0.6356309098052203
908,0.0,6356.309098052203,0.0,0,2023-09-25,0.6356309098052203
909,0.0,6356.309098052203,0.0,0,2023-09-26,0.6356309098052203
910,0.0,6356.309098052203,0.0,0,2023-09-27,0.6356309098052203
911,0.0,6356.309098052203,0.0,0,2023-09-28,0.6356309098052203
912,0.0,6356.309098052203,0.0,0,2023-09-29,0.6356309098052203
913,0.0,6356.309098052203,0.0,0,2023-09-30,0.6356309098052203
914,0.0,6356.309098052203,0.0,0,2023-10-01,0.6356309098052203
915,0.0,6356.309098052203,0.0,0,2023-10-02,0.6356309098052203
916,0.0,6356.309098052203,0.0,0,2023-10-03,0.6356309098052203
917,0.0,6356.309098052203,0.0,0,2023-10-04,0.6356309098052203
918,0.0,6356.309098052203,0.0,0,2023-10-05,0.6356309098052203
919,0.0,6356.309098052203,0.0,0,2023-10-06,0.6356309098052203
920,0.0,6356.309098052203,0.0,0,2023-10-07,0.6356309098052203
921,0.0,6356.309098052203,0.0,0,2023-10-08,0.6356309098052203
922,0.0,6356.309098052203,0.0,0,2023-10-09,0.6356309098052203
923,0.0,6356.309098052203,0.0,0,2023-10-10,0.6356309098052203
924,0.0,6356.309098052203,0.0,0,2023-10-11,0.6356309098052203
925,0.0,6356.309098052203,0.0,0,2023-10-12,0.6356309098052203
926,0.0,6356.309098052203,0.0,0,2023-10-13,0.6356309098052203
927,0.0,6356.309098052203,0.0,0,2023-10-14,0.6356309098052203
928,0.0,6356.309098052203,0.0,0,2023-10-15,0.6356309098052203
929,0.0,6356.309098052203,0.0,0,2023-10-16,0.6356309098052203
930,0.0,6356.309098052203,0.0,0,2023-10-17,0.6356309098052203
931,0.0,6356.309098052203,0.0,0,2023-10-18,0.6356309098052203
932,0.0,6356.309098052203,0.0,0,2023-10-19,0.6356309098052203
933,0.0,6356.309098052203,0.0,0,2023-10-20,0.6356309098052203
934,0.0,6356.309098052203,0.0,0,2023-10-21,0.6356309098052203
935,0.0,6356.309098052203,0.0,0,2023-10-22,0.6356309098052203
936,0.0,6356.309098052203,0.0,0,2023-10-23,0.6356309098052203
937,0.0,6356.309098052203,0.0,0,2023-10-24,0.6356309098052203
938,0.0,6356.309098052203,0.0,0,2023-10-25,0.6356309098052203
939,0.0,6356.309098052203,0.0,0,2023-10-26,0.6356309098052203
940,0.0,6356.309098052203,0.0,0,2023-10-27,0.6356309098052203
941,0.0,6356.309098052203,0.0,0,2023-10-28,0.6356309098052203
942,0.0,6356.309098052203,0.0,0,2023-10-29,0.6356309098052203
943,0.0,6356.309098052203,0.0,0,2023-10-30,0.6356309098052203
944,0.0,6356.309098052203,0.0,0,2023-10-31,0.6356309098052203
945,0.0,6356.309098052203,0.0,0,2023-11-01,0.6356309098052203
946,0.0,6356.309098052203,0.0,0,2023-11-02,0.6356309098052203
947,0.0,6356.309098052203,0.0,0,2023-11-03,0.6356309098052203
948,0.0,6356.309098052203,0.0,0,2023-11-04,0.6356309098052203
949,0.0,6356.309098052203,0.0,0,2023-11-05,0.6356309098052203
950,0.0,6356.309098052203,0.0,0,2023-11-06,0.6356309098052203
951,0.0,6356.309098052203,0.0,0,2023-11-07,0.6356309098052203
952,0.0,6356.309098052203,0.0,0,2023-11-08,0.6356309098052203
953,0.0,6356.309098052203,0.0,0,2023-11-09,0.6356309098052203
954,0.0,6356.309098052203,0.0,0,2023-11-10,0.6356309098052203
955,0.0,6356.309098052203,0.0,0,2023-11-11,0.6356309098052203
956,0.0,6356.309098052203,0.0,0,2023-11-12,0.6356309098052203
957,0.0,6356.309098052203,0.0,0,2023-11-13,0.6356309098052203
958,0.0,6356.309098052203,0.0,0,2023-11-14,0.6356309098052203
959,0.0,6356.309098052203,0.0,0,2023-11-15,0.6356309098052203
960,0.0,6356.309098052203,0.0,0,2023-11-16,0.6356309098052203
961,0.0,6356.309098052203,0.0,0,2023-11-17,0.6356309098052203
962,0.0,6356.309098052203,0.0,0,2023-11-18,0.6356309098052203
963,0.0,6356.309098052203,0.0,0,2023-11-19,0.6356309098052203
964,0.0,6356.309098052203,0.0,0,2023-11-20,0.6356309098052203
965,0.0,6356.309098052203,0.0,0,2023-11-21,0.6356309098052203
966,0.0,6356.309098052203,0.0,0,2023-11-22,0.6356309098052203
967,0.0,6356.309098052203,0.0,0,2023-11-23,0.6356309098052203
968,0.0,6356.309098052203,0.0,0,2023-11-24,0.6356309098052203
969,0.0,6356.309098052203,0.0,0,2023-11-25,0.6356309098052203
970,0.0,6356.309098052203,0.0,0,2023-11-26,0.6356309098052203
971,0.0,6356.309098052203,0.0,0,2023-11-27,0.6356309098052203
972,0.0,6356.309098052203,0.0,0,2023-11-28,0.6356309098052203
973,0.0,6356.309098052203,0.0,0,2023-11-29,0.6356309098052203
974,0.0,6356.309098052203,0.0,0,2023-11-30,0.6356309098052203
975,0.0,6356.309098052203,0.0,0,2023-12-01,0.6356309098052203
976,0.0,6356.309098052203,0.0,0,2023-12-02,0.6356309098052203
977,0.0,6356.309098052203,0.0,0,2023-12-03,0.6356309098052203
978,0.0,6356.309098052203,0.0,0,2023-12-04,0.6356309098052203
979,0.0,6356.309098052203,0.0,0,2023-12-05,0.6356309098052203
980,0.0,6356.309098052203,0.0,0,2023-12-06,0.6356309098052203
981,0.0,6356.309098052203,0.0,0,2023-12-07,0.6356309098052203
982,0.0,6356.309098052203,0.0,0,2023-12-08,0.6356309098052203
983,0.0,6356.309098052203,0.0,0,2023-12-09,0.6356309098052203
984,0.0,6356.309098052203,0.0,0,2023-12-10,0.6356309098052203
985,0.0,6356.309098052203,0.0,0,2023-12-11,0.6356309098052203
986,0.0,6356.309098052203,0.0,0,2023-12-12,0.6356309098052203
987,0.0,6356.309098052203,0.0,0,2023-12-13,0.6356309098052203
988,0.0,6356.309098052203,0.0,0,2023-12-14,0.6356309098052203
989,0.0,6356.309098052203,0.0,0,2023-12-15,0.6356309098052203
990,0.0,6356.309098052203,0.0,0,2023-12-16,0.6356309098052203
991,0.0,6356.309098052203,0.0,0,2023-12-17,0.6356309098052203
992,0.0,6356.309098052203,0.0,0,2023-12-18,0.6356309098052203
993,0.0,6356.309098052203,0.0,0,2023-12-19,0.6356309098052203
994,0.0,6356.309098052203,0.0,0,2023-12-20,0.6356309098052203
995,0.0,6356.309098052203,0.0,0,2023-12-21,0.6356309098052203
996,0.0,6356.309098052203,0.0,0,2023-12-22,0.6356309098052203
997,0.0,6356.309098052203,0.0,0,2023-12-23,0.6356309098052203
998,0.0,6356.309098052203,0.0,0,2023-12-24,0.6356309098052203
999,0.0,6356.309098052203,0.0,0,2023-12-25,0.6356309098052203
1000,0.0,6356.309098052203,0.0,0,2023-12-26,0.6356309098052203
1001,0.0,6356.309098052203,0.0,0,2023-12-27,0.6356309098052203
1002,0.0,6356.309098052203,0.0,0,2023-12-28,0.6356309098052203
1003,0.0,6356.309098052203,0.0,0,2023-12-29,0.6356309098052203
1004,0.0,6356.309098052203,0.0,0,2023-12-30,0.6356309098052203
1005,0.0,6356.309098052203,0.0,0,2023-12-31,0.6356309098052203
1006,0.0,6356.309098052203,0.0,0,2024-01-01,0.6356309098052203
1007,0.0,6356.309098052203,0.0,0,2024-01-02,0.6356309098052203
1008,0.0,6356.309098052203,0.0,0,2024-01-03,0.6356309098052203
1009,0.0,6356.309098052203,0.0,0,2024-01-04,0.6356309098052203
1010,0.0,6356.309098052203,0.0,0,2024-01-05,0.6356309098052203
1011,0.0,6356.309098052203,0.0,0,2024-01-06,0.6356309098052203
1012,0.0,6356.309098052203,0.0,0,2024-01-07,0.6356309098052203
1013,0.0,6356.309098052203,0.0,0,2024-01-08,0.6356309098052203
1014,0.0,6356.309098052203,0.0,0,2024-01-09,0.6356309098052203
1015,0.0,6356.309098052203,0.0,0,2024-01-10,0.6356309098052203
1016,0.0,6356.309098052203,0.0,0,2024-01-11,0.6356309098052203
1017,0.0,6356.309098052203,0.0,0,2024-01-12,0.6356309098052203
1018,0.0,6356.309098052203,0.0,0,2024-01-13,0.6356309098052203
1019,0.0,6356.309098052203,0.0,0,2024-01-14,0.6356309098052203
1020,0.0,6356.309098052203,0.0,0,2024-01-15,0.6356309098052203
1021,0.0,6356.309098052203,0.0,0,2024-01-16,0.6356309098052203
1022,0.0,6356.309098052203,0.0,0,2024-01-17,0.6356309098052203
1023,0.0,6356.309098052203,0.0,0,2024-01-18,0.6356309098052203
1024,0.0,6356.309098052203,0.0,0,2024-01-19,0.6356309098052203
1025,0.0,6356.309098052203,0.0,0,2024-01-20,0.6356309098052203
1026,0.0,6356.309098052203,0.0,0,2024-01-21,0.6356309098052203
1027,0.0,6356.309098052203,0.0,0,2024-01-22,0.6356309098052203
1028,0.0,6356.309098052203,0.0,0,2024-01-23,0.6356309098052203
1029,0.2489724295058372,6356.309098052203,10000.000000000002,1,2024-01-24,0.6356309098052203
1030,0.0,6285.630290937277,0.0,0,2024-01-25,0.6285630290937277
1031,0.0,6285.630290937277,0.0,0,2024-01-26,0.6285630290937277
1032,0.0,6285.630290937277,0.0,0,2024-01-27,0.6285630290937277
1033,0.0,6285.630290937277,0.0,0,2024-01-28,0.6285630290937277
1034,0.0,6285.630290937277,0.0,0,2024-01-29,0.6285630290937277
1035,0.0,6285.630290937277,0.0,0,2024-01-30,0.6285630290937277
1036,0.0,6285.630290937277,0.0,0,2024-01-31,0.6285630290937277
1037,0.0,6285.630290937277,0.0,0,2024-02-01,0.6285630290937277
1038,0.0,6285.630290937277,0.0,0,2024-02-02,0.6285630290937277
1039,0.0,6285.630290937277,0.0,0,2024-02-03,0.6285630290937277
1040,0.0,6285.630290937277,0.0,0,2024-02-04,0.6285630290937277
1041,0.0,6285.630290937277,0.0,0,2024-02-05,0.6285630290937277
1042,0.0,6285.630290937277,0.0,0,2024-02-06,0.6285630290937277
1043,0.0,6285.630290937277,0.0,0,2024-02-07,0.6285630290937277
1044,0.0,6285.630290937277,0.0,0,2024-02-08,0.6285630290937277
1045,0.0,6285.630290937277,0.0,0,2024-02-09,0.6285630290937277
1046,0.0,6285.630290937277,0.0,0,2024-02-10,0.6285630290937277
1047,0.0,6285.630290937277,0.0,0,2024-02-11,0.6285630290937277
1048,0.0,6285.630290937277,0.0,0,2024-02-12,0.6285630290937277
1049,0.0,6285.630290937277,0.0,0,2024-02-13,0.6285630290937277
1050,0.0,6285.630290937277,0.0,0,2024-02-14,0.6285630290937277
1051,0.0,6285.630290937277,0.0,0,2024-02-15,0.6285630290937277
1052,0.0,6285.630290937277,0.0,0,2024-02-16,0.6285630290937277
1053,0.0,6285.630290937277,0.0,0,2024-02-17,0.6285630290937277
1054,0.0,6285.630290937277,0.0,0,2024-02-18,0.6285630290937277
1055,0.0,6285.630290937277,0.0,0,2024-02-19,0.6285630290937277
1056,0.0,6285.630290937277,0.0,0,2024-02-20,0.6285630290937277
1057,0.0,6285.630290937277,0.0,0,2024-02-21,0.6285630290937277
1058,0.0,6285.630290937277,0.0,0,2024-02-22,0.6285630290937277
1059,0.0,6285.630290937277,0.0,0,2024-02-23,0.6285630290937277
1060,0.0,6285.630290937277,0.0,0,2024-02-24,0.6285630290937277
1061,0.0,6285.630290937277,0.0,0,2024-02-25,0.6285630290937277
1062,0.0,6285.630290937277,0.0,0,2024-02-26,0.6285630290937277
1063,0.0,6285.630290937277,0.0,0,2024-02-27,0.6285630290937277
1064,0.0,6285.630290937277,0.0,0,2024-02-28,0.6285630290937277
1065,0.0,6285.630290937277,0.0,0,2024-02-29,0.6285630290937277
1066,0.0,6285.630290937277,0.0,0,2024-03-01,0.6285630290937277
1067,0.0,6285.630290937277,0.0,0,2024-03-02,0.6285630290937277
1068,0.0,6285.630290937277,0.0,0,2024-03-03,0.6285630290937277
1069,0.0,6285.630290937277,0.0,0,2024-03-04,0.6285630290937277
1070,0.0,6285.630290937277,0.0,0,2024-03-05,0.6285630290937277
1071,0.0,6285.630290937277,0.0,0,2024-03-06,0.6285630290937277
1072,0.0,6285.630290937277,0.0,0,2024-03-07,0.6285630290937277
1073,0.0,6285.630290937277,0.0,0,2024-03-08,0.6285630290937277
1074,0.0,6285.630290937277,0.0,0,2024-03-09,0.6285630290937277
1075,0.0,6285.630290937277,0.0,0,2024-03-10,0.6285630290937277
1076,0.0,6285.630290937277,0.0,0,2024-03-11,0.6285630290937277
1077,0.0,6285.630290937277,0.0,0,2024-03-12,0.6285630290937277
1078,0.0,6285.630290937277,0.0,0,2024-03-13,0.6285630290937277
1079,0.0,6285.630290937277,0.0,0,2024-03-14,0.6285630290937277
1080,0.0,6285.630290937277,0.0,0,2024-03-15,0.6285630290937277
1081,0.0,6285.630290937277,0.0,0,2024-03-16,0.6285630290937277
1082,0.0,6285.630290937277,0.0,0,2024-03-17,0.6285630290937277
1083,0.0,6285.630290937277,0.0,0,2024-03-18,0.6285630290937277
1084,0.0,6285.630290937277,0.0,0,2024-03-19,0.6285630290937277
1085,0.0,6285.630290937277,0.0,0,2024-03-20,0.6285630290937277
1086,0.0,6285.630290937277,0.0,0,2024-03-21,0.6285630290937277
1087,0.0,6285.630290937277,0.0,0,2024-03-22,0.6285630290937277
1088,0.0,6285.630290937277,0.0,0,2024-03-23,0.6285630290937277
1089,0.0,6285.630290937277,0.0,0,2024-03-24,0.6285630290937277
1090,0.0,6285.630290937277,0.0,0,2024-03-25,0.6285630290937277
1091,0.0,6285.630290937277,0.0,0,2024-03-26,0.6285630290937277
1092,0.0,6285.630290937277,0.0,0,2024-03-27,0.6285630290937277
1093,0.0,6285.630290937277,0.0,0,2024-03-28,0.6285630290937277
1094,0.0,6285.630290937277,0.0,0,2024-03-29,0.6285630290937277
1095,0.0,6285.630290937277,0.0,0,2024-03-30,0.6285630290937277
1096,0.0,6285.630290937277,0.0,0,2024-03-31,0.6285630290937277
1097,0.0,6285.630290937277,0.0,0,2024-04-01,0.6285630290937277
1098,0.0,6285.630290937277,0.0,0,2024-04-02,0.6285630290937277
1099,0.0,6285.630290937277,0.0,0,2024-04-03,0.6285630290937277
1100,0.14571984232590865,6285.630290937277,10000.000000000002,1,2024-04-04,0.6285630290937277
1101,0.0,6148.684606487004,0.0,0,2024-04-05,0.6148684606487004
1102,0.0,6148.684606487004,0.0,0,2024-04-06,0.6148684606487004
1103,0.0,6148.684606487004,0.0,0,2024-04-07,0.6148684606487004
1104,0.0,6148.684606487004,0.0,0,2024-04-08,0.6148684606487004
1105,0.0,6148.684606487004,0.0,0,2024-04-09,0.6148684606487004
1106,0.0,6148.684606487004,0.0,0,2024-04-10,0.6148684606487004
1107,0.0,6148.684606487004,0.0,0,2024-04-11,0.6148684606487004
1108,0.0,6148.684606487004,0.0,0,2024-04-12,0.6148684606487004
1109,0.0,6148.684606487004,0.0,0,2024-04-13,0.6148684606487004
1110,0.0,6148.684606487004,0.0,0,2024-04-14,0.6148684606487004
1111,0.0,6148.684606487004,0.0,0,2024-04-15,0.6148684606487004
1112,0.0,6148.684606487004,0.0,0,2024-04-16,0.6148684606487004
1113,0.0,6148.684606487004,0.0,0,2024-04-17,0.6148684606487004
1114,0.0,6148.684606487004,0.0,0,2024-04-18,0.6148684606487004
1115,0.0,6148.684606487004,0.0,0,2024-04-19,0.6148684606487004
1116,0.0,6148.684606487004,0.0,0,2024-04-20,0.6148684606487004
1117,0.0,6148.684606487004,0.0,0,2024-04-21,0.6148684606487004
1118,0.0,6148.684606487004,0.0,0,2024-04-22,0.6148684606487004
1119,0.0,6148.684606487004,0.0,0,2024-04-23,0.6148684606487004
1120,0.0,6148.684606487004,0.0,0,2024-04-24,0.6148684606487004
1121,0.0,6148.684606487004,0.0,0,2024-04-25,0.6148684606487004
1122,0.0,6148.684606487004,0.0,0,2024-04-26,0.6148684606487004
1123,0.0,6148.684606487004,0.0,0,2024-04-27,0.6148684606487004
1124,0.0,6148.684606487004,0.0,0,2024-04-28,0.6148684606487004
1125,0.0,6148.684606487004,0.0,0,2024-04-29,0.6148684606487004
1126,0.0,6148.684606487004,0.0,0,2024-04-30,0.6148684606487004
1127,0.0,6148.684606487004,0.0,0,2024-05-01,0.6148684606487004
1128,0.0,6148.684606487004,0.0,0,2024-05-02,0.6148684606487004
1129,0.0,6148.684606487004,0.0,0,2024-05-03,0.6148684606487004
1130,0.0,6148.684606487004,0.0,0,2024-05-04,0.6148684606487004
1131,0.0,6148.684606487004,0.0,0,2024-05-05,0.6148684606487004
1132,0.0,6148.684606487004,0.0,0,2024-05-06,0.6148684606487004
1133,0.0,6148.684606487004,0.0,0,2024-05-07,0.6148684606487004
1134,0.0,6148.684606487004,0.0,0,2024-05-08,0.6148684606487004
1135,0.0,6148.684606487004,0.0,0,2024-05-09,0.6148684606487004
1136,0.0,6148.684606487004,0.0,0,2024-05-10,0.6148684606487004
1137,0.0,6148.684606487004,0.0,0,2024-05-11,0.6148684606487004
1138,0.0,6148.684606487004,0.0,0,2024-05-12,0.6148684606487004
1139,0.0,6148.684606487004,0.0,0,2024-05-13,0.6148684606487004
1140,0.0,6148.684606487004,0.0,0,2024-05-14,0.6148684606487004
1141,0.0,6148.684606487004,0.0,0,2024-05-15,0.6148684606487004
1142,0.0,6148.684606487004,0.0,0,2024-05-16,0.6148684606487004
1143,0.0,6148.684606487004,0.0,0,2024-05-17,0.6148684606487004
1144,0.0,6148.684606487004,0.0,0,2024-05-18,0.6148684606487004
1145,0.0,6148.684606487004,0.0,0,2024-05-19,0.6148684606487004
1146,0.0,6148.684606487004,0.0,0,2024-05-20,0.6148684606487004
1147,0.0,6148.684606487004,0.0,0,2024-05-21,0.6148684606487004
1148,0.0,6148.684606487004,0.0,0,2024-05-22,0.6148684606487004
1149,0.0,6148.684606487004,0.0,0,2024-05-23,0.6148684606487004
1150,0.0,6148.684606487004,0.0,0,2024-05-24,0.6148684606487004
1151,0.0,6148.684606487004,0.0,0,2024-05-25,0.6148684606487004
1152,0.0,6148.684606487004,0.0,0,2024-05-26,0.6148684606487004
1153,0.0,6148.684606487004,0.0,0,2024-05-27,0.6148684606487004
1154,0.0,6148.684606487004,0.0,0,2024-05-28,0.6148684606487004
1155,0.0,6148.684606487004,0.0,0,2024-05-29,0.6148684606487004
1156,0.0,6148.684606487004,0.0,0,2024-05-30,0.6148684606487004
1157,0.0,6148.684606487004,0.0,0,2024-05-31,0.6148684606487004
1158,0.0,6148.684606487004,0.0,0,2024-06-01,0.6148684606487004
1159,0.0,6148.684606487004,0.0,0,2024-06-02,0.6148684606487004
1160,0.0,6148.684606487004,0.0,0,2024-06-03,0.6148684606487004
1161,0.0,6148.684606487004,0.0,0,2024-06-04,0.6148684606487004
1162,0.0,6148.684606487004,0.0,0,2024-06-05,0.6148684606487004
1163,0.0,6148.684606487004,0.0,0,2024-06-06,0.6148684606487004
1164,0.0,6148.684606487004,0.0,0,2024-06-07,0.6148684606487004
1165,0.0,6148.684606487004,0.0,0,2024-06-08,0.6148684606487004
1166,0.0,6148.684606487004,0.0,0,2024-06-09,0.6148684606487004
1167,0.0,6148.684606487004,0.0,0,2024-06-10,0.6148684606487004
1168,0.0,6148.684606487004,0.0,0,2024-06-11,0.6148684606487004
1169,0.0,6148.684606487004,0.0,0,2024-06-12,0.6148684606487004
1170,0.0,6148.684606487004,0.0,0,2024-06-13,0.6148684606487004
1171,0.0,6148.684606487004,0.0,0,2024-06-14,0.6148684606487004
1172,0.0,6148.684606487004,0.0,0,2024-06-15,0.6148684606487004
1173,0.0,6148.684606487004,0.0,0,2024-06-16,0.6148684606487004
1174,0.0,6148.684606487004,0.0,0,2024-06-17,0.6148684606487004
1175,0.0,6148.684606487004,0.0,0,2024-06-18,0.6148684606487004
1176,0.0,6148.684606487004,0.0,0,2024-06-19,0.6148684606487004
1177,0.0,6148.684606487004,0.0,0,2024-06-20,0.6148684606487004
1178,0.0,6148.684606487004,0.0,0,2024-06-21,0.6148684606487004
1179,0.0,6148.684606487004,0.0,0,2024-06-22,0.6148684606487004
1180,0.0,6148.684606487004,0.0,0,2024-06-23,0.6148684606487004
1181,0.0,6148.684606487004,0.0,0,2024-06-24,0.6148684606487004
1182,0.0,6148.684606487004,0.0,0,2024-06-25,0.6148684606487004
1183,0.0,6148.684606487004,0.0,0,2024-06-26,0.6148684606487004
1184,0.0,6148.684606487004,0.0,0,2024-06-27,0.6148684606487004
1185,0.0,6148.684606487004,0.0,0,2024-06-28,0.6148684606487004
1186,0.0,6148.684606487004,0.0,0,2024-06-29,0.6148684606487004
1187,0.0,6148.684606487004,0.0,0,2024-06-30,0.6148684606487004
1188,0.0,6148.684606487004,0.0,0,2024-07-01,0.6148684606487004
1189,0.0,6148.684606487004,0.0,0,2024-07-02,0.6148684606487004
1190,0.0,6148.684606487004,0.0,0,2024-07-03,0.6148684606487004
1191,0.0,6148.684606487004,0.0,0,2024-07-04,0.6148684606487004
1192,0.0,6148.684606487004,0.0,0,2024-07-05,0.6148684606487004
1193,0.0,6148.684606487004,0.0,0,2024-07-06,0.6148684606487004
1194,0.0,6148.684606487004,0.0,0,2024-07-07,0.6148684606487004
1195,0.0,6148.684606487004,0.0,0,2024-07-08,0.6148684606487004
1196,0.0,6148.684606487004,0.0,0,2024-07-09,0.6148684606487004
1197,0.0,6148.684606487004,0.0,0,2024-07-10,0.6148684606487004
1198,0.0,6148.684606487004,0.0,0,2024-07-11,0.6148684606487004
1199,0.0,6148.684606487004,0.0,0,2024-07-12,0.6148684606487004
1200,0.0,6148.684606487004,0.0,0,2024-07-13,0.6148684606487004
1201,0.0,6148.684606487004,0.0,0,2024-07-14,0.6148684606487004
1202,0.0,6148.684606487004,0.0,0,2024-07-15,0.6148684606487004
1203,0.0,6148.684606487004,0.0,0,2024-07-16,0.6148684606487004
1204,0.0,6148.684606487004,0.0,0,2024-07-17,0.6148684606487004
1205,0.0,6148.684606487004,0.0,0,2024-07-18,0.6148684606487004
1206,0.0,6148.684606487004,0.0,0,2024-07-19,0.6148684606487004
1207,0.0,6148.684606487004,0.0,0,2024-07-20,0.6148684606487004
1208,0.0,6148.684606487004,0.0,0,2024-07-21,0.6148684606487004
1209,0.0,6148.684606487004,0.0,0,2024-07-22,0.6148684606487004
1210,0.0,6148.684606487004,0.0,0,2024-07-23,0.6148684606487004
1211,0.0,6148.684606487004,0.0,0,2024-07-24,0.6148684606487004
1212,0.0,6148.684606487004,0.0,0,2024-07-25,0.6148684606487004
1213,0.0,6148.684606487004,0.0,0,2024-07-26,0.6148684606487004
1214,0.0,6148.684606487004,0.0,0,2024-07-27,0.6148684606487004
1215,0.0,6148.684606487004,0.0,0,2024-07-28,0.6148684606487004
1216,0.0,6148.684606487004,0.0,0,2024-07-29,0.6148684606487004
1217,0.0,6148.684606487004,0.0,0,2024-07-30,0.6148684606487004
1218,0.0,6148.684606487004,0.0,0,2024-07-31,0.6148684606487004
1219,0.0,6148.684606487004,0.0,0,2024-08-01,0.6148684606487004
1220,0.0,6148.684606487004,0.0,0,2024-08-02,0.6148684606487004
1221,0.0,6148.684606487004,0.0,0,2024-08-03,0.6148684606487004
1222,0.0,6148.684606487004,0.0,0,2024-08-04,0.6148684606487004
1223,0.0,6148.684606487004,0.0,0,2024-08-05,0.6148684606487004
1224,0.0,6148.684606487004,0.0,0,2024-08-06,0.6148684606487004
1225,0.0,6148.684606487004,0.0,0,2024-08-07,0.6148684606487004
1226,0.16178762730483767,6148.684606487004,10000.000000000002,1,2024-08-08,0.6148684606487004
1227,0.0,5971.842833312305,0.0,0,2024-08-09,0.5971842833312305
1228,0.0,5971.842833312305,0.0,0,2024-08-10,0.5971842833312305
1229,0.0,5971.842833312305,0.0,0,2024-08-11,0.5971842833312305
1230,0.0,5971.842833312305,0.0,0,2024-08-12,0.5971842833312305
1231,0.0,5971.842833312305,0.0,0,2024-08-13,0.5971842833312305
1232,0.0,5971.842833312305,0.0,0,2024-08-14,0.5971842833312305
1233,0.0,5971.842833312305,0.0,0,2024-08-15,0.5971842833312305
1234,0.0,5971.842833312305,0.0,0,2024-08-16,0.5971842833312305
1235,0.0,5971.842833312305,0.0,0,2024-08-17,0.5971842833312305
1236,0.0,5971.842833312305,0.0,0,2024-08-18,0.5971842833312305
1237,0.0,5971.842833312305,0.0,0,2024-08-19,0.5971842833312305
1238,0.0,5971.842833312305,0.0,0,2024-08-20,0.5971842833312305
1239,0.0,5971.842833312305,0.0,0,2024-08-21,0.5971842833312305
1240,0.0,5971.842833312305,0.0,0,2024-08-22,0.5971842833312305
1241,0.0,5971.842833312305,0.0,0,2024-08-23,0.5971842833312305
1242,0.0,5971.842833312305,0.0,0,2024-08-24,0.5971842833312305
1243,0.0,5971.842833312305,0.0,0,2024-08-25,0.5971842833312305
1244,0.0,5971.842833312305,0.0,0,2024-08-26,0.5971842833312305
1245,0.0,5971.842833312305,0.0,0,2024-08-27,0.5971842833312305
1246,0.0,5971.842833312305,0.0,0,2024-08-28,0.5971842833312305
1247,0.0,5971.842833312305,0.0,0,2024-08-29,0.5971842833312305
1248,0.0,5971.842833312305,0.0,0,2024-08-30,0.5971842833312305
1249,0.0,5971.842833312305,0.0,0,2024-08-31,0.5971842833312305
1250,0.0,5971.842833312305,0.0,0,2024-09-01,0.5971842833312305
1251,0.0,5971.842833312305,0.0,0,2024-09-02,0.5971842833312305
1252,0.0,5971.842833312305,0.0,0,2024-09-03,0.5971842833312305
1253,0.0,5971.842833312305,0.0,0,2024-09-04,0.5971842833312305
1254,0.0,5971.842833312305,0.0,0,2024-09-05,0.5971842833312305
1255,0.0,5971.842833312305,0.0,0,2024-09-06,0.5971842833312305
1256,0.0,5971.842833312305,0.0,0,2024-09-07,0.5971842833312305
1257,0.0,5971.842833312305,0.0,0,2024-09-08,0.5971842833312305
1258,0.0,5971.842833312305,0.0,0,2024-09-09,0.5971842833312305
1259,0.0,5971.842833312305,0.0,0,2024-09-10,0.5971842833312305
1260,0.0,5971.842833312305,0.0,0,2024-09-11,0.5971842833312305
1261,0.0,5971.842833312305,0.0,0,2024-09-12,0.5971842833312305
1262,0.0,5971.842833312305,0.0,0,2024-09-13,0.5971842833312305
1263,0.0,5971.842833312305,0.0,0,2024-09-14,0.5971842833312305
1264,0.0,5971.842833312305,0.0,0,2024-09-15,0.5971842833312305
1265,0.0,5971.842833312305,0.0,0,2024-09-16,0.5971842833312305
1266,0.0,5971.842833312305,0.0,0,2024-09-17,0.5971842833312305
1267,0.0,5971.842833312305,0.0,0,2024-09-18,0.5971842833312305
1268,0.0,5971.842833312305,0.0,0,2024-09-19,0.5971842833312305
1269,0.0,5971.842833312305,0.0,0,2024-09-20,0.5971842833312305
1270,0.0,5971.842833312305,0.0,0,2024-09-21,0.5971842833312305
1271,0.0,5971.842833312305,0.0,0,2024-09-22,0.5971842833312305
1272,0.0,5971.842833312305,0.0,0,2024-09-23,0.5971842833312305
1273,0.0,5971.842833312305,0.0,0,2024-09-24,0.5971842833312305
1274,0.0,5971.842833312305,0.0,0,2024-09-25,0.5971842833312305
1275,0.0,5971.842833312305,0.0,0,2024-09-26,0.5971842833312305
1276,0.0,5971.842833312305,0.0,0,2024-09-27,0.5971842833312305
1277,0.0,5971.842833312305,0.0,0,2024-09-28,0.5971842833312305
1278,0.0,5971.842833312305,0.0,0,2024-09-29,0.5971842833312305
1279,0.0,5971.842833312305,0.0,0,2024-09-30,0.5971842833312305
1280,0.0,5971.842833312305,0.0,0,2024-10-01,0.5971842833312305
1281,0.0,5971.842833312305,0.0,0,2024-10-02,0.5971842833312305
1282,0.0,5971.842833312305,0.0,0,2024-10-03,0.5971842833312305
1283,0.0,5971.842833312305,0.0,0,2024-10-04,0.5971842833312305
1284,0.0,5971.842833312305,0.0,0,2024-10-05,0.5971842833312305
1285,0.0,5971.842833312305,0.0,0,2024-10-06,0.5971842833312305
1286,0.0,5971.842833312305,0.0,0,2024-10-07,0.5971842833312305
1287,0.0,5971.842833312305,0.0,0,2024-10-08,0.5971842833312305
1288,0.0,5971.842833312305,0.0,0,2024-10-09,0.5971842833312305
1289,0.0,5971.842833312305,0.0,0,2024-10-10,0.5971842833312305
1290,0.0,5971.842833312305,0.0,0,2024-10-11,0.5971842833312305
1291,0.0,5971.842833312305,0.0,0,2024-10-12,0.5971842833312305
1292,0.0,5971.842833312305,0.0,0,2024-10-13,0.5971842833312305
1293,0.0,5971.842833312305,0.0,0,2024-10-14,0.5971842833312305
1294,0.0,5971.842833312305,0.0,0,2024-10-15,0.5971842833312305
1295,0.0,5971.842833312305,0.0,0,2024-10-16,0.5971842833312305
1296,0.0,5971.842833312305,0.0,0,2024-10-17,0.5971842833312305
1297,0.0,5971.842833312305,0.0,0,2024-10-18,0.5971842833312305
1298,0.0,5971.842833312305,0.0,0,2024-10-19,0.5971842833312305
1299,0.0,5971.842833312305,0.0,0,2024-10-20,0.5971842833312305
1300,0.0,5971.842833312305,0.0,0,2024-10-21,0.5971842833312305
1301,0.0,5971.842833312305,0.0,0,2024-10-22,0.5971842833312305
1302,0.0,5971.842833312305,0.0,0,2024-10-23,0.5971842833312305
1303,0.0,5971.842833312305,0.0,0,2024-10-24,0.5971842833312305
1304,0.0,5971.842833312305,0.0,0,2024-10-25,0.5971842833312305
1305,0.0,5971.842833312305,0.0,0,2024-10-26,0.5971842833312305
1306,0.0,5971.842833312305,0.0,0,2024-10-27,0.5971842833312305
1307,0.0,5971.842833312305,0.0,0,2024-10-28,0.5971842833312305
1308,0.0,5971.842833312305,0.0,0,2024-10-29,0.5971842833312305
1309,0.0,5971.842833312305,0.0,0,2024-10-30,0.5971842833312305
1310,0.0,5971.842833312305,0.0,0,2024-10-31,0.5971842833312305
1311,0.0,5971.842833312305,0.0,0,2024-11-01,0.5971842833312305
1312,0.0,5971.842833312305,0.0,0,2024-11-02,0.5971842833312305
1313,0.0,5971.842833312305,0.0,0,2024-11-03,0.5971842833312305
1314,0.0,5971.842833312305,0.0,0,2024-11-04,0.5971842833312305
1315,0.0,5971.842833312305,0.0,0,2024-11-05,0.5971842833312305
1316,0.0,5971.842833312305,0.0,0,2024-11-06,0.5971842833312305
1317,0.13156218766498703,5971.842833312305,10000.0,1,2024-11-07,0.5971842833312305
1318,0.0,6017.515345604079,0.0,0,2024-11-08,0.6017515345604079
1319,0.13015598012831855,6017.515345604079,10000.0,1,2024-11-09,0.6017515345604079
1320,0.0,6457.241955865322,0.0,0,2024-11-10,0.6457241955865322
1321,0.11258044271562098,6457.241955865322,10000.0,1,2024-11-11,0.6457241955865322
1322,0.0,6339.124728623212,0.0,0,2024-11-12,0.6339124728623212
1323,0.11042885614692906,6339.124728623212,10000.000000000002,1,2024-11-13,0.6339124728623212
1324,0.11042885614692906,6339.124728623212,10000.000000000002,1,2024-11-14,0.6339124728623212
1325,0.11042885614692906,6339.124728623212,10000.000000000002,1,2024-11-15,0.6339124728623212
1326,0.0,6322.5378695915915,0.0,0,2024-11-16,0.6322537869591591
1327,0.0,6322.5378695915915,0.0,0,2024-11-17,0.6322537869591591
1328,0.0,6322.5378695915915,0.0,0,2024-11-18,0.6322537869591591
1329,0.10811336312959668,6322.5378695915915,10000.0,1,2024-11-19,0.6322537869591591
1330,0.0,6495.797888550156,0.0,0,2024-11-20,0.6495797888550157
1331,0.10150856697236393,6495.797888550156,10000.0,1,2024-11-21,0.6495797888550157
1332,0.0,6514.116361556311,0.0,0,2024-11-22,0.6514116361556311
1333,0.10217860890128576,6514.116361556311,10000.000000000002,1,2024-11-23,0.6514116361556311
1334,0.0,6497.409683629279,0.0,0,2024-11-24,0.6497409683629279
1335,0.0,6497.409683629279,0.0,0,2024-11-25,0.6497409683629279
1336,0.0,6497.409683629279,0.0,0,2024-11-26,0.6497409683629279
1337,0.0,6497.409683629279,0.0,0,2024-11-27,0.6497409683629279
1338,0.0,6497.409683629279,0.0,0,2024-11-28,0.6497409683629279
1339,0.0,6497.409683629279,0.0,0,2024-11-29,0.6497409683629279
1340,0.0,6497.409683629279,0.0,0,2024-11-30,0.6497409683629279
1341,0.0,6497.409683629279,0.0,0,2024-12-01,0.6497409683629279
1342,0.0,6497.409683629279,0.0,0,2024-12-02,0.6497409683629279
1343,0.0,6497.409683629279,0.0,0,2024-12-03,0.6497409683629279
1344,0.0,6497.409683629279,0.0,0,2024-12-04,0.6497409683629279
1345,0.10294460884982584,6497.409683629279,10000.0,1,2024-12-05,0.6497409683629279
