,holdings,total,positions,cost_basis,Date,return_rate
0,0.0,0.0,,0.0,2021-03-31,0.0
1,0.0,0.0,,0.0,2021-04-01,0.0
2,0.0,0.0,,0.0,2021-04-02,0.0
3,0.17510377368429525,0.0,,10000.000000000002,2021-04-03,0.0
4,0.0,181.200195424075,,0.0,2021-04-04,0.0181200195424075
5,0.0,181.200195424075,,0.0,2021-04-05,0.0181200195424075
6,0.0,181.200195424075,,0.0,2021-04-06,0.0181200195424075
7,0.0,181.200195424075,,0.0,2021-04-07,0.0181200195424075
8,0.0,181.200195424075,,0.0,2021-04-08,0.0181200195424075
9,0.17181929083266728,181.200195424075,,10000.0,2021-04-09,0.0181200195424075
10,0.0,440.4202361792886,,0.0,2021-04-10,0.04404202361792886
11,0.0,440.4202361792886,,0.0,2021-04-11,0.04404202361792886
12,0.0,440.4202361792886,,0.0,2021-04-12,0.04404202361792886
13,0.0,440.4202361792886,,0.0,2021-04-13,0.04404202361792886
14,0.1586735159873333,440.4202361792886,,10000.0,2021-04-14,0.04404202361792886
15,0.0,452.2145163726509,,0.0,2021-04-15,0.04522145163726509
16,0.0,452.2145163726509,,0.0,2021-04-16,0.04522145163726509
17,0.0,452.2145163726509,,0.0,2021-04-17,0.04522145163726509
18,0.17791644186724084,452.2145163726509,,10000.000000000002,2021-04-18,0.04522145163726509
19,0.0,340.3667847560191,,0.0,2021-04-19,0.03403667847560191
20,0.0,340.3667847560191,,0.0,2021-04-20,0.03403667847560191
21,0.0,340.3667847560191,,0.0,2021-04-21,0.03403667847560191
22,0.0,340.3667847560191,,0.0,2021-04-22,0.03403667847560191
23,0.0,340.3667847560191,,0.0,2021-04-23,0.03403667847560191
24,0.0,340.3667847560191,,0.0,2021-04-24,0.03403667847560191
25,0.0,340.3667847560191,,0.0,2021-04-25,0.03403667847560191
26,0.18499542308096126,340.3667847560191,,10000.0,2021-04-26,0.03403667847560191
27,0.0,507.15248675849944,,0.0,2021-04-27,0.05071524867584994
28,0.0,507.15248675849944,,0.0,2021-04-28,0.05071524867584994
29,0.1865373912801791,507.15248675849944,,10000.000000000002,2021-04-29,0.05071524867584994
30,0.0,1258.528965755182,,0.0,2021-04-30,0.1258528965755182
31,0.0,1258.528965755182,,0.0,2021-05-01,0.1258528965755182
32,0.0,1258.528965755182,,0.0,2021-05-02,0.1258528965755182
33,0.0,1258.528965755182,,0.0,2021-05-03,0.1258528965755182
34,0.0,1258.528965755182,,0.0,2021-05-04,0.1258528965755182
35,0.0,1258.528965755182,,0.0,2021-05-05,0.1258528965755182
36,0.0,1258.528965755182,,0.0,2021-05-06,0.1258528965755182
37,0.17430085606253173,1258.528965755182,,10000.0,2021-05-07,0.1258528965755182
38,0.17430085606253173,1258.528965755182,,10000.0,2021-05-08,0.1258528965755182
39,0.0,1399.8058072863205,,0.0,2021-05-09,0.13998058072863204
40,0.0,1399.8058072863205,,0.0,2021-05-10,0.13998058072863204
41,0.0,1399.8058072863205,,0.0,2021-05-11,0.13998058072863204
42,0.0,1399.8058072863205,,0.0,2021-05-12,0.13998058072863204
43,0.20112371451594344,1399.8058072863205,,10000.0,2021-05-13,0.13998058072863204
44,0.0,1414.079070586129,,0.0,2021-05-14,0.14140790705861292
45,0.0,1414.079070586129,,0.0,2021-05-15,0.14140790705861292
46,0.0,1414.079070586129,,0.0,2021-05-16,0.14140790705861292
47,0.0,1414.079070586129,,0.0,2021-05-17,0.14140790705861292
48,0.0,1414.079070586129,,0.0,2021-05-18,0.14140790705861292
49,0.0,1414.079070586129,,0.0,2021-05-19,0.14140790705861292
50,0.0,1414.079070586129,,0.0,2021-05-20,0.14140790705861292
51,0.26817371706949483,1414.079070586129,,10000.000000000002,2021-05-21,0.14140790705861292
52,0.0,1447.069334637752,,0.0,2021-05-22,0.1447069334637752
53,0.28826829960857275,1447.069334637752,,10000.0,2021-05-23,0.1447069334637752
54,0.0,2619.6261435094075,,0.0,2021-05-24,0.26196261435094076
55,0.0,2619.6261435094075,,0.0,2021-05-25,0.26196261435094076
56,0.0,2619.6261435094075,,0.0,2021-05-26,0.26196261435094076
57,0.0,2619.6261435094075,,0.0,2021-05-27,0.26196261435094076
58,0.0,2619.6261435094075,,0.0,2021-05-28,0.26196261435094076
59,0.0,2619.6261435094075,,0.0,2021-05-29,0.26196261435094076
60,0.0,2619.6261435094075,,0.0,2021-05-30,0.26196261435094076
61,0.0,2619.6261435094075,,0.0,2021-05-31,0.26196261435094076
62,0.0,2619.6261435094075,,0.0,2021-06-01,0.26196261435094076
63,0.0,2619.6261435094075,,0.0,2021-06-02,0.26196261435094076
64,0.0,2619.6261435094075,,0.0,2021-06-03,0.26196261435094076
65,0.0,2619.6261435094075,,0.0,2021-06-04,0.26196261435094076
66,0.0,2619.6261435094075,,0.0,2021-06-05,0.26196261435094076
67,0.0,2619.6261435094075,,0.0,2021-06-06,0.26196261435094076
68,0.0,2619.6261435094075,,0.0,2021-06-07,0.26196261435094076
69,0.0,2619.6261435094075,,0.0,2021-06-08,0.26196261435094076
70,0.0,2619.6261435094075,,0.0,2021-06-09,0.26196261435094076
71,0.0,2619.6261435094075,,0.0,2021-06-10,0.26196261435094076
72,0.0,2619.6261435094075,,0.0,2021-06-11,0.26196261435094076
73,0.0,2619.6261435094075,,0.0,2021-06-12,0.26196261435094076
74,0.0,2619.6261435094075,,0.0,2021-06-13,0.26196261435094076
75,0.0,2619.6261435094075,,0.0,2021-06-14,0.26196261435094076
76,0.0,2619.6261435094075,,0.0,2021-06-15,0.26196261435094076
77,0.0,2619.6261435094075,,0.0,2021-06-16,0.26196261435094076
78,0.0,2619.6261435094075,,0.0,2021-06-17,0.26196261435094076
79,0.0,2619.6261435094075,,0.0,2021-06-18,0.26196261435094076
80,0.0,2619.6261435094075,,0.0,2021-06-19,0.26196261435094076
81,0.0,2619.6261435094075,,0.0,2021-06-20,0.26196261435094076
82,0.0,2619.6261435094075,,0.0,2021-06-21,0.26196261435094076
83,0.0,2619.6261435094075,,0.0,2021-06-22,0.26196261435094076
84,0.29663249675560366,2619.6261435094075,,10000.000000000002,2021-06-23,0.26196261435094076
85,0.0,2891.542876541638,,0.0,2021-06-24,0.28915428765416384
86,0.0,2891.542876541638,,0.0,2021-06-25,0.28915428765416384
87,0.0,2891.542876541638,,0.0,2021-06-26,0.28915428765416384
88,0.28789372063818375,2891.542876541638,,10000.000000000002,2021-06-27,0.28915428765416384
89,0.0,2812.47423942141,,0.0,2021-06-28,0.281247423942141
90,0.0,2812.47423942141,,0.0,2021-06-29,0.281247423942141
91,0.0,2812.47423942141,,0.0,2021-06-30,0.281247423942141
92,0.0,2812.47423942141,,0.0,2021-07-01,0.281247423942141
93,0.0,2812.47423942141,,0.0,2021-07-02,0.281247423942141
94,0.0,2812.47423942141,,0.0,2021-07-03,0.281247423942141
95,0.0,2812.47423942141,,0.0,2021-07-04,0.281247423942141
96,0.0,2812.47423942141,,0.0,2021-07-05,0.281247423942141
97,0.2919347478276596,2812.47423942141,,10000.0,2021-07-06,0.281247423942141
98,0.0,2688.1181730682492,,0.0,2021-07-07,0.2688118173068249
99,0.0,2688.1181730682492,,0.0,2021-07-08,0.2688118173068249
100,0.0,2688.1181730682492,,0.0,2021-07-09,0.2688118173068249
101,0.0,2688.1181730682492,,0.0,2021-07-10,0.2688118173068249
102,0.0,2688.1181730682492,,0.0,2021-07-11,0.2688118173068249
103,0.0,2688.1181730682492,,0.0,2021-07-12,0.2688118173068249
104,0.0,2688.1181730682492,,0.0,2021-07-13,0.2688118173068249
105,0.0,2688.1181730682492,,0.0,2021-07-14,0.2688118173068249
106,0.0,2688.1181730682492,,0.0,2021-07-15,0.2688118173068249
107,0.0,2688.1181730682492,,0.0,2021-07-16,0.2688118173068249
108,0.0,2688.1181730682492,,0.0,2021-07-17,0.2688118173068249
109,0.0,2688.1181730682492,,0.0,2021-07-18,0.2688118173068249
110,0.0,2688.1181730682492,,0.0,2021-07-19,0.2688118173068249
111,0.0,2688.1181730682492,,0.0,2021-07-20,0.2688118173068249
112,0.0,2688.1181730682492,,0.0,2021-07-21,0.2688118173068249
113,0.0,2688.1181730682492,,0.0,2021-07-22,0.2688118173068249
114,0.0,2688.1181730682492,,0.0,2021-07-23,0.2688118173068249
115,0.0,2688.1181730682492,,0.0,2021-07-24,0.2688118173068249
116,0.0,2688.1181730682492,,0.0,2021-07-25,0.2688118173068249
117,0.0,2688.1181730682492,,0.0,2021-07-26,0.2688118173068249
118,0.0,2688.1181730682492,,0.0,2021-07-27,0.2688118173068249
119,0.0,2688.1181730682492,,0.0,2021-07-28,0.2688118173068249
120,0.0,2688.1181730682492,,0.0,2021-07-29,0.2688118173068249
121,0.0,2688.1181730682492,,0.0,2021-07-30,0.2688118173068249
122,0.0,2688.1181730682492,,0.0,2021-07-31,0.2688118173068249
123,0.0,2688.1181730682492,,0.0,2021-08-01,0.2688118173068249
124,0.0,2688.1181730682492,,0.0,2021-08-02,0.2688118173068249
125,0.0,2688.1181730682492,,0.0,2021-08-03,0.2688118173068249
126,0.0,2688.1181730682492,,0.0,2021-08-04,0.2688118173068249
127,0.0,2688.1181730682492,,0.0,2021-08-05,0.2688118173068249
128,0.0,2688.1181730682492,,0.0,2021-08-06,0.2688118173068249
129,0.0,2688.1181730682492,,0.0,2021-08-07,0.2688118173068249
130,0.0,2688.1181730682492,,0.0,2021-08-08,0.2688118173068249
131,0.0,2688.1181730682492,,0.0,2021-08-09,0.2688118173068249
132,0.0,2688.1181730682492,,0.0,2021-08-10,0.2688118173068249
133,0.0,2688.1181730682492,,0.0,2021-08-11,0.2688118173068249
134,0.0,2688.1181730682492,,0.0,2021-08-12,0.2688118173068249
135,0.0,2688.1181730682492,,0.0,2021-08-13,0.2688118173068249
136,0.0,2688.1181730682492,,0.0,2021-08-14,0.2688118173068249
137,0.0,2688.1181730682492,,0.0,2021-08-15,0.2688118173068249
138,0.0,2688.1181730682492,,0.0,2021-08-16,0.2688118173068249
139,0.0,2688.1181730682492,,0.0,2021-08-17,0.2688118173068249
140,0.0,2688.1181730682492,,0.0,2021-08-18,0.2688118173068249
141,0.0,2688.1181730682492,,0.0,2021-08-19,0.2688118173068249
142,0.0,2688.1181730682492,,0.0,2021-08-20,0.2688118173068249
143,0.0,2688.1181730682492,,0.0,2021-08-21,0.2688118173068249
144,0.0,2688.1181730682492,,0.0,2021-08-22,0.2688118173068249
145,0.0,2688.1181730682492,,0.0,2021-08-23,0.2688118173068249
146,0.0,2688.1181730682492,,0.0,2021-08-24,0.2688118173068249
147,0.0,2688.1181730682492,,0.0,2021-08-25,0.2688118173068249
148,0.0,2688.1181730682492,,0.0,2021-08-26,0.2688118173068249
149,0.0,2688.1181730682492,,0.0,2021-08-27,0.2688118173068249
150,0.0,2688.1181730682492,,0.0,2021-08-28,0.2688118173068249
151,0.0,2688.1181730682492,,0.0,2021-08-29,0.2688118173068249
152,0.0,2688.1181730682492,,0.0,2021-08-30,0.2688118173068249
153,0.0,2688.1181730682492,,0.0,2021-08-31,0.2688118173068249
154,0.0,2688.1181730682492,,0.0,2021-09-01,0.2688118173068249
155,0.0,2688.1181730682492,,0.0,2021-09-02,0.2688118173068249
156,0.0,2688.1181730682492,,0.0,2021-09-03,0.2688118173068249
157,0.0,2688.1181730682492,,0.0,2021-09-04,0.2688118173068249
158,0.0,2688.1181730682492,,0.0,2021-09-05,0.2688118173068249
159,0.0,2688.1181730682492,,0.0,2021-09-06,0.2688118173068249
160,0.0,2688.1181730682492,,0.0,2021-09-07,0.2688118173068249
161,0.0,2688.1181730682492,,0.0,2021-09-08,0.2688118173068249
162,0.21532449282424823,2688.1181730682492,,10000.000000000002,2021-09-09,0.2688118173068249
163,0.0,2335.960122075796,,0.0,2021-09-10,0.23359601220757958
164,0.0,2335.960122075796,,0.0,2021-09-11,0.23359601220757958
165,0.0,2335.960122075796,,0.0,2021-09-12,0.23359601220757958
166,0.22229300658912282,2335.960122075796,,10000.0,2021-09-13,0.23359601220757958
167,0.0,2798.048986433603,,0.0,2021-09-14,0.27980489864336033
168,0.0,2798.048986433603,,0.0,2021-09-15,0.27980489864336033
169,0.0,2798.048986433603,,0.0,2021-09-16,0.27980489864336033
170,0.0,2798.048986433603,,0.0,2021-09-17,0.27980489864336033
171,0.0,2798.048986433603,,0.0,2021-09-18,0.27980489864336033
172,0.0,2798.048986433603,,0.0,2021-09-19,0.27980489864336033
173,0.0,2798.048986433603,,0.0,2021-09-20,0.27980489864336033
174,0.0,2798.048986433603,,0.0,2021-09-21,0.27980489864336033
175,0.0,2798.048986433603,,0.0,2021-09-22,0.27980489864336033
176,0.2226669362890127,2798.048986433603,,10000.0,2021-09-23,0.27980489864336033
177,0.0,2321.014950657236,,0.0,2021-09-24,0.2321014950657236
178,0.0,2321.014950657236,,0.0,2021-09-25,0.2321014950657236
179,0.0,2321.014950657236,,0.0,2021-09-26,0.2321014950657236
180,0.0,2321.014950657236,,0.0,2021-09-27,0.2321014950657236
181,0.0,2321.014950657236,,0.0,2021-09-28,0.2321014950657236
182,0.0,2321.014950657236,,0.0,2021-09-29,0.2321014950657236
183,0.22795699147295648,2321.014950657236,,10000.000000000002,2021-09-30,0.2321014950657236
184,0.0,3284.2573143413665,,0.0,2021-10-01,0.32842573143413667
185,0.0,3284.2573143413665,,0.0,2021-10-02,0.32842573143413667
186,0.0,3284.2573143413665,,0.0,2021-10-03,0.32842573143413667
187,0.0,3284.2573143413665,,0.0,2021-10-04,0.32842573143413667
188,0.0,3284.2573143413665,,0.0,2021-10-05,0.32842573143413667
189,0.0,3284.2573143413665,,0.0,2021-10-06,0.32842573143413667
190,0.0,3284.2573143413665,,0.0,2021-10-07,0.32842573143413667
191,0.0,3284.2573143413665,,0.0,2021-10-08,0.32842573143413667
192,0.0,3284.2573143413665,,0.0,2021-10-09,0.32842573143413667
193,0.0,3284.2573143413665,,0.0,2021-10-10,0.32842573143413667
194,0.0,3284.2573143413665,,0.0,2021-10-11,0.32842573143413667
195,0.0,3284.2573143413665,,0.0,2021-10-12,0.32842573143413667
196,0.0,3284.2573143413665,,0.0,2021-10-13,0.32842573143413667
197,0.0,3284.2573143413665,,0.0,2021-10-14,0.32842573143413667
198,0.0,3284.2573143413665,,0.0,2021-10-15,0.32842573143413667
199,0.0,3284.2573143413665,,0.0,2021-10-16,0.32842573143413667
200,0.0,3284.2573143413665,,0.0,2021-10-17,0.32842573143413667
201,0.0,3284.2573143413665,,0.0,2021-10-18,0.32842573143413667
202,0.0,3284.2573143413665,,0.0,2021-10-19,0.32842573143413667
203,0.0,3284.2573143413665,,0.0,2021-10-20,0.32842573143413667
204,0.0,3284.2573143413665,,0.0,2021-10-21,0.32842573143413667
205,0.0,3284.2573143413665,,0.0,2021-10-22,0.32842573143413667
206,0.0,3284.2573143413665,,0.0,2021-10-23,0.32842573143413667
207,0.0,3284.2573143413665,,0.0,2021-10-24,0.32842573143413667
208,0.0,3284.2573143413665,,0.0,2021-10-25,0.32842573143413667
209,0.0,3284.2573143413665,,0.0,2021-10-26,0.32842573143413667
210,0.0,3284.2573143413665,,0.0,2021-10-27,0.32842573143413667
211,0.0,3284.2573143413665,,0.0,2021-10-28,0.32842573143413667
212,0.0,3284.2573143413665,,0.0,2021-10-29,0.32842573143413667
213,0.0,3284.2573143413665,,0.0,2021-10-30,0.32842573143413667
214,0.0,3284.2573143413665,,0.0,2021-10-31,0.32842573143413667
215,0.0,3284.2573143413665,,0.0,2021-11-01,0.32842573143413667
216,0.0,3284.2573143413665,,0.0,2021-11-02,0.32842573143413667
217,0.0,3284.2573143413665,,0.0,2021-11-03,0.32842573143413667
218,0.0,3284.2573143413665,,0.0,2021-11-04,0.32842573143413667
219,0.0,3284.2573143413665,,0.0,2021-11-05,0.32842573143413667
220,0.1625168513865405,3284.2573143413665,,10000.0,2021-11-06,0.32842573143413667
221,0.0,3556.998912441539,,0.0,2021-11-07,0.35569989124415385
222,0.14794353494077733,3556.998912441539,,10000.0,2021-11-08,0.35569989124415385
223,0.0,3451.567915378406,,0.0,2021-11-09,0.34515679153784057
224,0.0,3451.567915378406,,0.0,2021-11-10,0.34515679153784057
225,0.0,3451.567915378406,,0.0,2021-11-11,0.34515679153784057
226,0.0,3451.567915378406,,0.0,2021-11-12,0.34515679153784057
227,0.0,3451.567915378406,,0.0,2021-11-13,0.34515679153784057
228,0.0,3451.567915378406,,0.0,2021-11-14,0.34515679153784057
229,0.0,3451.567915378406,,0.0,2021-11-15,0.34515679153784057
230,0.0,3451.567915378406,,0.0,2021-11-16,0.34515679153784057
231,0.0,3451.567915378406,,0.0,2021-11-17,0.34515679153784057
232,0.17559721431750389,3451.567915378406,,10000.0,2021-11-18,0.34515679153784057
233,0.0,3635.185732640686,,0.0,2021-11-19,0.3635185732640686
234,0.0,3635.185732640686,,0.0,2021-11-20,0.3635185732640686
235,0.0,3635.185732640686,,0.0,2021-11-21,0.3635185732640686
236,0.0,3635.185732640686,,0.0,2021-11-22,0.3635185732640686
237,0.0,3635.185732640686,,0.0,2021-11-23,0.3635185732640686
238,0.0,3635.185732640686,,0.0,2021-11-24,0.3635185732640686
239,0.0,3635.185732640686,,0.0,2021-11-25,0.3635185732640686
240,0.0,3635.185732640686,,0.0,2021-11-26,0.3635185732640686
241,0.0,3635.185732640686,,0.0,2021-11-27,0.3635185732640686
242,0.0,3635.185732640686,,0.0,2021-11-28,0.3635185732640686
243,0.0,3635.185732640686,,0.0,2021-11-29,0.3635185732640686
244,0.0,3635.185732640686,,0.0,2021-11-30,0.3635185732640686
245,0.0,3635.185732640686,,0.0,2021-12-01,0.3635185732640686
246,0.1768758826524414,3635.185732640686,,10000.0,2021-12-02,0.3635185732640686
247,0.0,3106.4380294584826,,0.0,2021-12-03,0.31064380294584826
248,0.0,3106.4380294584826,,0.0,2021-12-04,0.31064380294584826
249,0.0,3106.4380294584826,,0.0,2021-12-05,0.31064380294584826
250,0.19804975682943854,3106.4380294584826,,10000.000000000002,2021-12-06,0.31064380294584826
251,0.0,3115.548145969349,,0.0,2021-12-07,0.3115548145969349
252,0.19793490088127486,3115.548145969349,,10000.0,2021-12-08,0.3115548145969349
253,0.0,2517.0688583170904,,0.0,2021-12-09,0.251706885831709
254,0.0,2517.0688583170904,,0.0,2021-12-10,0.251706885831709
255,0.0,2517.0688583170904,,0.0,2021-12-11,0.251706885831709
256,0.0,2517.0688583170904,,0.0,2021-12-12,0.251706885831709
257,0.0,2517.0688583170904,,0.0,2021-12-13,0.251706885831709
258,0.0,2517.0688583170904,,0.0,2021-12-14,0.251706885831709
259,0.0,2517.0688583170904,,0.0,2021-12-15,0.251706885831709
260,0.0,2517.0688583170904,,0.0,2021-12-16,0.251706885831709
261,0.0,2517.0688583170904,,0.0,2021-12-17,0.251706885831709
262,0.0,2517.0688583170904,,0.0,2021-12-18,0.251706885831709
263,0.0,2517.0688583170904,,0.0,2021-12-19,0.251706885831709
264,0.0,2517.0688583170904,,0.0,2021-12-20,0.251706885831709
265,0.20433697096433848,2517.0688583170904,,10000.000000000002,2021-12-21,0.251706885831709
266,0.0,2435.497940008592,,0.0,2021-12-22,0.24354979400085922
267,0.0,2435.497940008592,,0.0,2021-12-23,0.24354979400085922
268,0.0,2435.497940008592,,0.0,2021-12-24,0.24354979400085922
269,0.0,2435.497940008592,,0.0,2021-12-25,0.24354979400085922
270,0.0,2435.497940008592,,0.0,2021-12-26,0.24354979400085922
271,0.0,2435.497940008592,,0.0,2021-12-27,0.24354979400085922
272,0.0,2435.497940008592,,0.0,2021-12-28,0.24354979400085922
273,0.0,2435.497940008592,,0.0,2021-12-29,0.24354979400085922
274,0.0,2435.497940008592,,0.0,2021-12-30,0.24354979400085922
275,0.0,2435.497940008592,,0.0,2021-12-31,0.24354979400085922
276,0.0,2435.497940008592,,0.0,2022-01-01,0.24354979400085922
277,0.2112670126876392,2435.497940008592,,10000.0,2022-01-02,0.24354979400085922
278,0.0,2238.2142092019603,,0.0,2022-01-03,0.22382142092019602
279,0.0,2238.2142092019603,,0.0,2022-01-04,0.22382142092019602
280,0.0,2238.2142092019603,,0.0,2022-01-05,0.22382142092019602
281,0.0,2238.2142092019603,,0.0,2022-01-06,0.22382142092019602
282,0.0,2238.2142092019603,,0.0,2022-01-07,0.22382142092019602
283,0.0,2238.2142092019603,,0.0,2022-01-08,0.22382142092019602
284,0.0,2238.2142092019603,,0.0,2022-01-09,0.22382142092019602
285,0.0,2238.2142092019603,,0.0,2022-01-10,0.22382142092019602
286,0.0,2238.2142092019603,,0.0,2022-01-11,0.22382142092019602
287,0.0,2238.2142092019603,,0.0,2022-01-12,0.22382142092019602
288,0.0,2238.2142092019603,,0.0,2022-01-13,0.22382142092019602
289,0.0,2238.2142092019603,,0.0,2022-01-14,0.22382142092019602
290,0.0,2238.2142092019603,,0.0,2022-01-15,0.22382142092019602
291,0.0,2238.2142092019603,,0.0,2022-01-16,0.22382142092019602
292,0.0,2238.2142092019603,,0.0,2022-01-17,0.22382142092019602
293,0.0,2238.2142092019603,,0.0,2022-01-18,0.22382142092019602
294,0.0,2238.2142092019603,,0.0,2022-01-19,0.22382142092019602
295,0.0,2238.2142092019603,,0.0,2022-01-20,0.22382142092019602
296,0.0,2238.2142092019603,,0.0,2022-01-21,0.22382142092019602
297,0.0,2238.2142092019603,,0.0,2022-01-22,0.22382142092019602
298,0.0,2238.2142092019603,,0.0,2022-01-23,0.22382142092019602
299,0.0,2238.2142092019603,,0.0,2022-01-24,0.22382142092019602
300,0.27030476466489795,2238.2142092019603,,10000.0,2022-01-25,0.22382142092019602
301,0.0,2178.0044553860043,,0.0,2022-01-26,0.21780044553860042
302,0.0,2178.0044553860043,,0.0,2022-01-27,0.21780044553860042
303,0.0,2178.0044553860043,,0.0,2022-01-28,0.21780044553860042
304,0.0,2178.0044553860043,,0.0,2022-01-29,0.21780044553860042
305,0.0,2178.0044553860043,,0.0,2022-01-30,0.21780044553860042
306,0.0,2178.0044553860043,,0.0,2022-01-31,0.21780044553860042
307,0.0,2178.0044553860043,,0.0,2022-02-01,0.21780044553860042
308,0.0,2178.0044553860043,,0.0,2022-02-02,0.21780044553860042
309,0.0,2178.0044553860043,,0.0,2022-02-03,0.21780044553860042
310,0.0,2178.0044553860043,,0.0,2022-02-04,0.21780044553860042
311,0.0,2178.0044553860043,,0.0,2022-02-05,0.21780044553860042
312,0.0,2178.0044553860043,,0.0,2022-02-06,0.21780044553860042
313,0.0,2178.0044553860043,,0.0,2022-02-07,0.21780044553860042
314,0.0,2178.0044553860043,,0.0,2022-02-08,0.21780044553860042
315,0.0,2178.0044553860043,,0.0,2022-02-09,0.21780044553860042
316,0.0,2178.0044553860043,,0.0,2022-02-10,0.21780044553860042
317,0.0,2178.0044553860043,,0.0,2022-02-11,0.21780044553860042
318,0.0,2178.0044553860043,,0.0,2022-02-12,0.21780044553860042
319,0.0,2178.0044553860043,,0.0,2022-02-13,0.21780044553860042
320,0.0,2178.0044553860043,,0.0,2022-02-14,0.21780044553860042
321,0.0,2178.0044553860043,,0.0,2022-02-15,0.21780044553860042
322,0.0,2178.0044553860043,,0.0,2022-02-16,0.21780044553860042
323,0.0,2178.0044553860043,,0.0,2022-02-17,0.21780044553860042
324,0.0,2178.0044553860043,,0.0,2022-02-18,0.21780044553860042
325,0.0,2178.0044553860043,,0.0,2022-02-19,0.21780044553860042
326,0.0,2178.0044553860043,,0.0,2022-02-20,0.21780044553860042
327,0.0,2178.0044553860043,,0.0,2022-02-21,0.21780044553860042
328,0.0,2178.0044553860043,,0.0,2022-02-22,0.21780044553860042
329,0.0,2178.0044553860043,,0.0,2022-02-23,0.21780044553860042
330,0.0,2178.0044553860043,,0.0,2022-02-24,0.21780044553860042
331,0.0,2178.0044553860043,,0.0,2022-02-25,0.21780044553860042
332,0.0,2178.0044553860043,,0.0,2022-02-26,0.21780044553860042
333,0.0,2178.0044553860043,,0.0,2022-02-27,0.21780044553860042
334,0.0,2178.0044553860043,,0.0,2022-02-28,0.21780044553860042
335,0.0,2178.0044553860043,,0.0,2022-03-01,0.21780044553860042
336,0.0,2178.0044553860043,,0.0,2022-03-02,0.21780044553860042
337,0.0,2178.0044553860043,,0.0,2022-03-03,0.21780044553860042
338,0.0,2178.0044553860043,,0.0,2022-03-04,0.21780044553860042
339,0.0,2178.0044553860043,,0.0,2022-03-05,0.21780044553860042
340,0.0,2178.0044553860043,,0.0,2022-03-06,0.21780044553860042
341,0.0,2178.0044553860043,,0.0,2022-03-07,0.21780044553860042
342,0.0,2178.0044553860043,,0.0,2022-03-08,0.21780044553860042
343,0.0,2178.0044553860043,,0.0,2022-03-09,0.21780044553860042
344,0.0,2178.0044553860043,,0.0,2022-03-10,0.21780044553860042
345,0.0,2178.0044553860043,,0.0,2022-03-11,0.21780044553860042
346,0.0,2178.0044553860043,,0.0,2022-03-12,0.21780044553860042
347,0.0,2178.0044553860043,,0.0,2022-03-13,0.21780044553860042
348,0.0,2178.0044553860043,,0.0,2022-03-14,0.21780044553860042
349,0.0,2178.0044553860043,,0.0,2022-03-15,0.21780044553860042
350,0.0,2178.0044553860043,,0.0,2022-03-16,0.21780044553860042
351,0.0,2178.0044553860043,,0.0,2022-03-17,0.21780044553860042
352,0.0,2178.0044553860043,,0.0,2022-03-18,0.21780044553860042
353,0.0,2178.0044553860043,,0.0,2022-03-19,0.21780044553860042
354,0.0,2178.0044553860043,,0.0,2022-03-20,0.21780044553860042
355,0.0,2178.0044553860043,,0.0,2022-03-21,0.21780044553860042
356,0.0,2178.0044553860043,,0.0,2022-03-22,0.21780044553860042
357,0.0,2178.0044553860043,,0.0,2022-03-23,0.21780044553860042
358,0.0,2178.0044553860043,,0.0,2022-03-24,0.21780044553860042
359,0.0,2178.0044553860043,,0.0,2022-03-25,0.21780044553860042
360,0.0,2178.0044553860043,,0.0,2022-03-26,0.21780044553860042
361,0.0,2178.0044553860043,,0.0,2022-03-27,0.21780044553860042
362,0.0,2178.0044553860043,,0.0,2022-03-28,0.21780044553860042
363,0.0,2178.0044553860043,,0.0,2022-03-29,0.21780044553860042
364,0.0,2178.0044553860043,,0.0,2022-03-30,0.21780044553860042
365,0.0,2178.0044553860043,,0.0,2022-03-31,0.21780044553860042
366,0.0,2178.0044553860043,,0.0,2022-04-01,0.21780044553860042
367,0.0,2178.0044553860043,,0.0,2022-04-02,0.21780044553860042
368,0.0,2178.0044553860043,,0.0,2022-04-03,0.21780044553860042
369,0.0,2178.0044553860043,,0.0,2022-04-04,0.21780044553860042
370,0.0,2178.0044553860043,,0.0,2022-04-05,0.21780044553860042
371,0.0,2178.0044553860043,,0.0,2022-04-06,0.21780044553860042
372,0.0,2178.0044553860043,,0.0,2022-04-07,0.21780044553860042
373,0.0,2178.0044553860043,,0.0,2022-04-08,0.21780044553860042
374,0.0,2178.0044553860043,,0.0,2022-04-09,0.21780044553860042
375,0.0,2178.0044553860043,,0.0,2022-04-10,0.21780044553860042
376,0.0,2178.0044553860043,,0.0,2022-04-11,0.21780044553860042
377,0.0,2178.0044553860043,,0.0,2022-04-12,0.21780044553860042
378,0.0,2178.0044553860043,,0.0,2022-04-13,0.21780044553860042
379,0.0,2178.0044553860043,,0.0,2022-04-14,0.21780044553860042
380,0.0,2178.0044553860043,,0.0,2022-04-15,0.21780044553860042
381,0.0,2178.0044553860043,,0.0,2022-04-16,0.21780044553860042
382,0.0,2178.0044553860043,,0.0,2022-04-17,0.21780044553860042
383,0.0,2178.0044553860043,,0.0,2022-04-18,0.21780044553860042
384,0.0,2178.0044553860043,,0.0,2022-04-19,0.21780044553860042
385,0.0,2178.0044553860043,,0.0,2022-04-20,0.21780044553860042
386,0.0,2178.0044553860043,,0.0,2022-04-21,0.21780044553860042
387,0.0,2178.0044553860043,,0.0,2022-04-22,0.21780044553860042
388,0.0,2178.0044553860043,,0.0,2022-04-23,0.21780044553860042
389,0.0,2178.0044553860043,,0.0,2022-04-24,0.21780044553860042
390,0.0,2178.0044553860043,,0.0,2022-04-25,0.21780044553860042
391,0.0,2178.0044553860043,,0.0,2022-04-26,0.21780044553860042
392,0.0,2178.0044553860043,,0.0,2022-04-27,0.21780044553860042
393,0.0,2178.0044553860043,,0.0,2022-04-28,0.21780044553860042
394,0.0,2178.0044553860043,,0.0,2022-04-29,0.21780044553860042
395,0.0,2178.0044553860043,,0.0,2022-04-30,0.21780044553860042
396,0.0,2178.0044553860043,,0.0,2022-05-01,0.21780044553860042
397,0.0,2178.0044553860043,,0.0,2022-05-02,0.21780044553860042
398,0.0,2178.0044553860043,,0.0,2022-05-03,0.21780044553860042
399,0.0,2178.0044553860043,,0.0,2022-05-04,0.21780044553860042
400,0.0,2178.0044553860043,,0.0,2022-05-05,0.21780044553860042
401,0.0,2178.0044553860043,,0.0,2022-05-06,0.21780044553860042
402,0.0,2178.0044553860043,,0.0,2022-05-07,0.21780044553860042
403,0.0,2178.0044553860043,,0.0,2022-05-08,0.21780044553860042
404,0.0,2178.0044553860043,,0.0,2022-05-09,0.21780044553860042
405,0.0,2178.0044553860043,,0.0,2022-05-10,0.21780044553860042
406,0.0,2178.0044553860043,,0.0,2022-05-11,0.21780044553860042
407,0.0,2178.0044553860043,,0.0,2022-05-12,0.21780044553860042
408,0.0,2178.0044553860043,,0.0,2022-05-13,0.21780044553860042
409,0.0,2178.0044553860043,,0.0,2022-05-14,0.21780044553860042
410,0.0,2178.0044553860043,,0.0,2022-05-15,0.21780044553860042
411,0.0,2178.0044553860043,,0.0,2022-05-16,0.21780044553860042
412,0.0,2178.0044553860043,,0.0,2022-05-17,0.21780044553860042
413,0.0,2178.0044553860043,,0.0,2022-05-18,0.21780044553860042
414,0.0,2178.0044553860043,,0.0,2022-05-19,0.21780044553860042
415,0.0,2178.0044553860043,,0.0,2022-05-20,0.21780044553860042
416,0.0,2178.0044553860043,,0.0,2022-05-21,0.21780044553860042
417,0.0,2178.0044553860043,,0.0,2022-05-22,0.21780044553860042
418,0.0,2178.0044553860043,,0.0,2022-05-23,0.21780044553860042
419,0.0,2178.0044553860043,,0.0,2022-05-24,0.21780044553860042
420,0.0,2178.0044553860043,,0.0,2022-05-25,0.21780044553860042
421,0.0,2178.0044553860043,,0.0,2022-05-26,0.21780044553860042
422,0.0,2178.0044553860043,,0.0,2022-05-27,0.21780044553860042
423,0.0,2178.0044553860043,,0.0,2022-05-28,0.21780044553860042
424,0.0,2178.0044553860043,,0.0,2022-05-29,0.21780044553860042
425,0.0,2178.0044553860043,,0.0,2022-05-30,0.21780044553860042
426,0.0,2178.0044553860043,,0.0,2022-05-31,0.21780044553860042
427,0.0,2178.0044553860043,,0.0,2022-06-01,0.21780044553860042
428,0.0,2178.0044553860043,,0.0,2022-06-02,0.21780044553860042
429,0.0,2178.0044553860043,,0.0,2022-06-03,0.21780044553860042
430,0.0,2178.0044553860043,,0.0,2022-06-04,0.21780044553860042
431,0.0,2178.0044553860043,,0.0,2022-06-05,0.21780044553860042
432,0.0,2178.0044553860043,,0.0,2022-06-06,0.21780044553860042
433,0.0,2178.0044553860043,,0.0,2022-06-07,0.21780044553860042
434,0.0,2178.0044553860043,,0.0,2022-06-08,0.21780044553860042
435,0.0,2178.0044553860043,,0.0,2022-06-09,0.21780044553860042
436,0.0,2178.0044553860043,,0.0,2022-06-10,0.21780044553860042
437,0.0,2178.0044553860043,,0.0,2022-06-11,0.21780044553860042
438,0.0,2178.0044553860043,,0.0,2022-06-12,0.21780044553860042
439,0.0,2178.0044553860043,,0.0,2022-06-13,0.21780044553860042
440,0.0,2178.0044553860043,,0.0,2022-06-14,0.21780044553860042
441,0.0,2178.0044553860043,,0.0,2022-06-15,0.21780044553860042
442,0.0,2178.0044553860043,,0.0,2022-06-16,0.21780044553860042
443,0.0,2178.0044553860043,,0.0,2022-06-17,0.21780044553860042
444,0.0,2178.0044553860043,,0.0,2022-06-18,0.21780044553860042
445,0.0,2178.0044553860043,,0.0,2022-06-19,0.21780044553860042
446,0.0,2178.0044553860043,,0.0,2022-06-20,0.21780044553860042
447,0.0,2178.0044553860043,,0.0,2022-06-21,0.21780044553860042
448,0.0,2178.0044553860043,,0.0,2022-06-22,0.21780044553860042
449,0.0,2178.0044553860043,,0.0,2022-06-23,0.21780044553860042
450,0.0,2178.0044553860043,,0.0,2022-06-24,0.21780044553860042
451,0.0,2178.0044553860043,,0.0,2022-06-25,0.21780044553860042
452,0.0,2178.0044553860043,,0.0,2022-06-26,0.21780044553860042
453,0.0,2178.0044553860043,,0.0,2022-06-27,0.21780044553860042
454,0.0,2178.0044553860043,,0.0,2022-06-28,0.21780044553860042
455,0.0,2178.0044553860043,,0.0,2022-06-29,0.21780044553860042
456,0.0,2178.0044553860043,,0.0,2022-06-30,0.21780044553860042
457,0.0,2178.0044553860043,,0.0,2022-07-01,0.21780044553860042
458,0.0,2178.0044553860043,,0.0,2022-07-02,0.21780044553860042
459,0.0,2178.0044553860043,,0.0,2022-07-03,0.21780044553860042
460,0.0,2178.0044553860043,,0.0,2022-07-04,0.21780044553860042
461,0.0,2178.0044553860043,,0.0,2022-07-05,0.21780044553860042
462,0.0,2178.0044553860043,,0.0,2022-07-06,0.21780044553860042
463,0.0,2178.0044553860043,,0.0,2022-07-07,0.21780044553860042
464,0.0,2178.0044553860043,,0.0,2022-07-08,0.21780044553860042
465,0.0,2178.0044553860043,,0.0,2022-07-09,0.21780044553860042
466,0.0,2178.0044553860043,,0.0,2022-07-10,0.21780044553860042
467,0.0,2178.0044553860043,,0.0,2022-07-11,0.21780044553860042
468,0.0,2178.0044553860043,,0.0,2022-07-12,0.21780044553860042
469,0.0,2178.0044553860043,,0.0,2022-07-13,0.21780044553860042
470,0.0,2178.0044553860043,,0.0,2022-07-14,0.21780044553860042
471,0.0,2178.0044553860043,,0.0,2022-07-15,0.21780044553860042
472,0.0,2178.0044553860043,,0.0,2022-07-16,0.21780044553860042
473,0.0,2178.0044553860043,,0.0,2022-07-17,0.21780044553860042
474,0.0,2178.0044553860043,,0.0,2022-07-18,0.21780044553860042
475,0.0,2178.0044553860043,,0.0,2022-07-19,0.21780044553860042
476,0.0,2178.0044553860043,,0.0,2022-07-20,0.21780044553860042
477,0.0,2178.0044553860043,,0.0,2022-07-21,0.21780044553860042
478,0.0,2178.0044553860043,,0.0,2022-07-22,0.21780044553860042
479,0.0,2178.0044553860043,,0.0,2022-07-23,0.21780044553860042
480,0.0,2178.0044553860043,,0.0,2022-07-24,0.21780044553860042
481,0.0,2178.0044553860043,,0.0,2022-07-25,0.21780044553860042
482,0.0,2178.0044553860043,,0.0,2022-07-26,0.21780044553860042
483,0.0,2178.0044553860043,,0.0,2022-07-27,0.21780044553860042
484,0.0,2178.0044553860043,,0.0,2022-07-28,0.21780044553860042
485,0.0,2178.0044553860043,,0.0,2022-07-29,0.21780044553860042
486,0.0,2178.0044553860043,,0.0,2022-07-30,0.21780044553860042
487,0.0,2178.0044553860043,,0.0,2022-07-31,0.21780044553860042
488,0.0,2178.0044553860043,,0.0,2022-08-01,0.21780044553860042
489,0.0,2178.0044553860043,,0.0,2022-08-02,0.21780044553860042
490,0.0,2178.0044553860043,,0.0,2022-08-03,0.21780044553860042
491,0.0,2178.0044553860043,,0.0,2022-08-04,0.21780044553860042
492,0.0,2178.0044553860043,,0.0,2022-08-05,0.21780044553860042
493,0.0,2178.0044553860043,,0.0,2022-08-06,0.21780044553860042
494,0.0,2178.0044553860043,,0.0,2022-08-07,0.21780044553860042
495,0.0,2178.0044553860043,,0.0,2022-08-08,0.21780044553860042
496,0.0,2178.0044553860043,,0.0,2022-08-09,0.21780044553860042
497,0.0,2178.0044553860043,,0.0,2022-08-10,0.21780044553860042
498,0.0,2178.0044553860043,,0.0,2022-08-11,0.21780044553860042
499,0.0,2178.0044553860043,,0.0,2022-08-12,0.21780044553860042
500,0.0,2178.0044553860043,,0.0,2022-08-13,0.21780044553860042
501,0.0,2178.0044553860043,,0.0,2022-08-14,0.21780044553860042
502,0.0,2178.0044553860043,,0.0,2022-08-15,0.21780044553860042
503,0.0,2178.0044553860043,,0.0,2022-08-16,0.21780044553860042
504,0.0,2178.0044553860043,,0.0,2022-08-17,0.21780044553860042
505,0.0,2178.0044553860043,,0.0,2022-08-18,0.21780044553860042
506,0.0,2178.0044553860043,,0.0,2022-08-19,0.21780044553860042
507,0.0,2178.0044553860043,,0.0,2022-08-20,0.21780044553860042
508,0.0,2178.0044553860043,,0.0,2022-08-21,0.21780044553860042
509,0.0,2178.0044553860043,,0.0,2022-08-22,0.21780044553860042
510,0.0,2178.0044553860043,,0.0,2022-08-23,0.21780044553860042
511,0.0,2178.0044553860043,,0.0,2022-08-24,0.21780044553860042
512,0.0,2178.0044553860043,,0.0,2022-08-25,0.21780044553860042
513,0.0,2178.0044553860043,,0.0,2022-08-26,0.21780044553860042
514,0.0,2178.0044553860043,,0.0,2022-08-27,0.21780044553860042
515,0.0,2178.0044553860043,,0.0,2022-08-28,0.21780044553860042
516,0.0,2178.0044553860043,,0.0,2022-08-29,0.21780044553860042
517,0.0,2178.0044553860043,,0.0,2022-08-30,0.21780044553860042
518,0.0,2178.0044553860043,,0.0,2022-08-31,0.21780044553860042
519,0.0,2178.0044553860043,,0.0,2022-09-01,0.21780044553860042
520,0.0,2178.0044553860043,,0.0,2022-09-02,0.21780044553860042
521,0.0,2178.0044553860043,,0.0,2022-09-03,0.21780044553860042
522,0.0,2178.0044553860043,,0.0,2022-09-04,0.21780044553860042
523,0.0,2178.0044553860043,,0.0,2022-09-05,0.21780044553860042
524,0.0,2178.0044553860043,,0.0,2022-09-06,0.21780044553860042
525,0.0,2178.0044553860043,,0.0,2022-09-07,0.21780044553860042
526,0.0,2178.0044553860043,,0.0,2022-09-08,0.21780044553860042
527,0.0,2178.0044553860043,,0.0,2022-09-09,0.21780044553860042
528,0.0,2178.0044553860043,,0.0,2022-09-10,0.21780044553860042
529,0.0,2178.0044553860043,,0.0,2022-09-11,0.21780044553860042
530,0.0,2178.0044553860043,,0.0,2022-09-12,0.21780044553860042
531,0.0,2178.0044553860043,,0.0,2022-09-13,0.21780044553860042
532,0.0,2178.0044553860043,,0.0,2022-09-14,0.21780044553860042
533,0.0,2178.0044553860043,,0.0,2022-09-15,0.21780044553860042
534,0.0,2178.0044553860043,,0.0,2022-09-16,0.21780044553860042
535,0.0,2178.0044553860043,,0.0,2022-09-17,0.21780044553860042
536,0.0,2178.0044553860043,,0.0,2022-09-18,0.21780044553860042
537,0.0,2178.0044553860043,,0.0,2022-09-19,0.21780044553860042
538,0.0,2178.0044553860043,,0.0,2022-09-20,0.21780044553860042
539,0.0,2178.0044553860043,,0.0,2022-09-21,0.21780044553860042
540,0.0,2178.0044553860043,,0.0,2022-09-22,0.21780044553860042
541,0.0,2178.0044553860043,,0.0,2022-09-23,0.21780044553860042
542,0.0,2178.0044553860043,,0.0,2022-09-24,0.21780044553860042
543,0.0,2178.0044553860043,,0.0,2022-09-25,0.21780044553860042
544,0.0,2178.0044553860043,,0.0,2022-09-26,0.21780044553860042
545,0.0,2178.0044553860043,,0.0,2022-09-27,0.21780044553860042
546,0.0,2178.0044553860043,,0.0,2022-09-28,0.21780044553860042
547,0.0,2178.0044553860043,,0.0,2022-09-29,0.21780044553860042
548,0.0,2178.0044553860043,,0.0,2022-09-30,0.21780044553860042
549,0.0,2178.0044553860043,,0.0,2022-10-01,0.21780044553860042
550,0.0,2178.0044553860043,,0.0,2022-10-02,0.21780044553860042
551,0.0,2178.0044553860043,,0.0,2022-10-03,0.21780044553860042
552,0.0,2178.0044553860043,,0.0,2022-10-04,0.21780044553860042
553,0.0,2178.0044553860043,,0.0,2022-10-05,0.21780044553860042
554,0.0,2178.0044553860043,,0.0,2022-10-06,0.21780044553860042
555,0.0,2178.0044553860043,,0.0,2022-10-07,0.21780044553860042
556,0.0,2178.0044553860043,,0.0,2022-10-08,0.21780044553860042
557,0.0,2178.0044553860043,,0.0,2022-10-09,0.21780044553860042
558,0.0,2178.0044553860043,,0.0,2022-10-10,0.21780044553860042
559,0.0,2178.0044553860043,,0.0,2022-10-11,0.21780044553860042
560,0.0,2178.0044553860043,,0.0,2022-10-12,0.21780044553860042
561,0.0,2178.0044553860043,,0.0,2022-10-13,0.21780044553860042
562,0.0,2178.0044553860043,,0.0,2022-10-14,0.21780044553860042
563,0.0,2178.0044553860043,,0.0,2022-10-15,0.21780044553860042
564,0.0,2178.0044553860043,,0.0,2022-10-16,0.21780044553860042
565,0.0,2178.0044553860043,,0.0,2022-10-17,0.21780044553860042
566,0.0,2178.0044553860043,,0.0,2022-10-18,0.21780044553860042
567,0.0,2178.0044553860043,,0.0,2022-10-19,0.21780044553860042
568,0.0,2178.0044553860043,,0.0,2022-10-20,0.21780044553860042
569,0.0,2178.0044553860043,,0.0,2022-10-21,0.21780044553860042
570,0.0,2178.0044553860043,,0.0,2022-10-22,0.21780044553860042
571,0.0,2178.0044553860043,,0.0,2022-10-23,0.21780044553860042
572,0.0,2178.0044553860043,,0.0,2022-10-24,0.21780044553860042
573,0.0,2178.0044553860043,,0.0,2022-10-25,0.21780044553860042
574,0.0,2178.0044553860043,,0.0,2022-10-26,0.21780044553860042
575,0.0,2178.0044553860043,,0.0,2022-10-27,0.21780044553860042
576,0.0,2178.0044553860043,,0.0,2022-10-28,0.21780044553860042
577,0.0,2178.0044553860043,,0.0,2022-10-29,0.21780044553860042
578,0.0,2178.0044553860043,,0.0,2022-10-30,0.21780044553860042
579,0.0,2178.0044553860043,,0.0,2022-10-31,0.21780044553860042
580,0.0,2178.0044553860043,,0.0,2022-11-01,0.21780044553860042
581,0.0,2178.0044553860043,,0.0,2022-11-02,0.21780044553860042
582,0.0,2178.0044553860043,,0.0,2022-11-03,0.21780044553860042
583,0.0,2178.0044553860043,,0.0,2022-11-04,0.21780044553860042
584,0.0,2178.0044553860043,,0.0,2022-11-05,0.21780044553860042
585,0.0,2178.0044553860043,,0.0,2022-11-06,0.21780044553860042
586,0.0,2178.0044553860043,,0.0,2022-11-07,0.21780044553860042
587,0.0,2178.0044553860043,,0.0,2022-11-08,0.21780044553860042
588,0.0,2178.0044553860043,,0.0,2022-11-09,0.21780044553860042
589,0.0,2178.0044553860043,,0.0,2022-11-10,0.21780044553860042
590,0.0,2178.0044553860043,,0.0,2022-11-11,0.21780044553860042
591,0.0,2178.0044553860043,,0.0,2022-11-12,0.21780044553860042
592,0.0,2178.0044553860043,,0.0,2022-11-13,0.21780044553860042
593,0.0,2178.0044553860043,,0.0,2022-11-14,0.21780044553860042
594,0.0,2178.0044553860043,,0.0,2022-11-15,0.21780044553860042
595,0.0,2178.0044553860043,,0.0,2022-11-16,0.21780044553860042
596,0.0,2178.0044553860043,,0.0,2022-11-17,0.21780044553860042
597,0.0,2178.0044553860043,,0.0,2022-11-18,0.21780044553860042
598,0.0,2178.0044553860043,,0.0,2022-11-19,0.21780044553860042
599,0.0,2178.0044553860043,,0.0,2022-11-20,0.21780044553860042
600,0.0,2178.0044553860043,,0.0,2022-11-21,0.21780044553860042
601,0.0,2178.0044553860043,,0.0,2022-11-22,0.21780044553860042
602,0.0,2178.0044553860043,,0.0,2022-11-23,0.21780044553860042
603,0.0,2178.0044553860043,,0.0,2022-11-24,0.21780044553860042
604,0.0,2178.0044553860043,,0.0,2022-11-25,0.21780044553860042
605,0.0,2178.0044553860043,,0.0,2022-11-26,0.21780044553860042
606,0.0,2178.0044553860043,,0.0,2022-11-27,0.21780044553860042
607,0.0,2178.0044553860043,,0.0,2022-11-28,0.21780044553860042
608,0.0,2178.0044553860043,,0.0,2022-11-29,0.21780044553860042
609,0.0,2178.0044553860043,,0.0,2022-11-30,0.21780044553860042
610,0.0,2178.0044553860043,,0.0,2022-12-01,0.21780044553860042
611,0.0,2178.0044553860043,,0.0,2022-12-02,0.21780044553860042
612,0.0,2178.0044553860043,,0.0,2022-12-03,0.21780044553860042
613,0.0,2178.0044553860043,,0.0,2022-12-04,0.21780044553860042
614,0.0,2178.0044553860043,,0.0,2022-12-05,0.21780044553860042
615,0.0,2178.0044553860043,,0.0,2022-12-06,0.21780044553860042
616,0.0,2178.0044553860043,,0.0,2022-12-07,0.21780044553860042
617,0.0,2178.0044553860043,,0.0,2022-12-08,0.21780044553860042
618,0.0,2178.0044553860043,,0.0,2022-12-09,0.21780044553860042
619,0.0,2178.0044553860043,,0.0,2022-12-10,0.21780044553860042
620,0.0,2178.0044553860043,,0.0,2022-12-11,0.21780044553860042
621,0.0,2178.0044553860043,,0.0,2022-12-12,0.21780044553860042
622,0.0,2178.0044553860043,,0.0,2022-12-13,0.21780044553860042
623,0.0,2178.0044553860043,,0.0,2022-12-14,0.21780044553860042
624,0.0,2178.0044553860043,,0.0,2022-12-15,0.21780044553860042
625,0.0,2178.0044553860043,,0.0,2022-12-16,0.21780044553860042
626,0.0,2178.0044553860043,,0.0,2022-12-17,0.21780044553860042
627,0.0,2178.0044553860043,,0.0,2022-12-18,0.21780044553860042
628,0.0,2178.0044553860043,,0.0,2022-12-19,0.21780044553860042
629,0.0,2178.0044553860043,,0.0,2022-12-20,0.21780044553860042
630,0.0,2178.0044553860043,,0.0,2022-12-21,0.21780044553860042
631,0.0,2178.0044553860043,,0.0,2022-12-22,0.21780044553860042
632,0.0,2178.0044553860043,,0.0,2022-12-23,0.21780044553860042
633,0.0,2178.0044553860043,,0.0,2022-12-24,0.21780044553860042
634,0.0,2178.0044553860043,,0.0,2022-12-25,0.21780044553860042
635,0.0,2178.0044553860043,,0.0,2022-12-26,0.21780044553860042
636,0.0,2178.0044553860043,,0.0,2022-12-27,0.21780044553860042
637,0.0,2178.0044553860043,,0.0,2022-12-28,0.21780044553860042
638,0.0,2178.0044553860043,,0.0,2022-12-29,0.21780044553860042
639,0.0,2178.0044553860043,,0.0,2022-12-30,0.21780044553860042
640,0.0,2178.0044553860043,,0.0,2022-12-31,0.21780044553860042
641,0.0,2178.0044553860043,,0.0,2023-01-01,0.21780044553860042
642,0.0,2178.0044553860043,,0.0,2023-01-02,0.21780044553860042
643,0.0,2178.0044553860043,,0.0,2023-01-03,0.21780044553860042
644,0.0,2178.0044553860043,,0.0,2023-01-04,0.21780044553860042
645,0.0,2178.0044553860043,,0.0,2023-01-05,0.21780044553860042
646,0.0,2178.0044553860043,,0.0,2023-01-06,0.21780044553860042
647,0.0,2178.0044553860043,,0.0,2023-01-07,0.21780044553860042
648,0.0,2178.0044553860043,,0.0,2023-01-08,0.21780044553860042
649,0.0,2178.0044553860043,,0.0,2023-01-09,0.21780044553860042
650,0.0,2178.0044553860043,,0.0,2023-01-10,0.21780044553860042
651,0.0,2178.0044553860043,,0.0,2023-01-11,0.21780044553860042
652,0.0,2178.0044553860043,,0.0,2023-01-12,0.21780044553860042
653,0.0,2178.0044553860043,,0.0,2023-01-13,0.21780044553860042
654,0.0,2178.0044553860043,,0.0,2023-01-14,0.21780044553860042
655,0.0,2178.0044553860043,,0.0,2023-01-15,0.21780044553860042
656,0.0,2178.0044553860043,,0.0,2023-01-16,0.21780044553860042
657,0.0,2178.0044553860043,,0.0,2023-01-17,0.21780044553860042
658,0.0,2178.0044553860043,,0.0,2023-01-18,0.21780044553860042
659,0.0,2178.0044553860043,,0.0,2023-01-19,0.21780044553860042
660,0.0,2178.0044553860043,,0.0,2023-01-20,0.21780044553860042
661,0.0,2178.0044553860043,,0.0,2023-01-21,0.21780044553860042
662,0.0,2178.0044553860043,,0.0,2023-01-22,0.21780044553860042
663,0.0,2178.0044553860043,,0.0,2023-01-23,0.21780044553860042
664,0.0,2178.0044553860043,,0.0,2023-01-24,0.21780044553860042
665,0.0,2178.0044553860043,,0.0,2023-01-25,0.21780044553860042
666,0.0,2178.0044553860043,,0.0,2023-01-26,0.21780044553860042
667,0.0,2178.0044553860043,,0.0,2023-01-27,0.21780044553860042
668,0.0,2178.0044553860043,,0.0,2023-01-28,0.21780044553860042
669,0.0,2178.0044553860043,,0.0,2023-01-29,0.21780044553860042
670,0.0,2178.0044553860043,,0.0,2023-01-30,0.21780044553860042
671,0.0,2178.0044553860043,,0.0,2023-01-31,0.21780044553860042
672,0.0,2178.0044553860043,,0.0,2023-02-01,0.21780044553860042
673,0.0,2178.0044553860043,,0.0,2023-02-02,0.21780044553860042
674,0.0,2178.0044553860043,,0.0,2023-02-03,0.21780044553860042
675,0.0,2178.0044553860043,,0.0,2023-02-04,0.21780044553860042
676,0.0,2178.0044553860043,,0.0,2023-02-05,0.21780044553860042
677,0.0,2178.0044553860043,,0.0,2023-02-06,0.21780044553860042
678,0.0,2178.0044553860043,,0.0,2023-02-07,0.21780044553860042
679,0.0,2178.0044553860043,,0.0,2023-02-08,0.21780044553860042
680,0.0,2178.0044553860043,,0.0,2023-02-09,0.21780044553860042
681,0.0,2178.0044553860043,,0.0,2023-02-10,0.21780044553860042
682,0.0,2178.0044553860043,,0.0,2023-02-11,0.21780044553860042
683,0.0,2178.0044553860043,,0.0,2023-02-12,0.21780044553860042
684,0.0,2178.0044553860043,,0.0,2023-02-13,0.21780044553860042
685,0.4500036932703115,2178.0044553860043,,10000.000000000002,2023-02-14,0.21780044553860042
686,0.0,3112.9708783424303,,0.0,2023-02-15,0.31129708783424304
687,0.0,3112.9708783424303,,0.0,2023-02-16,0.31129708783424304
688,0.0,3112.9708783424303,,0.0,2023-02-17,0.31129708783424304
689,0.0,3112.9708783424303,,0.0,2023-02-18,0.31129708783424304
690,0.0,3112.9708783424303,,0.0,2023-02-19,0.31129708783424304
691,0.0,3112.9708783424303,,0.0,2023-02-20,0.31129708783424304
692,0.0,3112.9708783424303,,0.0,2023-02-21,0.31129708783424304
693,0.0,3112.9708783424303,,0.0,2023-02-22,0.31129708783424304
694,0.0,3112.9708783424303,,0.0,2023-02-23,0.31129708783424304
695,0.0,3112.9708783424303,,0.0,2023-02-24,0.31129708783424304
696,0.0,3112.9708783424303,,0.0,2023-02-25,0.31129708783424304
697,0.0,3112.9708783424303,,0.0,2023-02-26,0.31129708783424304
698,0.0,3112.9708783424303,,0.0,2023-02-27,0.31129708783424304
699,0.0,3112.9708783424303,,0.0,2023-02-28,0.31129708783424304
700,0.0,3112.9708783424303,,0.0,2023-03-01,0.31129708783424304
701,0.0,3112.9708783424303,,0.0,2023-03-02,0.31129708783424304
702,0.0,3112.9708783424303,,0.0,2023-03-03,0.31129708783424304
703,0.0,3112.9708783424303,,0.0,2023-03-04,0.31129708783424304
704,0.0,3112.9708783424303,,0.0,2023-03-05,0.31129708783424304
705,0.0,3112.9708783424303,,0.0,2023-03-06,0.31129708783424304
706,0.0,3112.9708783424303,,0.0,2023-03-07,0.31129708783424304
707,0.0,3112.9708783424303,,0.0,2023-03-08,0.31129708783424304
708,0.0,3112.9708783424303,,0.0,2023-03-09,0.31129708783424304
709,0.0,3112.9708783424303,,0.0,2023-03-10,0.31129708783424304
710,0.0,3112.9708783424303,,0.0,2023-03-11,0.31129708783424304
711,0.0,3112.9708783424303,,0.0,2023-03-12,0.31129708783424304
712,0.4142915079038775,3112.9708783424303,,10000.0,2023-03-13,0.31129708783424304
713,0.0,3323.4914964898217,,0.0,2023-03-14,0.33234914964898216
714,0.0,3323.4914964898217,,0.0,2023-03-15,0.33234914964898216
715,0.39961990105157097,3323.4914964898217,,10000.0,2023-03-16,0.33234914964898216
716,0.39961990105157097,3323.4914964898217,,10000.0,2023-03-17,0.33234914964898216
717,0.39961990105157097,3323.4914964898217,,10000.0,2023-03-18,0.33234914964898216
718,0.0,4490.82852247675,,0.0,2023-03-19,0.44908285224767497
719,0.0,4490.82852247675,,0.0,2023-03-20,0.44908285224767497
720,0.3554471777205644,4490.82852247675,,10000.0,2023-03-21,0.44908285224767497
721,0.0,4167.422618747871,,0.0,2023-03-22,0.4167422618747871
722,0.0,4167.422618747871,,0.0,2023-03-23,0.4167422618747871
723,0.0,4167.422618747871,,0.0,2023-03-24,0.4167422618747871
724,0.0,4167.422618747871,,0.0,2023-03-25,0.4167422618747871
725,0.0,4167.422618747871,,0.0,2023-03-26,0.4167422618747871
726,0.0,4167.422618747871,,0.0,2023-03-27,0.4167422618747871
727,0.0,4167.422618747871,,0.0,2023-03-28,0.4167422618747871
728,0.0,4167.422618747871,,0.0,2023-03-29,0.4167422618747871
729,0.0,4167.422618747871,,0.0,2023-03-30,0.4167422618747871
730,0.0,4167.422618747871,,0.0,2023-03-31,0.4167422618747871
731,0.0,4167.422618747871,,0.0,2023-04-01,0.4167422618747871
732,0.0,4167.422618747871,,0.0,2023-04-02,0.4167422618747871
733,0.0,4167.422618747871,,0.0,2023-04-03,0.4167422618747871
734,0.0,4167.422618747871,,0.0,2023-04-04,0.4167422618747871
735,0.0,4167.422618747871,,0.0,2023-04-05,0.4167422618747871
736,0.0,4167.422618747871,,0.0,2023-04-06,0.4167422618747871
737,0.0,4167.422618747871,,0.0,2023-04-07,0.4167422618747871
738,0.0,4167.422618747871,,0.0,2023-04-08,0.4167422618747871
739,0.0,4167.422618747871,,0.0,2023-04-09,0.4167422618747871
740,0.0,4167.422618747871,,0.0,2023-04-10,0.4167422618747871
741,0.0,4167.422618747871,,0.0,2023-04-11,0.4167422618747871
742,0.0,4167.422618747871,,0.0,2023-04-12,0.4167422618747871
743,0.0,4167.422618747871,,0.0,2023-04-13,0.4167422618747871
744,0.0,4167.422618747871,,0.0,2023-04-14,0.4167422618747871
745,0.0,4167.422618747871,,0.0,2023-04-15,0.4167422618747871
746,0.0,4167.422618747871,,0.0,2023-04-16,0.4167422618747871
747,0.0,4167.422618747871,,0.0,2023-04-17,0.4167422618747871
748,0.0,4167.422618747871,,0.0,2023-04-18,0.4167422618747871
749,0.0,4167.422618747871,,0.0,2023-04-19,0.4167422618747871
750,0.0,4167.422618747871,,0.0,2023-04-20,0.4167422618747871
751,0.0,4167.422618747871,,0.0,2023-04-21,0.4167422618747871
752,0.0,4167.422618747871,,0.0,2023-04-22,0.4167422618747871
753,0.36208020086587434,4167.422618747871,,10000.000000000002,2023-04-23,0.4167422618747871
754,0.0,4118.624516094471,,0.0,2023-04-24,0.41186245160944707
755,0.0,4118.624516094471,,0.0,2023-04-25,0.41186245160944707
756,0.0,4118.624516094471,,0.0,2023-04-26,0.41186245160944707
757,0.0,4118.624516094471,,0.0,2023-04-27,0.41186245160944707
758,0.0,4118.624516094471,,0.0,2023-04-28,0.41186245160944707
759,0.0,4118.624516094471,,0.0,2023-04-29,0.41186245160944707
760,0.0,4118.624516094471,,0.0,2023-04-30,0.41186245160944707
761,0.0,4118.624516094471,,0.0,2023-05-01,0.41186245160944707
762,0.0,4118.624516094471,,0.0,2023-05-02,0.41186245160944707
763,0.0,4118.624516094471,,0.0,2023-05-03,0.41186245160944707
764,0.0,4118.624516094471,,0.0,2023-05-04,0.41186245160944707
765,0.0,4118.624516094471,,0.0,2023-05-05,0.41186245160944707
766,0.0,4118.624516094471,,0.0,2023-05-06,0.41186245160944707
767,0.0,4118.624516094471,,0.0,2023-05-07,0.41186245160944707
768,0.0,4118.624516094471,,0.0,2023-05-08,0.41186245160944707
769,0.0,4118.624516094471,,0.0,2023-05-09,0.41186245160944707
770,0.0,4118.624516094471,,0.0,2023-05-10,0.41186245160944707
771,0.0,4118.624516094471,,0.0,2023-05-11,0.41186245160944707
772,0.0,4118.624516094471,,0.0,2023-05-12,0.41186245160944707
773,0.0,4118.624516094471,,0.0,2023-05-13,0.41186245160944707
774,0.0,4118.624516094471,,0.0,2023-05-14,0.41186245160944707
775,0.0,4118.624516094471,,0.0,2023-05-15,0.41186245160944707
776,0.0,4118.624516094471,,0.0,2023-05-16,0.41186245160944707
777,0.0,4118.624516094471,,0.0,2023-05-17,0.41186245160944707
778,0.0,4118.624516094471,,0.0,2023-05-18,0.41186245160944707
779,0.0,4118.624516094471,,0.0,2023-05-19,0.41186245160944707
780,0.0,4118.624516094471,,0.0,2023-05-20,0.41186245160944707
781,0.0,4118.624516094471,,0.0,2023-05-21,0.41186245160944707
782,0.0,4118.624516094471,,0.0,2023-05-22,0.41186245160944707
783,0.0,4118.624516094471,,0.0,2023-05-23,0.41186245160944707
784,0.0,4118.624516094471,,0.0,2023-05-24,0.41186245160944707
785,0.0,4118.624516094471,,0.0,2023-05-25,0.41186245160944707
786,0.0,4118.624516094471,,0.0,2023-05-26,0.41186245160944707
787,0.0,4118.624516094471,,0.0,2023-05-27,0.41186245160944707
788,0.0,4118.624516094471,,0.0,2023-05-28,0.41186245160944707
789,0.0,4118.624516094471,,0.0,2023-05-29,0.41186245160944707
790,0.0,4118.624516094471,,0.0,2023-05-30,0.41186245160944707
791,0.0,4118.624516094471,,0.0,2023-05-31,0.41186245160944707
792,0.0,4118.624516094471,,0.0,2023-06-01,0.41186245160944707
793,0.0,4118.624516094471,,0.0,2023-06-02,0.41186245160944707
794,0.0,4118.624516094471,,0.0,2023-06-03,0.41186245160944707
795,0.0,4118.624516094471,,0.0,2023-06-04,0.41186245160944707
796,0.0,4118.624516094471,,0.0,2023-06-05,0.41186245160944707
797,0.0,4118.624516094471,,0.0,2023-06-06,0.41186245160944707
798,0.0,4118.624516094471,,0.0,2023-06-07,0.41186245160944707
799,0.0,4118.624516094471,,0.0,2023-06-08,0.41186245160944707
800,0.0,4118.624516094471,,0.0,2023-06-09,0.41186245160944707
801,0.0,4118.624516094471,,0.0,2023-06-10,0.41186245160944707
802,0.0,4118.624516094471,,0.0,2023-06-11,0.41186245160944707
803,0.0,4118.624516094471,,0.0,2023-06-12,0.41186245160944707
804,0.0,4118.624516094471,,0.0,2023-06-13,0.41186245160944707
805,0.0,4118.624516094471,,0.0,2023-06-14,0.41186245160944707
806,0.0,4118.624516094471,,0.0,2023-06-15,0.41186245160944707
807,0.0,4118.624516094471,,0.0,2023-06-16,0.41186245160944707
808,0.0,4118.624516094471,,0.0,2023-06-17,0.41186245160944707
809,0.0,4118.624516094471,,0.0,2023-06-18,0.41186245160944707
810,0.0,4118.624516094471,,0.0,2023-06-19,0.41186245160944707
811,0.0,4118.624516094471,,0.0,2023-06-20,0.41186245160944707
812,0.0,4118.624516094471,,0.0,2023-06-21,0.41186245160944707
813,0.0,4118.624516094471,,0.0,2023-06-22,0.41186245160944707
814,0.0,4118.624516094471,,0.0,2023-06-23,0.41186245160944707
815,0.0,4118.624516094471,,0.0,2023-06-24,0.41186245160944707
816,0.0,4118.624516094471,,0.0,2023-06-25,0.41186245160944707
817,0.0,4118.624516094471,,0.0,2023-06-26,0.41186245160944707
818,0.0,4118.624516094471,,0.0,2023-06-27,0.41186245160944707
819,0.0,4118.624516094471,,0.0,2023-06-28,0.41186245160944707
820,0.0,4118.624516094471,,0.0,2023-06-29,0.41186245160944707
821,0.0,4118.624516094471,,0.0,2023-06-30,0.41186245160944707
822,0.0,4118.624516094471,,0.0,2023-07-01,0.41186245160944707
823,0.0,4118.624516094471,,0.0,2023-07-02,0.41186245160944707
824,0.0,4118.624516094471,,0.0,2023-07-03,0.41186245160944707
825,0.0,4118.624516094471,,0.0,2023-07-04,0.41186245160944707
826,0.0,4118.624516094471,,0.0,2023-07-05,0.41186245160944707
827,0.0,4118.624516094471,,0.0,2023-07-06,0.41186245160944707
828,0.0,4118.624516094471,,0.0,2023-07-07,0.41186245160944707
829,0.0,4118.624516094471,,0.0,2023-07-08,0.41186245160944707
830,0.0,4118.624516094471,,0.0,2023-07-09,0.41186245160944707
831,0.0,4118.624516094471,,0.0,2023-07-10,0.41186245160944707
832,0.0,4118.624516094471,,0.0,2023-07-11,0.41186245160944707
833,0.0,4118.624516094471,,0.0,2023-07-12,0.41186245160944707
834,0.0,4118.624516094471,,0.0,2023-07-13,0.41186245160944707
835,0.0,4118.624516094471,,0.0,2023-07-14,0.41186245160944707
836,0.0,4118.624516094471,,0.0,2023-07-15,0.41186245160944707
837,0.0,4118.624516094471,,0.0,2023-07-16,0.41186245160944707
838,0.0,4118.624516094471,,0.0,2023-07-17,0.41186245160944707
839,0.0,4118.624516094471,,0.0,2023-07-18,0.41186245160944707
840,0.0,4118.624516094471,,0.0,2023-07-19,0.41186245160944707
841,0.0,4118.624516094471,,0.0,2023-07-20,0.41186245160944707
842,0.0,4118.624516094471,,0.0,2023-07-21,0.41186245160944707
843,0.0,4118.624516094471,,0.0,2023-07-22,0.41186245160944707
844,0.0,4118.624516094471,,0.0,2023-07-23,0.41186245160944707
845,0.0,4118.624516094471,,0.0,2023-07-24,0.41186245160944707
846,0.0,4118.624516094471,,0.0,2023-07-25,0.41186245160944707
847,0.0,4118.624516094471,,0.0,2023-07-26,0.41186245160944707
848,0.0,4118.624516094471,,0.0,2023-07-27,0.41186245160944707
849,0.0,4118.624516094471,,0.0,2023-07-28,0.41186245160944707
850,0.0,4118.624516094471,,0.0,2023-07-29,0.41186245160944707
851,0.0,4118.624516094471,,0.0,2023-07-30,0.41186245160944707
852,0.0,4118.624516094471,,0.0,2023-07-31,0.41186245160944707
853,0.0,4118.624516094471,,0.0,2023-08-01,0.41186245160944707
854,0.0,4118.624516094471,,0.0,2023-08-02,0.41186245160944707
855,0.0,4118.624516094471,,0.0,2023-08-03,0.41186245160944707
856,0.0,4118.624516094471,,0.0,2023-08-04,0.41186245160944707
857,0.0,4118.624516094471,,0.0,2023-08-05,0.41186245160944707
858,0.0,4118.624516094471,,0.0,2023-08-06,0.41186245160944707
859,0.0,4118.624516094471,,0.0,2023-08-07,0.41186245160944707
860,0.0,4118.624516094471,,0.0,2023-08-08,0.41186245160944707
861,0.0,4118.624516094471,,0.0,2023-08-09,0.41186245160944707
862,0.0,4118.624516094471,,0.0,2023-08-10,0.41186245160944707
863,0.0,4118.624516094471,,0.0,2023-08-11,0.41186245160944707
864,0.0,4118.624516094471,,0.0,2023-08-12,0.41186245160944707
865,0.0,4118.624516094471,,0.0,2023-08-13,0.41186245160944707
866,0.0,4118.624516094471,,0.0,2023-08-14,0.41186245160944707
867,0.0,4118.624516094471,,0.0,2023-08-15,0.41186245160944707
868,0.0,4118.624516094471,,0.0,2023-08-16,0.41186245160944707
869,0.0,4118.624516094471,,0.0,2023-08-17,0.41186245160944707
870,0.0,4118.624516094471,,0.0,2023-08-18,0.41186245160944707
871,0.0,4118.624516094471,,0.0,2023-08-19,0.41186245160944707
872,0.0,4118.624516094471,,0.0,2023-08-20,0.41186245160944707
873,0.0,4118.624516094471,,0.0,2023-08-21,0.41186245160944707
874,0.0,4118.624516094471,,0.0,2023-08-22,0.41186245160944707
875,0.0,4118.624516094471,,0.0,2023-08-23,0.41186245160944707
876,0.0,4118.624516094471,,0.0,2023-08-24,0.41186245160944707
877,0.0,4118.624516094471,,0.0,2023-08-25,0.41186245160944707
878,0.0,4118.624516094471,,0.0,2023-08-26,0.41186245160944707
879,0.0,4118.624516094471,,0.0,2023-08-27,0.41186245160944707
880,0.0,4118.624516094471,,0.0,2023-08-28,0.41186245160944707
881,0.0,4118.624516094471,,0.0,2023-08-29,0.41186245160944707
882,0.0,4118.624516094471,,0.0,2023-08-30,0.41186245160944707
883,0.0,4118.624516094471,,0.0,2023-08-31,0.41186245160944707
884,0.0,4118.624516094471,,0.0,2023-09-01,0.41186245160944707
885,0.0,4118.624516094471,,0.0,2023-09-02,0.41186245160944707
886,0.0,4118.624516094471,,0.0,2023-09-03,0.41186245160944707
887,0.0,4118.624516094471,,0.0,2023-09-04,0.41186245160944707
888,0.0,4118.624516094471,,0.0,2023-09-05,0.41186245160944707
889,0.0,4118.624516094471,,0.0,2023-09-06,0.41186245160944707
890,0.0,4118.624516094471,,0.0,2023-09-07,0.41186245160944707
891,0.0,4118.624516094471,,0.0,2023-09-08,0.41186245160944707
892,0.0,4118.624516094471,,0.0,2023-09-09,0.41186245160944707
893,0.0,4118.624516094471,,0.0,2023-09-10,0.41186245160944707
894,0.0,4118.624516094471,,0.0,2023-09-11,0.41186245160944707
895,0.0,4118.624516094471,,0.0,2023-09-12,0.41186245160944707
896,0.0,4118.624516094471,,0.0,2023-09-13,0.41186245160944707
897,0.0,4118.624516094471,,0.0,2023-09-14,0.41186245160944707
898,0.0,4118.624516094471,,0.0,2023-09-15,0.41186245160944707
899,0.0,4118.624516094471,,0.0,2023-09-16,0.41186245160944707
900,0.0,4118.624516094471,,0.0,2023-09-17,0.41186245160944707
901,0.0,4118.624516094471,,0.0,2023-09-18,0.41186245160944707
902,0.0,4118.624516094471,,0.0,2023-09-19,0.41186245160944707
903,0.0,4118.624516094471,,0.0,2023-09-20,0.41186245160944707
904,0.0,4118.624516094471,,0.0,2023-09-21,0.41186245160944707
905,0.0,4118.624516094471,,0.0,2023-09-22,0.41186245160944707
906,0.0,4118.624516094471,,0.0,2023-09-23,0.41186245160944707
907,0.0,4118.624516094471,,0.0,2023-09-24,0.41186245160944707
908,0.0,4118.624516094471,,0.0,2023-09-25,0.41186245160944707
909,0.0,4118.624516094471,,0.0,2023-09-26,0.41186245160944707
910,0.0,4118.624516094471,,0.0,2023-09-27,0.41186245160944707
911,0.0,4118.624516094471,,0.0,2023-09-28,0.41186245160944707
912,0.0,4118.624516094471,,0.0,2023-09-29,0.41186245160944707
913,0.0,4118.624516094471,,0.0,2023-09-30,0.41186245160944707
914,0.0,4118.624516094471,,0.0,2023-10-01,0.41186245160944707
915,0.0,4118.624516094471,,0.0,2023-10-02,0.41186245160944707
916,0.0,4118.624516094471,,0.0,2023-10-03,0.41186245160944707
917,0.0,4118.624516094471,,0.0,2023-10-04,0.41186245160944707
918,0.0,4118.624516094471,,0.0,2023-10-05,0.41186245160944707
919,0.0,4118.624516094471,,0.0,2023-10-06,0.41186245160944707
920,0.0,4118.624516094471,,0.0,2023-10-07,0.41186245160944707
921,0.0,4118.624516094471,,0.0,2023-10-08,0.41186245160944707
922,0.0,4118.624516094471,,0.0,2023-10-09,0.41186245160944707
923,0.0,4118.624516094471,,0.0,2023-10-10,0.41186245160944707
924,0.0,4118.624516094471,,0.0,2023-10-11,0.41186245160944707
925,0.0,4118.624516094471,,0.0,2023-10-12,0.41186245160944707
926,0.0,4118.624516094471,,0.0,2023-10-13,0.41186245160944707
927,0.0,4118.624516094471,,0.0,2023-10-14,0.41186245160944707
928,0.0,4118.624516094471,,0.0,2023-10-15,0.41186245160944707
929,0.0,4118.624516094471,,0.0,2023-10-16,0.41186245160944707
930,0.0,4118.624516094471,,0.0,2023-10-17,0.41186245160944707
931,0.0,4118.624516094471,,0.0,2023-10-18,0.41186245160944707
932,0.0,4118.624516094471,,0.0,2023-10-19,0.41186245160944707
933,0.0,4118.624516094471,,0.0,2023-10-20,0.41186245160944707
934,0.0,4118.624516094471,,0.0,2023-10-21,0.41186245160944707
935,0.0,4118.624516094471,,0.0,2023-10-22,0.41186245160944707
936,0.0,4118.624516094471,,0.0,2023-10-23,0.41186245160944707
937,0.0,4118.624516094471,,0.0,2023-10-24,0.41186245160944707
938,0.0,4118.624516094471,,0.0,2023-10-25,0.41186245160944707
939,0.0,4118.624516094471,,0.0,2023-10-26,0.41186245160944707
940,0.0,4118.624516094471,,0.0,2023-10-27,0.41186245160944707
941,0.0,4118.624516094471,,0.0,2023-10-28,0.41186245160944707
942,0.0,4118.624516094471,,0.0,2023-10-29,0.41186245160944707
943,0.0,4118.624516094471,,0.0,2023-10-30,0.41186245160944707
944,0.0,4118.624516094471,,0.0,2023-10-31,0.41186245160944707
945,0.0,4118.624516094471,,0.0,2023-11-01,0.41186245160944707
946,0.0,4118.624516094471,,0.0,2023-11-02,0.41186245160944707
947,0.0,4118.624516094471,,0.0,2023-11-03,0.41186245160944707
948,0.0,4118.624516094471,,0.0,2023-11-04,0.41186245160944707
949,0.0,4118.624516094471,,0.0,2023-11-05,0.41186245160944707
950,0.0,4118.624516094471,,0.0,2023-11-06,0.41186245160944707
951,0.0,4118.624516094471,,0.0,2023-11-07,0.41186245160944707
952,0.0,4118.624516094471,,0.0,2023-11-08,0.41186245160944707
953,0.0,4118.624516094471,,0.0,2023-11-09,0.41186245160944707
954,0.0,4118.624516094471,,0.0,2023-11-10,0.41186245160944707
955,0.0,4118.624516094471,,0.0,2023-11-11,0.41186245160944707
956,0.0,4118.624516094471,,0.0,2023-11-12,0.41186245160944707
957,0.0,4118.624516094471,,0.0,2023-11-13,0.41186245160944707
958,0.0,4118.624516094471,,0.0,2023-11-14,0.41186245160944707
959,0.0,4118.624516094471,,0.0,2023-11-15,0.41186245160944707
960,0.0,4118.624516094471,,0.0,2023-11-16,0.41186245160944707
961,0.0,4118.624516094471,,0.0,2023-11-17,0.41186245160944707
962,0.0,4118.624516094471,,0.0,2023-11-18,0.41186245160944707
963,0.0,4118.624516094471,,0.0,2023-11-19,0.41186245160944707
964,0.0,4118.624516094471,,0.0,2023-11-20,0.41186245160944707
965,0.0,4118.624516094471,,0.0,2023-11-21,0.41186245160944707
966,0.0,4118.624516094471,,0.0,2023-11-22,0.41186245160944707
967,0.0,4118.624516094471,,0.0,2023-11-23,0.41186245160944707
968,0.0,4118.624516094471,,0.0,2023-11-24,0.41186245160944707
969,0.0,4118.624516094471,,0.0,2023-11-25,0.41186245160944707
970,0.0,4118.624516094471,,0.0,2023-11-26,0.41186245160944707
971,0.0,4118.624516094471,,0.0,2023-11-27,0.41186245160944707
972,0.0,4118.624516094471,,0.0,2023-11-28,0.41186245160944707
973,0.0,4118.624516094471,,0.0,2023-11-29,0.41186245160944707
974,0.0,4118.624516094471,,0.0,2023-11-30,0.41186245160944707
975,0.0,4118.624516094471,,0.0,2023-12-01,0.41186245160944707
976,0.0,4118.624516094471,,0.0,2023-12-02,0.41186245160944707
977,0.0,4118.624516094471,,0.0,2023-12-03,0.41186245160944707
978,0.0,4118.624516094471,,0.0,2023-12-04,0.41186245160944707
979,0.0,4118.624516094471,,0.0,2023-12-05,0.41186245160944707
980,0.0,4118.624516094471,,0.0,2023-12-06,0.41186245160944707
981,0.0,4118.624516094471,,0.0,2023-12-07,0.41186245160944707
982,0.0,4118.624516094471,,0.0,2023-12-08,0.41186245160944707
983,0.0,4118.624516094471,,0.0,2023-12-09,0.41186245160944707
984,0.0,4118.624516094471,,0.0,2023-12-10,0.41186245160944707
985,0.0,4118.624516094471,,0.0,2023-12-11,0.41186245160944707
986,0.0,4118.624516094471,,0.0,2023-12-12,0.41186245160944707
987,0.0,4118.624516094471,,0.0,2023-12-13,0.41186245160944707
988,0.0,4118.624516094471,,0.0,2023-12-14,0.41186245160944707
989,0.0,4118.624516094471,,0.0,2023-12-15,0.41186245160944707
990,0.0,4118.624516094471,,0.0,2023-12-16,0.41186245160944707
991,0.0,4118.624516094471,,0.0,2023-12-17,0.41186245160944707
992,0.0,4118.624516094471,,0.0,2023-12-18,0.41186245160944707
993,0.0,4118.624516094471,,0.0,2023-12-19,0.41186245160944707
994,0.0,4118.624516094471,,0.0,2023-12-20,0.41186245160944707
995,0.0,4118.624516094471,,0.0,2023-12-21,0.41186245160944707
996,0.0,4118.624516094471,,0.0,2023-12-22,0.41186245160944707
997,0.0,4118.624516094471,,0.0,2023-12-23,0.41186245160944707
998,0.0,4118.624516094471,,0.0,2023-12-24,0.41186245160944707
999,0.0,4118.624516094471,,0.0,2023-12-25,0.41186245160944707
1000,0.0,4118.624516094471,,0.0,2023-12-26,0.41186245160944707
1001,0.0,4118.624516094471,,0.0,2023-12-27,0.41186245160944707
1002,0.0,4118.624516094471,,0.0,2023-12-28,0.41186245160944707
1003,0.0,4118.624516094471,,0.0,2023-12-29,0.41186245160944707
1004,0.0,4118.624516094471,,0.0,2023-12-30,0.41186245160944707
1005,0.0,4118.624516094471,,0.0,2023-12-31,0.41186245160944707
1006,0.0,4118.624516094471,,0.0,2024-01-01,0.41186245160944707
1007,0.0,4118.624516094471,,0.0,2024-01-02,0.41186245160944707
1008,0.0,4118.624516094471,,0.0,2024-01-03,0.41186245160944707
1009,0.0,4118.624516094471,,0.0,2024-01-04,0.41186245160944707
1010,0.0,4118.624516094471,,0.0,2024-01-05,0.41186245160944707
1011,0.0,4118.624516094471,,0.0,2024-01-06,0.41186245160944707
1012,0.0,4118.624516094471,,0.0,2024-01-07,0.41186245160944707
1013,0.0,4118.624516094471,,0.0,2024-01-08,0.41186245160944707
1014,0.0,4118.624516094471,,0.0,2024-01-09,0.41186245160944707
1015,0.0,4118.624516094471,,0.0,2024-01-10,0.41186245160944707
1016,0.0,4118.624516094471,,0.0,2024-01-11,0.41186245160944707
1017,0.0,4118.624516094471,,0.0,2024-01-12,0.41186245160944707
1018,0.0,4118.624516094471,,0.0,2024-01-13,0.41186245160944707
1019,0.0,4118.624516094471,,0.0,2024-01-14,0.41186245160944707
1020,0.0,4118.624516094471,,0.0,2024-01-15,0.41186245160944707
1021,0.0,4118.624516094471,,0.0,2024-01-16,0.41186245160944707
1022,0.0,4118.624516094471,,0.0,2024-01-17,0.41186245160944707
1023,0.0,4118.624516094471,,0.0,2024-01-18,0.41186245160944707
1024,0.0,4118.624516094471,,0.0,2024-01-19,0.41186245160944707
1025,0.0,4118.624516094471,,0.0,2024-01-20,0.41186245160944707
1026,0.0,4118.624516094471,,0.0,2024-01-21,0.41186245160944707
1027,0.0,4118.624516094471,,0.0,2024-01-22,0.41186245160944707
1028,0.0,4118.624516094471,,0.0,2024-01-23,0.41186245160944707
1029,0.249221401935343,4118.624516094471,,10000.000000000002,2024-01-24,0.41186245160944707
1030,0.0,4067.8242298862187,,0.0,2024-01-25,0.4067824229886219
1031,0.0,4067.8242298862187,,0.0,2024-01-26,0.4067824229886219
1032,0.0,4067.8242298862187,,0.0,2024-01-27,0.4067824229886219
1033,0.0,4067.8242298862187,,0.0,2024-01-28,0.4067824229886219
1034,0.0,4067.8242298862187,,0.0,2024-01-29,0.4067824229886219
1035,0.0,4067.8242298862187,,0.0,2024-01-30,0.4067824229886219
1036,0.0,4067.8242298862187,,0.0,2024-01-31,0.4067824229886219
1037,0.0,4067.8242298862187,,0.0,2024-02-01,0.4067824229886219
1038,0.0,4067.8242298862187,,0.0,2024-02-02,0.4067824229886219
1039,0.0,4067.8242298862187,,0.0,2024-02-03,0.4067824229886219
1040,0.0,4067.8242298862187,,0.0,2024-02-04,0.4067824229886219
1041,0.0,4067.8242298862187,,0.0,2024-02-05,0.4067824229886219
1042,0.0,4067.8242298862187,,0.0,2024-02-06,0.4067824229886219
1043,0.0,4067.8242298862187,,0.0,2024-02-07,0.4067824229886219
1044,0.0,4067.8242298862187,,0.0,2024-02-08,0.4067824229886219
1045,0.0,4067.8242298862187,,0.0,2024-02-09,0.4067824229886219
1046,0.0,4067.8242298862187,,0.0,2024-02-10,0.4067824229886219
1047,0.0,4067.8242298862187,,0.0,2024-02-11,0.4067824229886219
1048,0.0,4067.8242298862187,,0.0,2024-02-12,0.4067824229886219
1049,0.0,4067.8242298862187,,0.0,2024-02-13,0.4067824229886219
1050,0.0,4067.8242298862187,,0.0,2024-02-14,0.4067824229886219
1051,0.0,4067.8242298862187,,0.0,2024-02-15,0.4067824229886219
1052,0.0,4067.8242298862187,,0.0,2024-02-16,0.4067824229886219
1053,0.0,4067.8242298862187,,0.0,2024-02-17,0.4067824229886219
1054,0.0,4067.8242298862187,,0.0,2024-02-18,0.4067824229886219
1055,0.0,4067.8242298862187,,0.0,2024-02-19,0.4067824229886219
1056,0.0,4067.8242298862187,,0.0,2024-02-20,0.4067824229886219
1057,0.0,4067.8242298862187,,0.0,2024-02-21,0.4067824229886219
1058,0.0,4067.8242298862187,,0.0,2024-02-22,0.4067824229886219
1059,0.0,4067.8242298862187,,0.0,2024-02-23,0.4067824229886219
1060,0.0,4067.8242298862187,,0.0,2024-02-24,0.4067824229886219
1061,0.0,4067.8242298862187,,0.0,2024-02-25,0.4067824229886219
1062,0.0,4067.8242298862187,,0.0,2024-02-26,0.4067824229886219
1063,0.0,4067.8242298862187,,0.0,2024-02-27,0.4067824229886219
1064,0.0,4067.8242298862187,,0.0,2024-02-28,0.4067824229886219
1065,0.0,4067.8242298862187,,0.0,2024-02-29,0.4067824229886219
1066,0.0,4067.8242298862187,,0.0,2024-03-01,0.4067824229886219
1067,0.0,4067.8242298862187,,0.0,2024-03-02,0.4067824229886219
1068,0.0,4067.8242298862187,,0.0,2024-03-03,0.4067824229886219
1069,0.0,4067.8242298862187,,0.0,2024-03-04,0.4067824229886219
1070,0.0,4067.8242298862187,,0.0,2024-03-05,0.4067824229886219
1071,0.0,4067.8242298862187,,0.0,2024-03-06,0.4067824229886219
1072,0.0,4067.8242298862187,,0.0,2024-03-07,0.4067824229886219
1073,0.0,4067.8242298862187,,0.0,2024-03-08,0.4067824229886219
1074,0.0,4067.8242298862187,,0.0,2024-03-09,0.4067824229886219
1075,0.0,4067.8242298862187,,0.0,2024-03-10,0.4067824229886219
1076,0.0,4067.8242298862187,,0.0,2024-03-11,0.4067824229886219
1077,0.0,4067.8242298862187,,0.0,2024-03-12,0.4067824229886219
1078,0.0,4067.8242298862187,,0.0,2024-03-13,0.4067824229886219
1079,0.0,4067.8242298862187,,0.0,2024-03-14,0.4067824229886219
1080,0.0,4067.8242298862187,,0.0,2024-03-15,0.4067824229886219
1081,0.0,4067.8242298862187,,0.0,2024-03-16,0.4067824229886219
1082,0.0,4067.8242298862187,,0.0,2024-03-17,0.4067824229886219
1083,0.0,4067.8242298862187,,0.0,2024-03-18,0.4067824229886219
1084,0.0,4067.8242298862187,,0.0,2024-03-19,0.4067824229886219
1085,0.0,4067.8242298862187,,0.0,2024-03-20,0.4067824229886219
1086,0.0,4067.8242298862187,,0.0,2024-03-21,0.4067824229886219
1087,0.0,4067.8242298862187,,0.0,2024-03-22,0.4067824229886219
1088,0.0,4067.8242298862187,,0.0,2024-03-23,0.4067824229886219
1089,0.0,4067.8242298862187,,0.0,2024-03-24,0.4067824229886219
1090,0.0,4067.8242298862187,,0.0,2024-03-25,0.4067824229886219
1091,0.0,4067.8242298862187,,0.0,2024-03-26,0.4067824229886219
1092,0.0,4067.8242298862187,,0.0,2024-03-27,0.4067824229886219
1093,0.0,4067.8242298862187,,0.0,2024-03-28,0.4067824229886219
1094,0.0,4067.8242298862187,,0.0,2024-03-29,0.4067824229886219
1095,0.0,4067.8242298862187,,0.0,2024-03-30,0.4067824229886219
1096,0.0,4067.8242298862187,,0.0,2024-03-31,0.4067824229886219
1097,0.0,4067.8242298862187,,0.0,2024-04-01,0.4067824229886219
1098,0.0,4067.8242298862187,,0.0,2024-04-02,0.4067824229886219
1099,0.0,4067.8242298862187,,0.0,2024-04-03,0.4067824229886219
1100,0.14586556216823454,4067.8242298862187,,10000.0,2024-04-04,0.4067824229886219
1101,0.0,3950.6243999215294,,0.0,2024-04-05,0.39506243999215296
1102,0.0,3950.6243999215294,,0.0,2024-04-06,0.39506243999215296
1103,0.0,3950.6243999215294,,0.0,2024-04-07,0.39506243999215296
1104,0.0,3950.6243999215294,,0.0,2024-04-08,0.39506243999215296
1105,0.0,3950.6243999215294,,0.0,2024-04-09,0.39506243999215296
1106,0.0,3950.6243999215294,,0.0,2024-04-10,0.39506243999215296
1107,0.0,3950.6243999215294,,0.0,2024-04-11,0.39506243999215296
1108,0.0,3950.6243999215294,,0.0,2024-04-12,0.39506243999215296
1109,0.0,3950.6243999215294,,0.0,2024-04-13,0.39506243999215296
1110,0.0,3950.6243999215294,,0.0,2024-04-14,0.39506243999215296
1111,0.0,3950.6243999215294,,0.0,2024-04-15,0.39506243999215296
1112,0.0,3950.6243999215294,,0.0,2024-04-16,0.39506243999215296
1113,0.0,3950.6243999215294,,0.0,2024-04-17,0.39506243999215296
1114,0.0,3950.6243999215294,,0.0,2024-04-18,0.39506243999215296
1115,0.0,3950.6243999215294,,0.0,2024-04-19,0.39506243999215296
1116,0.0,3950.6243999215294,,0.0,2024-04-20,0.39506243999215296
1117,0.0,3950.6243999215294,,0.0,2024-04-21,0.39506243999215296
1118,0.0,3950.6243999215294,,0.0,2024-04-22,0.39506243999215296
1119,0.0,3950.6243999215294,,0.0,2024-04-23,0.39506243999215296
1120,0.0,3950.6243999215294,,0.0,2024-04-24,0.39506243999215296
1121,0.0,3950.6243999215294,,0.0,2024-04-25,0.39506243999215296
1122,0.0,3950.6243999215294,,0.0,2024-04-26,0.39506243999215296
1123,0.0,3950.6243999215294,,0.0,2024-04-27,0.39506243999215296
1124,0.0,3950.6243999215294,,0.0,2024-04-28,0.39506243999215296
1125,0.0,3950.6243999215294,,0.0,2024-04-29,0.39506243999215296
1126,0.0,3950.6243999215294,,0.0,2024-04-30,0.39506243999215296
1127,0.0,3950.6243999215294,,0.0,2024-05-01,0.39506243999215296
1128,0.0,3950.6243999215294,,0.0,2024-05-02,0.39506243999215296
1129,0.0,3950.6243999215294,,0.0,2024-05-03,0.39506243999215296
1130,0.0,3950.6243999215294,,0.0,2024-05-04,0.39506243999215296
1131,0.0,3950.6243999215294,,0.0,2024-05-05,0.39506243999215296
1132,0.0,3950.6243999215294,,0.0,2024-05-06,0.39506243999215296
1133,0.0,3950.6243999215294,,0.0,2024-05-07,0.39506243999215296
1134,0.0,3950.6243999215294,,0.0,2024-05-08,0.39506243999215296
1135,0.0,3950.6243999215294,,0.0,2024-05-09,0.39506243999215296
1136,0.0,3950.6243999215294,,0.0,2024-05-10,0.39506243999215296
1137,0.0,3950.6243999215294,,0.0,2024-05-11,0.39506243999215296
1138,0.0,3950.6243999215294,,0.0,2024-05-12,0.39506243999215296
1139,0.0,3950.6243999215294,,0.0,2024-05-13,0.39506243999215296
1140,0.0,3950.6243999215294,,0.0,2024-05-14,0.39506243999215296
1141,0.0,3950.6243999215294,,0.0,2024-05-15,0.39506243999215296
1142,0.0,3950.6243999215294,,0.0,2024-05-16,0.39506243999215296
1143,0.0,3950.6243999215294,,0.0,2024-05-17,0.39506243999215296
1144,0.0,3950.6243999215294,,0.0,2024-05-18,0.39506243999215296
1145,0.0,3950.6243999215294,,0.0,2024-05-19,0.39506243999215296
1146,0.0,3950.6243999215294,,0.0,2024-05-20,0.39506243999215296
1147,0.0,3950.6243999215294,,0.0,2024-05-21,0.39506243999215296
1148,0.0,3950.6243999215294,,0.0,2024-05-22,0.39506243999215296
1149,0.0,3950.6243999215294,,0.0,2024-05-23,0.39506243999215296
1150,0.0,3950.6243999215294,,0.0,2024-05-24,0.39506243999215296
1151,0.0,3950.6243999215294,,0.0,2024-05-25,0.39506243999215296
1152,0.0,3950.6243999215294,,0.0,2024-05-26,0.39506243999215296
1153,0.0,3950.6243999215294,,0.0,2024-05-27,0.39506243999215296
1154,0.0,3950.6243999215294,,0.0,2024-05-28,0.39506243999215296
1155,0.0,3950.6243999215294,,0.0,2024-05-29,0.39506243999215296
1156,0.0,3950.6243999215294,,0.0,2024-05-30,0.39506243999215296
1157,0.0,3950.6243999215294,,0.0,2024-05-31,0.39506243999215296
1158,0.0,3950.6243999215294,,0.0,2024-06-01,0.39506243999215296
1159,0.0,3950.6243999215294,,0.0,2024-06-02,0.39506243999215296
1160,0.0,3950.6243999215294,,0.0,2024-06-03,0.39506243999215296
1161,0.0,3950.6243999215294,,0.0,2024-06-04,0.39506243999215296
1162,0.0,3950.6243999215294,,0.0,2024-06-05,0.39506243999215296
1163,0.0,3950.6243999215294,,0.0,2024-06-06,0.39506243999215296
1164,0.0,3950.6243999215294,,0.0,2024-06-07,0.39506243999215296
1165,0.0,3950.6243999215294,,0.0,2024-06-08,0.39506243999215296
1166,0.0,3950.6243999215294,,0.0,2024-06-09,0.39506243999215296
1167,0.0,3950.6243999215294,,0.0,2024-06-10,0.39506243999215296
1168,0.0,3950.6243999215294,,0.0,2024-06-11,0.39506243999215296
1169,0.0,3950.6243999215294,,0.0,2024-06-12,0.39506243999215296
1170,0.0,3950.6243999215294,,0.0,2024-06-13,0.39506243999215296
1171,0.0,3950.6243999215294,,0.0,2024-06-14,0.39506243999215296
1172,0.0,3950.6243999215294,,0.0,2024-06-15,0.39506243999215296
1173,0.0,3950.6243999215294,,0.0,2024-06-16,0.39506243999215296
1174,0.0,3950.6243999215294,,0.0,2024-06-17,0.39506243999215296
1175,0.0,3950.6243999215294,,0.0,2024-06-18,0.39506243999215296
1176,0.0,3950.6243999215294,,0.0,2024-06-19,0.39506243999215296
1177,0.0,3950.6243999215294,,0.0,2024-06-20,0.39506243999215296
1178,0.0,3950.6243999215294,,0.0,2024-06-21,0.39506243999215296
1179,0.0,3950.6243999215294,,0.0,2024-06-22,0.39506243999215296
1180,0.0,3950.6243999215294,,0.0,2024-06-23,0.39506243999215296
1181,0.0,3950.6243999215294,,0.0,2024-06-24,0.39506243999215296
1182,0.0,3950.6243999215294,,0.0,2024-06-25,0.39506243999215296
1183,0.0,3950.6243999215294,,0.0,2024-06-26,0.39506243999215296
1184,0.0,3950.6243999215294,,0.0,2024-06-27,0.39506243999215296
1185,0.0,3950.6243999215294,,0.0,2024-06-28,0.39506243999215296
1186,0.0,3950.6243999215294,,0.0,2024-06-29,0.39506243999215296
1187,0.0,3950.6243999215294,,0.0,2024-06-30,0.39506243999215296
1188,0.0,3950.6243999215294,,0.0,2024-07-01,0.39506243999215296
1189,0.0,3950.6243999215294,,0.0,2024-07-02,0.39506243999215296
1190,0.0,3950.6243999215294,,0.0,2024-07-03,0.39506243999215296
1191,0.0,3950.6243999215294,,0.0,2024-07-04,0.39506243999215296
1192,0.0,3950.6243999215294,,0.0,2024-07-05,0.39506243999215296
1193,0.0,3950.6243999215294,,0.0,2024-07-06,0.39506243999215296
1194,0.0,3950.6243999215294,,0.0,2024-07-07,0.39506243999215296
1195,0.0,3950.6243999215294,,0.0,2024-07-08,0.39506243999215296
1196,0.0,3950.6243999215294,,0.0,2024-07-09,0.39506243999215296
1197,0.0,3950.6243999215294,,0.0,2024-07-10,0.39506243999215296
1198,0.0,3950.6243999215294,,0.0,2024-07-11,0.39506243999215296
1199,0.0,3950.6243999215294,,0.0,2024-07-12,0.39506243999215296
1200,0.0,3950.6243999215294,,0.0,2024-07-13,0.39506243999215296
1201,0.0,3950.6243999215294,,0.0,2024-07-14,0.39506243999215296
1202,0.0,3950.6243999215294,,0.0,2024-07-15,0.39506243999215296
1203,0.0,3950.6243999215294,,0.0,2024-07-16,0.39506243999215296
1204,0.0,3950.6243999215294,,0.0,2024-07-17,0.39506243999215296
1205,0.0,3950.6243999215294,,0.0,2024-07-18,0.39506243999215296
1206,0.0,3950.6243999215294,,0.0,2024-07-19,0.39506243999215296
1207,0.0,3950.6243999215294,,0.0,2024-07-20,0.39506243999215296
1208,0.0,3950.6243999215294,,0.0,2024-07-21,0.39506243999215296
1209,0.0,3950.6243999215294,,0.0,2024-07-22,0.39506243999215296
1210,0.0,3950.6243999215294,,0.0,2024-07-23,0.39506243999215296
1211,0.0,3950.6243999215294,,0.0,2024-07-24,0.39506243999215296
1212,0.0,3950.6243999215294,,0.0,2024-07-25,0.39506243999215296
1213,0.0,3950.6243999215294,,0.0,2024-07-26,0.39506243999215296
1214,0.0,3950.6243999215294,,0.0,2024-07-27,0.39506243999215296
1215,0.0,3950.6243999215294,,0.0,2024-07-28,0.39506243999215296
1216,0.0,3950.6243999215294,,0.0,2024-07-29,0.39506243999215296
1217,0.0,3950.6243999215294,,0.0,2024-07-30,0.39506243999215296
1218,0.0,3950.6243999215294,,0.0,2024-07-31,0.39506243999215296
1219,0.0,3950.6243999215294,,0.0,2024-08-01,0.39506243999215296
1220,0.0,3950.6243999215294,,0.0,2024-08-02,0.39506243999215296
1221,0.0,3950.6243999215294,,0.0,2024-08-03,0.39506243999215296
1222,0.0,3950.6243999215294,,0.0,2024-08-04,0.39506243999215296
1223,0.0,3950.6243999215294,,0.0,2024-08-05,0.39506243999215296
1224,0.0,3950.6243999215294,,0.0,2024-08-06,0.39506243999215296
1225,0.0,3950.6243999215294,,0.0,2024-08-07,0.39506243999215296
1226,0.1619494149321425,3950.6243999215294,,10000.000000000002,2024-08-08,0.39506243999215296
1227,0.0,3793.448609182915,,0.0,2024-08-09,0.3793448609182915
1228,0.0,3793.448609182915,,0.0,2024-08-10,0.3793448609182915
1229,0.0,3793.448609182915,,0.0,2024-08-11,0.3793448609182915
1230,0.0,3793.448609182915,,0.0,2024-08-12,0.3793448609182915
1231,0.0,3793.448609182915,,0.0,2024-08-13,0.3793448609182915
1232,0.0,3793.448609182915,,0.0,2024-08-14,0.3793448609182915
1233,0.0,3793.448609182915,,0.0,2024-08-15,0.3793448609182915
1234,0.0,3793.448609182915,,0.0,2024-08-16,0.3793448609182915
1235,0.0,3793.448609182915,,0.0,2024-08-17,0.3793448609182915
1236,0.0,3793.448609182915,,0.0,2024-08-18,0.3793448609182915
1237,0.0,3793.448609182915,,0.0,2024-08-19,0.3793448609182915
1238,0.0,3793.448609182915,,0.0,2024-08-20,0.3793448609182915
1239,0.0,3793.448609182915,,0.0,2024-08-21,0.3793448609182915
1240,0.0,3793.448609182915,,0.0,2024-08-22,0.3793448609182915
1241,0.0,3793.448609182915,,0.0,2024-08-23,0.3793448609182915
1242,0.0,3793.448609182915,,0.0,2024-08-24,0.3793448609182915
1243,0.0,3793.448609182915,,0.0,2024-08-25,0.3793448609182915
1244,0.0,3793.448609182915,,0.0,2024-08-26,0.3793448609182915
1245,0.0,3793.448609182915,,0.0,2024-08-27,0.3793448609182915
1246,0.0,3793.448609182915,,0.0,2024-08-28,0.3793448609182915
1247,0.0,3793.448609182915,,0.0,2024-08-29,0.3793448609182915
1248,0.0,3793.448609182915,,0.0,2024-08-30,0.3793448609182915
1249,0.0,3793.448609182915,,0.0,2024-08-31,0.3793448609182915
1250,0.0,3793.448609182915,,0.0,2024-09-01,0.3793448609182915
1251,0.0,3793.448609182915,,0.0,2024-09-02,0.3793448609182915
1252,0.0,3793.448609182915,,0.0,2024-09-03,0.3793448609182915
1253,0.0,3793.448609182915,,0.0,2024-09-04,0.3793448609182915
1254,0.0,3793.448609182915,,0.0,2024-09-05,0.3793448609182915
1255,0.0,3793.448609182915,,0.0,2024-09-06,0.3793448609182915
1256,0.0,3793.448609182915,,0.0,2024-09-07,0.3793448609182915
1257,0.0,3793.448609182915,,0.0,2024-09-08,0.3793448609182915
1258,0.0,3793.448609182915,,0.0,2024-09-09,0.3793448609182915
1259,0.0,3793.448609182915,,0.0,2024-09-10,0.3793448609182915
1260,0.0,3793.448609182915,,0.0,2024-09-11,0.3793448609182915
1261,0.0,3793.448609182915,,0.0,2024-09-12,0.3793448609182915
1262,0.0,3793.448609182915,,0.0,2024-09-13,0.3793448609182915
1263,0.0,3793.448609182915,,0.0,2024-09-14,0.3793448609182915
1264,0.0,3793.448609182915,,0.0,2024-09-15,0.3793448609182915
1265,0.0,3793.448609182915,,0.0,2024-09-16,0.3793448609182915
1266,0.0,3793.448609182915,,0.0,2024-09-17,0.3793448609182915
1267,0.0,3793.448609182915,,0.0,2024-09-18,0.3793448609182915
1268,0.0,3793.448609182915,,0.0,2024-09-19,0.3793448609182915
1269,0.0,3793.448609182915,,0.0,2024-09-20,0.3793448609182915
1270,0.0,3793.448609182915,,0.0,2024-09-21,0.3793448609182915
1271,0.0,3793.448609182915,,0.0,2024-09-22,0.3793448609182915
1272,0.0,3793.448609182915,,0.0,2024-09-23,0.3793448609182915
1273,0.0,3793.448609182915,,0.0,2024-09-24,0.3793448609182915
1274,0.0,3793.448609182915,,0.0,2024-09-25,0.3793448609182915
1275,0.0,3793.448609182915,,0.0,2024-09-26,0.3793448609182915
1276,0.0,3793.448609182915,,0.0,2024-09-27,0.3793448609182915
1277,0.0,3793.448609182915,,0.0,2024-09-28,0.3793448609182915
1278,0.0,3793.448609182915,,0.0,2024-09-29,0.3793448609182915
1279,0.0,3793.448609182915,,0.0,2024-09-30,0.3793448609182915
1280,0.0,3793.448609182915,,0.0,2024-10-01,0.3793448609182915
1281,0.0,3793.448609182915,,0.0,2024-10-02,0.3793448609182915
1282,0.0,3793.448609182915,,0.0,2024-10-03,0.3793448609182915
1283,0.0,3793.448609182915,,0.0,2024-10-04,0.3793448609182915
1284,0.0,3793.448609182915,,0.0,2024-10-05,0.3793448609182915
1285,0.0,3793.448609182915,,0.0,2024-10-06,0.3793448609182915
1286,0.0,3793.448609182915,,0.0,2024-10-07,0.3793448609182915
1287,0.0,3793.448609182915,,0.0,2024-10-08,0.3793448609182915
1288,0.0,3793.448609182915,,0.0,2024-10-09,0.3793448609182915
1289,0.0,3793.448609182915,,0.0,2024-10-10,0.3793448609182915
1290,0.0,3793.448609182915,,0.0,2024-10-11,0.3793448609182915
1291,0.0,3793.448609182915,,0.0,2024-10-12,0.3793448609182915
1292,0.0,3793.448609182915,,0.0,2024-10-13,0.3793448609182915
1293,0.0,3793.448609182915,,0.0,2024-10-14,0.3793448609182915
1294,0.0,3793.448609182915,,0.0,2024-10-15,0.3793448609182915
1295,0.0,3793.448609182915,,0.0,2024-10-16,0.3793448609182915
1296,0.0,3793.448609182915,,0.0,2024-10-17,0.3793448609182915
1297,0.0,3793.448609182915,,0.0,2024-10-18,0.3793448609182915
1298,0.0,3793.448609182915,,0.0,2024-10-19,0.3793448609182915
1299,0.0,3793.448609182915,,0.0,2024-10-20,0.3793448609182915
1300,0.0,3793.448609182915,,0.0,2024-10-21,0.3793448609182915
1301,0.0,3793.448609182915,,0.0,2024-10-22,0.3793448609182915
1302,0.0,3793.448609182915,,0.0,2024-10-23,0.3793448609182915
1303,0.0,3793.448609182915,,0.0,2024-10-24,0.3793448609182915
1304,0.0,3793.448609182915,,0.0,2024-10-25,0.3793448609182915
1305,0.0,3793.448609182915,,0.0,2024-10-26,0.3793448609182915
1306,0.0,3793.448609182915,,0.0,2024-10-27,0.3793448609182915
1307,0.0,3793.448609182915,,0.0,2024-10-28,0.3793448609182915
1308,0.0,3793.448609182915,,0.0,2024-10-29,0.3793448609182915
1309,0.0,3793.448609182915,,0.0,2024-10-30,0.3793448609182915
1310,0.0,3793.448609182915,,0.0,2024-10-31,0.3793448609182915
1311,0.0,3793.448609182915,,0.0,2024-11-01,0.3793448609182915
1312,0.0,3793.448609182915,,0.0,2024-11-02,0.3793448609182915
1313,0.0,3793.448609182915,,0.0,2024-11-03,0.3793448609182915
1314,0.0,3793.448609182915,,0.0,2024-11-04,0.3793448609182915
1315,0.0,3793.448609182915,,0.0,2024-11-05,0.3793448609182915
1316,0.0,3793.448609182915,,0.0,2024-11-06,0.3793448609182915
1317,0.131693749852652,3793.448609182915,,10000.000000000002,2024-11-07,0.3793448609182915
1318,0.0,3859.2325779557486,,0.0,2024-11-08,0.38592325779557485
1319,0.13028613610844686,3859.2325779557486,,10000.0,2024-11-09,0.38592325779557485
1320,0.0,4319.859541791087,,0.0,2024-11-10,0.43198595417910873
1321,0.1126930231583366,4319.859541791087,,10000.000000000002,2024-11-11,0.43198595417910873
1322,0.0,4221.525863643585,,0.0,2024-11-12,0.4221525863643585
1323,0.11053928500307597,4221.525863643585,,10000.0,2024-11-13,0.4221525863643585
1324,0.11053928500307597,4221.525863643585,,10000.0,2024-11-14,0.4221525863643585
1325,0.0,4274.083173863399,,0.0,2024-11-15,0.4274083173863399
1326,0.0,4274.083173863399,,0.0,2024-11-16,0.4274083173863399
1327,0.0,4274.083173863399,,0.0,2024-11-17,0.4274083173863399
1328,0.0,4274.083173863399,,0.0,2024-11-18,0.4274083173863399
1329,0.10822147649272627,4274.083173863399,,10000.0,2024-11-19,0.4274083173863399
1330,0.0,4467.710079746803,,0.0,2024-11-20,0.4467710079746803
1331,0.10161007553933629,4467.710079746803,,10000.0,2024-11-21,0.4467710079746803
1332,0.0,4506.085246392611,,0.0,2024-11-22,0.4506085246392611
1333,0.10228078751018703,4506.085246392611,,10000.0,2024-11-23,0.4506085246392611
1334,0.0,4509.365141682943,,0.0,2024-11-24,0.45093651416829433
1335,0.0,4509.365141682943,,0.0,2024-11-25,0.45093651416829433
1336,0.0,4509.365141682943,,0.0,2024-11-26,0.45093651416829433
1337,0.0,4509.365141682943,,0.0,2024-11-27,0.45093651416829433
1338,0.0,4509.365141682943,,0.0,2024-11-28,0.45093651416829433
1339,0.0,4509.365141682943,,0.0,2024-11-29,0.45093651416829433
1340,0.0,4509.365141682943,,0.0,2024-11-30,0.45093651416829433
1341,0.0,4509.365141682943,,0.0,2024-12-01,0.45093651416829433
1342,0.0,4509.365141682943,,0.0,2024-12-02,0.45093651416829433
1343,0.0,4509.365141682943,,0.0,2024-12-03,0.45093651416829433
1344,0.0,4509.365141682943,,0.0,2024-12-04,0.45093651416829433
1345,0.10304755345867565,4509.365141682943,,10000.0,2024-12-05,0.45093651416829433
